{"type": "FeatureCollection", "features": [{"type": "Feature", "geometry": {"type": "Polygon", "coordinates": [[[6.246456, 46.226625], [6.246124, 46.226035], [6.24346, 46.226579], [6.243283, 46.226182], [6.238666, 46.227118], [6.238782, 46.22733], [6.235933, 46.227915], [6.236124, 46.229226], [6.235885, 46.229242], [6.235989, 46.229917], [6.236361, 46.232684], [6.236389, 46.232811], [6.236437, 46.232896], [6.237211, 46.234044], [6.237205, 46.234133], [6.237172, 46.234179], [6.237069, 46.234235], [6.231159, 46.236142], [6.231059, 46.236067], [6.231153, 46.235986], [6.231251, 46.235855], [6.231529, 46.235329], [6.229604, 46.234035], [6.229573, 46.233949], [6.228961, 46.233538], [6.228978, 46.233521], [6.227924, 46.232948], [6.227635, 46.232592], [6.227025, 46.232894], [6.226535, 46.233065], [6.226153, 46.232547], [6.225553, 46.232761], [6.224549, 46.231202], [6.224031, 46.231178], [6.223749, 46.230717], [6.223523, 46.230237], [6.222484, 46.230413], [6.222471, 46.230394], [6.221276, 46.230553], [6.221251, 46.230656], [6.221596, 46.23145], [6.221171, 46.231615], [6.219023, 46.231832], [6.218779, 46.231827], [6.218393, 46.231704], [6.217616, 46.231352], [6.217473, 46.231317], [6.216702, 46.231244], [6.216033, 46.231233], [6.215677, 46.231247], [6.215478, 46.231306], [6.214472, 46.231498], [6.214234, 46.231579], [6.214527, 46.231887], [6.21522, 46.232513], [6.215323, 46.232649], [6.215453, 46.232915], [6.215558, 46.233176], [6.215889, 46.234543], [6.216108, 46.235089], [6.216206, 46.235264], [6.216182, 46.235271], [6.216297, 46.235562], [6.214189, 46.236045], [6.214144, 46.236087], [6.213627, 46.236308], [6.213299, 46.236492], [6.213234, 46.23655], [6.213488, 46.236698], [6.213577, 46.236778], [6.214195, 46.237219], [6.214505, 46.237467], [6.214689, 46.238271], [6.214259, 46.240135], [6.214946, 46.240964], [6.214925, 46.241011], [6.21353, 46.241536], [6.213494, 46.241647], [6.218019, 46.24708], [6.217999, 46.24713], [6.218156, 46.247332], [6.218283, 46.247678], [6.218665, 46.248069], [6.218889, 46.24827], [6.219026, 46.248189], [6.221385, 46.250178], [6.221413, 46.250168], [6.221597, 46.250363], [6.221791, 46.250651], [6.221987, 46.250992], [6.221993, 46.251029], [6.22204, 46.251065], [6.222661, 46.250891], [6.223433, 46.250548], [6.223754, 46.25022], [6.223874, 46.250157], [6.225226, 46.249625], [6.225262, 46.249659], [6.225248, 46.249826], [6.225259, 46.249904], [6.225444, 46.250143], [6.225624, 46.250301], [6.225882, 46.250458], [6.225974, 46.250559], [6.226049, 46.250684], [6.226007, 46.250815], [6.225998, 46.250943], [6.226011, 46.25103], [6.226114, 46.251279], [6.226244, 46.251534], [6.226339, 46.251662], [6.226414, 46.251845], [6.22663, 46.2521], [6.226946, 46.252549], [6.227452, 46.252902], [6.228018, 46.253398], [6.228117, 46.253517], [6.228195, 46.25364], [6.228106, 46.253786], [6.228139, 46.253803], [6.228214, 46.253779], [6.228249, 46.253924], [6.228622, 46.254556], [6.228906, 46.254688], [6.229093, 46.254863], [6.229499, 46.25536], [6.229713, 46.255652], [6.230512, 46.256068], [6.23104, 46.256362], [6.233695, 46.255652], [6.234056, 46.256184], [6.234097, 46.25627], [6.234614, 46.25694], [6.241603, 46.257364], [6.241867, 46.257228], [6.242227, 46.257075], [6.242524, 46.257025], [6.242555, 46.257039], [6.243204, 46.256889], [6.245063, 46.25606], [6.245174, 46.256135], [6.253705, 46.25247], [6.253667, 46.252416], [6.253676, 46.252365], [6.253643, 46.252319], [6.252057, 46.251151], [6.252001, 46.251118], [6.251867, 46.251082], [6.251724, 46.25109], [6.2517, 46.250989], [6.251842, 46.250932], [6.250585, 46.25009], [6.249554, 46.248874], [6.249647, 46.248772], [6.250896, 46.248776], [6.251462, 46.248802], [6.251988, 46.248853], [6.252522, 46.248931], [6.254035, 46.249184], [6.254308, 46.249251], [6.254268, 46.249221], [6.254237, 46.249131], [6.254233, 46.24882], [6.254202, 46.248548], [6.254156, 46.248366], [6.253925, 46.248026], [6.253509, 46.247479], [6.25353, 46.247405], [6.253503, 46.247374], [6.254644, 46.246847], [6.255324, 46.246421], [6.255441, 46.246363], [6.255685, 46.246245], [6.25666, 46.245828], [6.256703, 46.245748], [6.255697, 46.243449], [6.255928, 46.243484], [6.256399, 46.243513], [6.256518, 46.243547], [6.256593, 46.243545], [6.256798, 46.243642], [6.25684, 46.243744], [6.256888, 46.243808], [6.25693, 46.243819], [6.25702, 46.24381], [6.257064, 46.243754], [6.257206, 46.243697], [6.257267, 46.243698], [6.257314, 46.243636], [6.257308, 46.243598], [6.257005, 46.243689], [6.257021, 46.243619], [6.257107, 46.243473], [6.256021, 46.24153], [6.256015, 46.241472], [6.255898, 46.241458], [6.254958, 46.241191], [6.254851, 46.241148], [6.254764, 46.241086], [6.254705, 46.241011], [6.25419, 46.240136], [6.253765, 46.239478], [6.253639, 46.239243], [6.253446, 46.23876], [6.253264, 46.238178], [6.253131, 46.238179], [6.253092, 46.238133], [6.253023, 46.23811], [6.252946, 46.238119], [6.252908, 46.238065], [6.25149, 46.238544], [6.250263, 46.238864], [6.248618, 46.239326], [6.246754, 46.236275], [6.246667, 46.236304], [6.245947, 46.236398], [6.245918, 46.236344], [6.245766, 46.236294], [6.244874, 46.236575], [6.244619, 46.236628], [6.24359, 46.236933], [6.242956, 46.237146], [6.242896, 46.237128], [6.241297, 46.233416], [6.24133, 46.233376], [6.241313, 46.233328], [6.243456, 46.233103], [6.243498, 46.233063], [6.242852, 46.230578], [6.242937, 46.230487], [6.244951, 46.230107], [6.245061, 46.230101], [6.24814, 46.229473], [6.247848, 46.228978], [6.247425, 46.228185], [6.246456, 46.226625]]]}, "properties": {"npa": 1252, "nom": "Meinier", "lat": 46.243001, "lon": 6.235095}}, {"type": "Feature", "geometry": {"type": "Polygon", "coordinates": [[[6.189825, 46.213954], [6.190801, 46.214344], [6.190924, 46.214407], [6.190945, 46.214436], [6.19082, 46.214629], [6.190684, 46.214794], [6.190771, 46.214806], [6.190625, 46.215529], [6.190546, 46.215627], [6.190026, 46.216091], [6.189634, 46.216347], [6.189419, 46.216565], [6.188263, 46.217276], [6.188095, 46.217414], [6.189168, 46.218106], [6.189466, 46.21836], [6.189615, 46.218555], [6.190085, 46.219258], [6.19018, 46.219362], [6.190001, 46.219408], [6.189246, 46.219813], [6.187713, 46.220688], [6.188291, 46.221199], [6.188784, 46.221743], [6.189294, 46.222196], [6.193423, 46.225728], [6.197185, 46.22892], [6.200402, 46.231676], [6.201744, 46.232846], [6.202283, 46.232436], [6.202828, 46.231946], [6.203532, 46.231355], [6.203904, 46.231168], [6.20407, 46.231276], [6.204424, 46.231464], [6.20468, 46.231546], [6.204705, 46.231535], [6.205057, 46.2311], [6.20535, 46.230703], [6.205685, 46.230069], [6.205675, 46.230054], [6.205782, 46.22989], [6.206362, 46.229274], [6.206394, 46.22919], [6.208023, 46.228159], [6.208659, 46.227775], [6.208918, 46.227666], [6.209072, 46.227658], [6.209236, 46.227607], [6.209784, 46.227245], [6.209896, 46.227093], [6.210359, 46.226833], [6.210808, 46.226639], [6.211142, 46.226516], [6.211555, 46.226296], [6.212179, 46.226058], [6.212617, 46.225927], [6.213369, 46.225931], [6.213539, 46.226162], [6.213592, 46.226202], [6.213672, 46.226222], [6.213847, 46.226214], [6.214812, 46.226058], [6.21566, 46.226047], [6.215967, 46.226019], [6.216138, 46.225976], [6.216992, 46.225701], [6.217224, 46.225587], [6.217394, 46.225495], [6.218243, 46.224894], [6.218286, 46.22484], [6.218301, 46.224785], [6.217678, 46.223614], [6.217119, 46.222635], [6.216829, 46.222179], [6.216674, 46.221802], [6.217609, 46.220347], [6.217672, 46.220343], [6.21779, 46.220287], [6.218275, 46.219825], [6.218661, 46.219429], [6.21908, 46.218957], [6.219337, 46.21874], [6.219588, 46.218587], [6.219965, 46.218321], [6.219987, 46.218232], [6.219958, 46.218143], [6.219958, 46.217943], [6.219872, 46.217729], [6.219857, 46.217644], [6.219585, 46.216841], [6.219543, 46.216674], [6.21952, 46.216503], [6.219519, 46.216335], [6.219586, 46.215811], [6.219586, 46.215625], [6.219559, 46.215441], [6.219448, 46.215086], [6.219218, 46.214635], [6.219098, 46.214442], [6.218906, 46.214194], [6.218687, 46.213957], [6.21851, 46.213802], [6.217953, 46.213354], [6.217934, 46.213366], [6.217282, 46.212826], [6.217057, 46.212657], [6.216908, 46.212586], [6.216848, 46.212568], [6.216789, 46.212574], [6.216843, 46.212463], [6.216646, 46.212397], [6.216952, 46.210451], [6.215484, 46.209961], [6.215281, 46.209947], [6.21512, 46.20996], [6.214973, 46.21], [6.214846, 46.210054], [6.214733, 46.21013], [6.214653, 46.210219], [6.214608, 46.210286], [6.214421, 46.210726], [6.214314, 46.210862], [6.214179, 46.210985], [6.214016, 46.211091], [6.212824, 46.211669], [6.212737, 46.211683], [6.212478, 46.211795], [6.212344, 46.211834], [6.212158, 46.211855], [6.211998, 46.211844], [6.211866, 46.211814], [6.211737, 46.211763], [6.211245, 46.211456], [6.210786, 46.211228], [6.210536, 46.211175], [6.209648, 46.210868], [6.208015, 46.210617], [6.207387, 46.210572], [6.206884, 46.210515], [6.206125, 46.210354], [6.205527, 46.210197], [6.205269, 46.210083], [6.204999, 46.21001], [6.204297, 46.209757], [6.204221, 46.209712], [6.204158, 46.209546], [6.203826, 46.209276], [6.203379, 46.209035], [6.203112, 46.209018], [6.20274, 46.208892], [6.202538, 46.208805], [6.202362, 46.20865], [6.202012, 46.208417], [6.201834, 46.208218], [6.201808, 46.208168], [6.20181, 46.207954], [6.201675, 46.207732], [6.201528, 46.207649], [6.201299, 46.207555], [6.201223, 46.207455], [6.201159, 46.207176], [6.200625, 46.207171], [6.199169, 46.208303], [6.199104, 46.208321], [6.199057, 46.208306], [6.198549, 46.207924], [6.198324, 46.207773], [6.198078, 46.207634], [6.197434, 46.207452], [6.197412, 46.207489], [6.196339, 46.207192], [6.195369, 46.206993], [6.195027, 46.207667], [6.193948, 46.209085], [6.190811, 46.21302], [6.189895, 46.213871], [6.189825, 46.213954]]]}, "properties": {"npa": 1253, "nom": "Vandoeuvres", "lat": 46.218986, "lon": 6.203664}}, {"type": "Feature", "geometry": {"type": "Polygon", "coordinates": [[[6.138306, 46.228119], [6.137918, 46.228191], [6.137511, 46.228424], [6.13744, 46.228493], [6.137304, 46.228688], [6.137183, 46.228917], [6.136952, 46.229229], [6.136854, 46.229472], [6.136838, 46.229468], [6.136731, 46.229682], [6.136659, 46.229936], [6.136604, 46.230069], [6.13653, 46.230165], [6.136339, 46.230357], [6.135923, 46.230627], [6.135953, 46.230657], [6.138166, 46.231296], [6.137027, 46.231984], [6.136964, 46.231991], [6.13613, 46.232762], [6.137361, 46.233404], [6.136307, 46.234193], [6.135986, 46.234248], [6.134913, 46.233953], [6.134405, 46.233908], [6.132955, 46.23278], [6.132281, 46.233307], [6.131869, 46.233055], [6.132238, 46.232774], [6.131997, 46.232603], [6.132336, 46.232319], [6.132062, 46.232115], [6.131768, 46.232332], [6.13075, 46.233178], [6.130274, 46.23354], [6.12978, 46.233868], [6.130432, 46.234146], [6.130875, 46.234411], [6.132051, 46.235164], [6.132416, 46.235373], [6.133291, 46.235713], [6.133719, 46.235899], [6.135569, 46.236726], [6.136027, 46.236957], [6.135705, 46.237129], [6.135503, 46.237274], [6.134015, 46.238448], [6.133618, 46.2388], [6.133391, 46.239029], [6.133306, 46.239199], [6.133211, 46.239306], [6.133108, 46.239384], [6.132405, 46.239819], [6.13226, 46.239944], [6.132147, 46.240085], [6.131844, 46.240663], [6.131025, 46.24167], [6.130884, 46.241911], [6.130017, 46.243156], [6.129616, 46.243691], [6.129587, 46.243686], [6.129429, 46.243927], [6.129324, 46.244284], [6.129265, 46.244367], [6.12851, 46.244994], [6.128473, 46.245094], [6.128518, 46.24523], [6.128763, 46.245472], [6.129378, 46.245929], [6.130327, 46.246552], [6.131659, 46.247261], [6.132443, 46.247586], [6.135145, 46.24861], [6.135202, 46.248573], [6.135713, 46.248814], [6.136171, 46.248975], [6.13677, 46.249104], [6.137059, 46.249185], [6.137052, 46.249209], [6.13708, 46.24922], [6.137106, 46.249201], [6.137639, 46.249357], [6.138034, 46.249513], [6.138411, 46.249687], [6.138916, 46.249945], [6.13917, 46.250116], [6.139445, 46.250245], [6.140454, 46.250666], [6.141042, 46.250843], [6.141798, 46.250964], [6.141939, 46.25096], [6.142106, 46.250894], [6.142862, 46.250302], [6.143128, 46.250063], [6.143528, 46.249782], [6.143928, 46.249512], [6.144784, 46.248995], [6.145796, 46.248473], [6.146344, 46.248219], [6.1469, 46.247986], [6.14717, 46.247984], [6.147664, 46.247775], [6.14768, 46.247759], [6.14766, 46.247722], [6.148198, 46.247324], [6.149238, 46.246899], [6.149696, 46.246646], [6.150137, 46.246375], [6.150422, 46.246301], [6.151753, 46.246373], [6.151951, 46.246375], [6.152065, 46.24636], [6.152339, 46.246284], [6.153599, 46.245634], [6.173441, 46.241952], [6.166701, 46.224467], [6.149472, 46.227664], [6.148941, 46.227792], [6.148206, 46.226053], [6.146995, 46.226353], [6.146697, 46.226731], [6.146293, 46.227101], [6.146152, 46.226945], [6.145576, 46.227293], [6.145756, 46.227823], [6.145842, 46.228259], [6.145883, 46.228727], [6.145631, 46.228925], [6.144075, 46.229894], [6.143698, 46.230099], [6.143634, 46.230166], [6.143464, 46.230515], [6.143428, 46.230636], [6.142961, 46.229575], [6.142864, 46.2293], [6.140227, 46.229963], [6.139347, 46.230158], [6.138533, 46.230292], [6.138766, 46.229818], [6.138821, 46.22961], [6.138858, 46.229317], [6.138862, 46.229017], [6.138837, 46.228839], [6.13947, 46.228662], [6.139237, 46.228034], [6.138376, 46.228126], [6.138306, 46.228119]]]}, "properties": {"npa": 1292, "nom": "Chambésy", "lat": 46.237473, "lon": 6.151072}}, {"type": "Feature", "geometry": {"type": "Polygon", "coordinates": [[[6.306982, 46.256568], [6.307166, 46.25649], [6.307276, 46.256513], [6.307365, 46.256505], [6.307406, 46.256549], [6.307477, 46.256474], [6.307541, 46.256463], [6.307627, 46.256501], [6.307703, 46.256471], [6.307757, 46.2565], [6.308006, 46.256435], [6.308159, 46.256474], [6.308188, 46.256446], [6.308213, 46.25645], [6.308418, 46.256553], [6.308472, 46.256514], [6.308593, 46.256529], [6.308612, 46.256482], [6.308645, 46.256472], [6.308776, 46.25649], [6.308882, 46.256439], [6.308994, 46.256414], [6.308973, 46.256361], [6.309025, 46.256354], [6.30913, 46.256392], [6.309288, 46.256383], [6.309307, 46.256344], [6.309404, 46.256359], [6.30942, 46.256318], [6.309513, 46.256304], [6.309592, 46.256256], [6.309682, 46.256269], [6.309755, 46.256225], [6.309416, 46.255937], [6.30889, 46.255706], [6.308719, 46.255612], [6.30862, 46.255511], [6.308515, 46.255237], [6.308543, 46.255165], [6.308173, 46.254886], [6.307848, 46.25455], [6.307805, 46.254404], [6.307864, 46.253866], [6.307832, 46.253701], [6.307727, 46.253464], [6.3074, 46.253212], [6.307206, 46.253036], [6.306952, 46.252751], [6.306704, 46.252329], [6.306038, 46.251679], [6.305696, 46.251369], [6.305944, 46.251242], [6.306085, 46.251192], [6.306205, 46.25118], [6.307068, 46.250952], [6.307126, 46.250969], [6.307273, 46.250894], [6.307988, 46.250745], [6.308016, 46.250714], [6.308133, 46.250679], [6.308202, 46.250615], [6.308354, 46.250535], [6.308479, 46.250415], [6.308693, 46.250361], [6.308763, 46.250326], [6.308863, 46.250311], [6.309309, 46.250157], [6.309374, 46.250128], [6.309423, 46.250077], [6.309452, 46.249989], [6.309436, 46.249903], [6.309253, 46.249361], [6.309084, 46.24847], [6.30878, 46.247793], [6.308691, 46.247487], [6.308758, 46.247482], [6.308757, 46.247338], [6.308854, 46.246975], [6.308967, 46.246889], [6.309137, 46.246622], [6.309252, 46.246232], [6.309312, 46.245773], [6.309871, 46.245398], [6.31, 46.245263], [6.310051, 46.245107], [6.31007, 46.244708], [6.310105, 46.244496], [6.310159, 46.244292], [6.310283, 46.243975], [6.31, 46.243593], [6.309518, 46.242835], [6.309418, 46.242708], [6.309119, 46.242415], [6.308899, 46.242149], [6.308396, 46.241482], [6.307026, 46.239753], [6.306972, 46.239631], [6.306658, 46.2393], [6.306572, 46.239093], [6.305384, 46.23766], [6.304923, 46.237174], [6.303525, 46.235938], [6.302732, 46.235184], [6.302173, 46.234491], [6.300481, 46.232028], [6.298566, 46.229444], [6.296296, 46.226802], [6.295728, 46.226037], [6.29468, 46.225154], [6.293543, 46.224627], [6.292457, 46.224247], [6.291328, 46.223787], [6.291325, 46.223822], [6.2908, 46.224357], [6.290451, 46.224638], [6.290284, 46.224749], [6.289375, 46.225286], [6.288778, 46.225406], [6.288403, 46.225398], [6.288137, 46.225346], [6.287377, 46.225163], [6.287031, 46.225098], [6.28683, 46.225011], [6.286748, 46.225002], [6.286571, 46.225061], [6.286022, 46.2252], [6.285875, 46.225215], [6.285618, 46.224786], [6.285424, 46.224842], [6.285193, 46.224831], [6.283805, 46.224904], [6.283578, 46.224905], [6.28228, 46.225169], [6.280977, 46.225474], [6.280369, 46.225585], [6.279406, 46.225884], [6.279063, 46.225353], [6.278946, 46.225232], [6.278819, 46.225134], [6.278568, 46.224837], [6.278104, 46.224471], [6.277881, 46.224364], [6.277755, 46.224442], [6.277497, 46.224653], [6.277316, 46.224746], [6.277108, 46.224886], [6.276631, 46.225273], [6.276357, 46.225543], [6.276147, 46.225351], [6.275703, 46.225121], [6.275035, 46.225], [6.274861, 46.224983], [6.273869, 46.225146], [6.273683, 46.225208], [6.273508, 46.225173], [6.273235, 46.225046], [6.272723, 46.224894], [6.27212, 46.224571], [6.271938, 46.224497], [6.271907, 46.224449], [6.271814, 46.224379], [6.271624, 46.224299], [6.271176, 46.224322], [6.270716, 46.22408], [6.270408, 46.223943], [6.269599, 46.223537], [6.268901, 46.223168], [6.267031, 46.22373], [6.266511, 46.223849], [6.265357, 46.223854], [6.264772, 46.224063], [6.264667, 46.223973], [6.264629, 46.223953], [6.264578, 46.223956], [6.264279, 46.224018], [6.264109, 46.224096], [6.263936, 46.224112], [6.263856, 46.224093], [6.263828, 46.224051], [6.263546, 46.223993], [6.263328, 46.223889], [6.263298, 46.223859], [6.26319, 46.223851], [6.263072, 46.223816], [6.262702, 46.223783], [6.262509, 46.223805], [6.262312, 46.223866], [6.262175, 46.223872], [6.261868, 46.223675], [6.261663, 46.223641], [6.261439, 46.223554], [6.261011, 46.223458], [6.26083, 46.223466], [6.260765, 46.223486], [6.260732, 46.223538], [6.260662, 46.223588], [6.260468, 46.223583], [6.260255, 46.223631], [6.260131, 46.223614], [6.259947, 46.223625], [6.259722, 46.223546], [6.259295, 46.223568], [6.25917, 46.223529], [6.259055, 46.223539], [6.258941, 46.223522], [6.258646, 46.223437], [6.258579, 46.223345], [6.257938, 46.223006], [6.257533, 46.222937], [6.257311, 46.223029], [6.257206, 46.223056], [6.256817, 46.223041], [6.256746, 46.223061], [6.256689, 46.223153], [6.256703, 46.22321], [6.25667, 46.223242], [6.256314, 46.223248], [6.256218, 46.223262], [6.25601, 46.223326], [6.255724, 46.223332], [6.255628, 46.223312], [6.255546, 46.223271], [6.255423, 46.223177], [6.255163, 46.223059], [6.255086, 46.222996], [6.255078, 46.222934], [6.255004, 46.222854], [6.254943, 46.222811], [6.254844, 46.222773], [6.254818, 46.2227], [6.254695, 46.222632], [6.254579, 46.222616], [6.254481, 46.222626], [6.254219, 46.222577], [6.254113, 46.222491], [6.253923, 46.222401], [6.253664, 46.222248], [6.253484, 46.222192], [6.2531, 46.222024], [6.253004, 46.221958], [6.252858, 46.221927], [6.252752, 46.221827], [6.252641, 46.221827], [6.252573, 46.221775], [6.252548, 46.221722], [6.252381, 46.221608], [6.252168, 46.221431], [6.252143, 46.22143], [6.251974, 46.221246], [6.251386, 46.222146], [6.251374, 46.222142], [6.251155, 46.222451], [6.250763, 46.223029], [6.250021, 46.224175], [6.249929, 46.224292], [6.248988, 46.225702], [6.248867, 46.225854], [6.248722, 46.225994], [6.248555, 46.226124], [6.248178, 46.226347], [6.246988, 46.226837], [6.246821, 46.226856], [6.246736, 46.226843], [6.246649, 46.226809], [6.246591, 46.226771], [6.246456, 46.226625], [6.247425, 46.228185], [6.247848, 46.228978], [6.24814, 46.229473], [6.245061, 46.230101], [6.244951, 46.230107], [6.242937, 46.230487], [6.242852, 46.230578], [6.243498, 46.233063], [6.243456, 46.233103], [6.241313, 46.233328], [6.24133, 46.233376], [6.241297, 46.233416], [6.242896, 46.237128], [6.242956, 46.237146], [6.24359, 46.236933], [6.244619, 46.236628], [6.244874, 46.236575], [6.245766, 46.236294], [6.245918, 46.236344], [6.245947, 46.236398], [6.246667, 46.236304], [6.246754, 46.236275], [6.248618, 46.239326], [6.250263, 46.238864], [6.25149, 46.238544], [6.252908, 46.238065], [6.252946, 46.238119], [6.253023, 46.23811], [6.253092, 46.238133], [6.253131, 46.238179], [6.253264, 46.238178], [6.253446, 46.23876], [6.253639, 46.239243], [6.253765, 46.239478], [6.25419, 46.240136], [6.254705, 46.241011], [6.254764, 46.241086], [6.254851, 46.241148], [6.254958, 46.241191], [6.255898, 46.241458], [6.256015, 46.241472], [6.256021, 46.24153], [6.257107, 46.243473], [6.257021, 46.243619], [6.257005, 46.243689], [6.257308, 46.243598], [6.2573, 46.243553], [6.257231, 46.243427], [6.257235, 46.243393], [6.257264, 46.243365], [6.257471, 46.243297], [6.257669, 46.243195], [6.258017, 46.242958], [6.258373, 46.242805], [6.259316, 46.242635], [6.259452, 46.242635], [6.259688, 46.242593], [6.259871, 46.24259], [6.260033, 46.242545], [6.260172, 46.242552], [6.260298, 46.242624], [6.260475, 46.242598], [6.260535, 46.242538], [6.260669, 46.24248], [6.26079, 46.242484], [6.260842, 46.242529], [6.260979, 46.242567], [6.261128, 46.24255], [6.261191, 46.242524], [6.26131, 46.242519], [6.261454, 46.242595], [6.261702, 46.242866], [6.261879, 46.242923], [6.262095, 46.242946], [6.262152, 46.242969], [6.262538, 46.242957], [6.262598, 46.242937], [6.262644, 46.242968], [6.262754, 46.242971], [6.262836, 46.242944], [6.262882, 46.242957], [6.26297, 46.242942], [6.263028, 46.242973], [6.263113, 46.242974], [6.26323, 46.243089], [6.263234, 46.243213], [6.263185, 46.243626], [6.2631, 46.243759], [6.262842, 46.243939], [6.26278, 46.244047], [6.262777, 46.244136], [6.263313, 46.245598], [6.263389, 46.245684], [6.263622, 46.245869], [6.263938, 46.245888], [6.264055, 46.245915], [6.265043, 46.245908], [6.267922, 46.244467], [6.269242, 46.245298], [6.269922, 46.244813], [6.268685, 46.244023], [6.268819, 46.24393], [6.269655, 46.243082], [6.270185, 46.243508], [6.270985, 46.242743], [6.271399, 46.242894], [6.27178, 46.243004], [6.273187, 46.243249], [6.275298, 46.243925], [6.276095, 46.244137], [6.276696, 46.244239], [6.278219, 46.244563], [6.275251, 46.246987], [6.275474, 46.247095], [6.274466, 46.247849], [6.275809, 46.248575], [6.276695, 46.247716], [6.276639, 46.247679], [6.28009, 46.244879], [6.280468, 46.244946], [6.280662, 46.245004], [6.280855, 46.245084], [6.281903, 46.245706], [6.283632, 46.246619], [6.284749, 46.247308], [6.284996, 46.247503], [6.285221, 46.247704], [6.285344, 46.247845], [6.286633, 46.249975], [6.286813, 46.250226], [6.287313, 46.250689], [6.28741, 46.250723], [6.287831, 46.250681], [6.287896, 46.250706], [6.288362, 46.251343], [6.288577, 46.251607], [6.289686, 46.252715], [6.29015, 46.253321], [6.291245, 46.254299], [6.291679, 46.254885], [6.291746, 46.254946], [6.292133, 46.255275], [6.292419, 46.25546], [6.292619, 46.255562], [6.292809, 46.255634], [6.293032, 46.255659], [6.293261, 46.255647], [6.293483, 46.255588], [6.293942, 46.255388], [6.294328, 46.25525], [6.294513, 46.255212], [6.294731, 46.255195], [6.294952, 46.255227], [6.295175, 46.25529], [6.295277, 46.255335], [6.295364, 46.255408], [6.295558, 46.255653], [6.295721, 46.255776], [6.29599, 46.255903], [6.296058, 46.255893], [6.296093, 46.255853], [6.296163, 46.25582], [6.296163, 46.255741], [6.296221, 46.255699], [6.296274, 46.255726], [6.296385, 46.255586], [6.296413, 46.255585], [6.296452, 46.255639], [6.296552, 46.255604], [6.296554, 46.255554], [6.296595, 46.255544], [6.296651, 46.255617], [6.296855, 46.2556], [6.296842, 46.255511], [6.296876, 46.255508], [6.297031, 46.255576], [6.297132, 46.25554], [6.297123, 46.255455], [6.297402, 46.255539], [6.297493, 46.25547], [6.297522, 46.255475], [6.297542, 46.255535], [6.297571, 46.255541], [6.29766, 46.255479], [6.297673, 46.255432], [6.297776, 46.25543], [6.297842, 46.255384], [6.297874, 46.255391], [6.297859, 46.25545], [6.29788, 46.255489], [6.297905, 46.255499], [6.298146, 46.255401], [6.298157, 46.255347], [6.298279, 46.255312], [6.298252, 46.255224], [6.298278, 46.255215], [6.298391, 46.255274], [6.298438, 46.25524], [6.298516, 46.255242], [6.298517, 46.255291], [6.298582, 46.255324], [6.298643, 46.255279], [6.298778, 46.255377], [6.298836, 46.255318], [6.298831, 46.255267], [6.298893, 46.255237], [6.2991, 46.255385], [6.299157, 46.255361], [6.299277, 46.2554], [6.299295, 46.255433], [6.299382, 46.25544], [6.299484, 46.255406], [6.299512, 46.25535], [6.299698, 46.255325], [6.299765, 46.25529], [6.299822, 46.255334], [6.29992, 46.255309], [6.300003, 46.255354], [6.300086, 46.25529], [6.300115, 46.255344], [6.300217, 46.255346], [6.300426, 46.255428], [6.300484, 46.255333], [6.300582, 46.255368], [6.300612, 46.255298], [6.300736, 46.255252], [6.300723, 46.255217], [6.300781, 46.255172], [6.300978, 46.25512], [6.300957, 46.25508], [6.301072, 46.25506], [6.301454, 46.254914], [6.301502, 46.254963], [6.301732, 46.254788], [6.301895, 46.254754], [6.302067, 46.254778], [6.30207, 46.254724], [6.302305, 46.254775], [6.302294, 46.254865], [6.302375, 46.254895], [6.302516, 46.254879], [6.302566, 46.254901], [6.302691, 46.254872], [6.302878, 46.254905], [6.303028, 46.255009], [6.303154, 46.254993], [6.303291, 46.25501], [6.303348, 46.255097], [6.303645, 46.255307], [6.303819, 46.255348], [6.303843, 46.255378], [6.303816, 46.255423], [6.303863, 46.255474], [6.303908, 46.255478], [6.303965, 46.255406], [6.304003, 46.255492], [6.304102, 46.255558], [6.304125, 46.255636], [6.304348, 46.255654], [6.304448, 46.255693], [6.304564, 46.255875], [6.304567, 46.2559], [6.304599, 46.255932], [6.304774, 46.255933], [6.304826, 46.255897], [6.304918, 46.255919], [6.305063, 46.255853], [6.305234, 46.255857], [6.305417, 46.255906], [6.305575, 46.255901], [6.305766, 46.256031], [6.305854, 46.256133], [6.306106, 46.256226], [6.306277, 46.256389], [6.306345, 46.256384], [6.306472, 46.256477], [6.306982, 46.256568]]]}, "properties": {"npa": 1254, "nom": "Jussy", "lat": 46.237182, "lon": 6.279096}}, {"type": "Feature", "geometry": {"type": "Polygon", "coordinates": [[[6.00901, 46.185605], [6.009049, 46.185561], [6.009854, 46.184925], [6.010281, 46.18373], [6.009945, 46.182542], [6.009272, 46.181848], [6.008664, 46.180519], [6.009194, 46.179517], [6.00971, 46.177894], [6.00975, 46.177271], [6.009749, 46.176836], [6.009436, 46.176768], [6.006722, 46.175773], [6.006098, 46.175582], [6.005154, 46.175397], [6.004855, 46.175364], [6.004251, 46.175346], [6.00365, 46.175395], [6.001905, 46.175651], [5.999689, 46.176089], [5.998557, 46.176371], [5.998218, 46.176441], [5.994071, 46.177054], [5.993475, 46.177106], [5.992876, 46.177087], [5.99229, 46.176998], [5.991733, 46.176842], [5.99142, 46.177162], [5.991474, 46.177188], [5.991425, 46.17724], [5.991236, 46.177323], [5.991125, 46.177305], [5.990899, 46.177315], [5.99077, 46.177348], [5.990425, 46.177539], [5.990405, 46.177561], [5.990408, 46.177594], [5.990582, 46.177711], [5.990734, 46.17786], [5.990922, 46.177958], [5.990975, 46.178014], [5.99103, 46.17816], [5.991159, 46.178333], [5.991215, 46.178507], [5.991257, 46.178544], [5.991327, 46.178655], [5.991318, 46.178755], [5.991251, 46.178891], [5.991265, 46.178939], [5.991323, 46.178955], [5.991433, 46.178931], [5.991474, 46.178939], [5.991515, 46.179029], [5.991545, 46.179056], [5.991646, 46.179091], [5.99171, 46.17909], [5.991857, 46.179046], [5.991928, 46.179084], [5.991962, 46.1792], [5.991993, 46.179214], [5.992044, 46.179217], [5.992132, 46.179191], [5.992151, 46.179172], [5.992143, 46.179085], [5.992185, 46.179054], [5.992218, 46.179043], [5.992268, 46.179063], [5.992365, 46.179228], [5.992576, 46.179357], [5.992665, 46.179454], [5.992746, 46.179493], [5.99281, 46.179614], [5.992881, 46.179646], [5.992941, 46.179745], [5.993076, 46.179825], [5.993134, 46.179901], [5.993175, 46.180015], [5.9933, 46.180148], [5.993361, 46.18016], [5.993396, 46.180198], [5.993399, 46.180249], [5.993428, 46.180296], [5.99352, 46.18038], [5.993543, 46.180454], [5.993568, 46.180481], [5.993633, 46.18051], [5.993645, 46.180543], [5.99368, 46.180562], [5.993794, 46.180587], [5.993864, 46.180581], [5.993924, 46.180656], [5.993944, 46.180739], [5.993988, 46.180764], [5.994009, 46.180834], [5.994076, 46.180881], [5.994153, 46.180884], [5.994211, 46.18095], [5.994267, 46.181056], [5.994453, 46.181171], [5.994455, 46.181199], [5.994495, 46.181243], [5.994626, 46.181317], [5.994626, 46.181339], [5.9947, 46.181423], [5.994722, 46.181525], [5.994707, 46.181604], [5.994721, 46.181639], [5.994835, 46.181775], [5.994905, 46.181807], [5.994912, 46.181839], [5.994865, 46.181887], [5.99486, 46.181928], [5.994896, 46.182032], [5.994895, 46.182077], [5.994856, 46.182131], [5.994878, 46.182151], [5.994881, 46.182199], [5.994859, 46.182297], [5.994897, 46.182379], [5.994872, 46.182524], [5.994889, 46.182606], [5.994924, 46.182646], [5.994906, 46.182679], [5.994927, 46.182704], [5.994942, 46.182769], [5.994996, 46.182834], [5.994992, 46.182879], [5.994913, 46.182955], [5.994952, 46.183012], [5.994914, 46.183058], [5.99472, 46.183122], [5.994707, 46.183153], [5.994632, 46.183214], [5.994594, 46.183282], [5.994468, 46.183359], [5.994459, 46.183383], [5.994176, 46.183548], [5.994036, 46.183603], [5.993914, 46.183676], [5.993867, 46.183678], [5.993859, 46.183717], [5.993748, 46.18378], [5.993742, 46.183824], [5.993679, 46.183854], [5.993604, 46.183928], [5.993488, 46.183977], [5.993382, 46.184043], [5.993297, 46.184203], [5.993302, 46.184296], [5.993281, 46.184322], [5.993239, 46.184506], [5.993119, 46.18466], [5.992981, 46.184804], [5.99287, 46.18498], [5.99285, 46.185057], [5.992744, 46.185164], [5.992753, 46.185292], [5.992697, 46.185408], [5.992641, 46.185471], [5.99247, 46.185574], [5.992223, 46.186547], [5.991436, 46.187084], [5.990298, 46.187804], [5.989616, 46.187839], [5.98946, 46.187802], [5.989315, 46.18772], [5.989178, 46.187696], [5.989062, 46.187652], [5.988999, 46.187682], [5.988803, 46.187665], [5.988653, 46.187705], [5.988639, 46.187696], [5.988618, 46.187727], [5.988503, 46.187733], [5.988458, 46.187774], [5.987923, 46.187944], [5.984927, 46.188666], [5.984717, 46.188672], [5.984596, 46.188694], [5.984459, 46.188755], [5.984282, 46.188781], [5.984204, 46.188817], [5.984063, 46.188848], [5.983813, 46.188871], [5.983673, 46.188933], [5.983633, 46.188995], [5.983587, 46.189016], [5.983281, 46.189273], [5.98196, 46.190024], [5.982817, 46.190771], [5.975912, 46.192883], [5.971869, 46.194181], [5.963728, 46.197006], [5.963738, 46.19704], [5.963833, 46.197087], [5.963755, 46.197157], [5.963758, 46.197205], [5.963874, 46.197299], [5.963959, 46.197333], [5.96396, 46.197363], [5.963865, 46.197394], [5.963853, 46.197427], [5.963907, 46.197453], [5.96394, 46.197489], [5.96403, 46.197526], [5.964074, 46.197566], [5.964103, 46.197638], [5.964059, 46.197679], [5.964067, 46.19772], [5.964163, 46.1977], [5.964179, 46.197674], [5.964226, 46.197685], [5.96426, 46.197744], [5.964259, 46.197816], [5.964458, 46.197961], [5.964457, 46.198046], [5.964479, 46.198133], [5.964511, 46.198186], [5.964648, 46.198236], [5.964651, 46.198282], [5.96459, 46.198344], [5.964595, 46.198389], [5.964656, 46.198412], [5.964661, 46.198474], [5.96464, 46.198523], [5.964667, 46.198602], [5.964657, 46.198791], [5.964679, 46.198823], [5.964864, 46.198969], [5.964939, 46.198993], [5.965097, 46.199006], [5.965157, 46.198995], [5.965239, 46.199032], [5.965408, 46.199295], [5.965545, 46.199462], [5.965635, 46.199532], [5.966048, 46.199687], [5.966091, 46.199693], [5.966244, 46.199627], [5.966276, 46.199629], [5.966484, 46.199779], [5.966634, 46.19984], [5.966677, 46.199877], [5.966703, 46.199941], [5.966781, 46.200003], [5.966873, 46.199993], [5.967027, 46.199878], [5.967143, 46.199887], [5.967267, 46.199943], [5.967333, 46.200038], [5.96741, 46.2001], [5.967491, 46.200131], [5.967555, 46.200179], [5.967529, 46.200254], [5.967593, 46.200282], [5.96775, 46.200235], [5.967763, 46.200205], [5.967747, 46.200134], [5.967822, 46.200093], [5.967947, 46.200149], [5.968018, 46.200237], [5.968122, 46.200246], [5.968132, 46.200023], [5.968212, 46.200018], [5.968348, 46.200141], [5.968622, 46.200267], [5.968696, 46.200367], [5.968732, 46.20054], [5.968726, 46.200607], [5.96875, 46.200632], [5.968785, 46.200637], [5.969007, 46.200556], [5.969048, 46.200522], [5.969104, 46.200514], [5.969159, 46.200533], [5.969194, 46.200583], [5.969184, 46.20076], [5.969257, 46.200906], [5.969283, 46.200998], [5.969275, 46.201072], [5.969235, 46.201192], [5.969246, 46.201219], [5.969347, 46.201226], [5.969533, 46.201156], [5.969575, 46.201101], [5.969681, 46.20107], [5.96971, 46.201035], [5.969765, 46.201041], [5.969834, 46.201156], [5.970029, 46.201221], [5.970125, 46.201283], [5.970321, 46.20145], [5.970395, 46.201476], [5.970467, 46.20147], [5.970482, 46.201512], [5.970455, 46.201625], [5.970478, 46.201689], [5.970518, 46.201726], [5.97059, 46.201708], [5.970615, 46.201674], [5.970819, 46.201591], [5.970888, 46.201541], [5.970961, 46.20154], [5.971017, 46.201565], [5.971039, 46.201617], [5.971077, 46.201644], [5.97112, 46.20165], [5.971182, 46.201641], [5.971355, 46.20157], [5.971427, 46.201591], [5.971528, 46.20159], [5.971708, 46.201702], [5.97197, 46.201966], [5.97204, 46.202086], [5.97215, 46.202182], [5.972307, 46.202161], [5.97232, 46.20213], [5.972365, 46.202117], [5.972622, 46.202159], [5.972738, 46.202195], [5.972728, 46.202241], [5.972683, 46.20227], [5.972604, 46.202265], [5.972571, 46.202285], [5.972554, 46.202354], [5.972532, 46.20238], [5.972542, 46.202402], [5.972651, 46.202423], [5.972806, 46.202413], [5.973003, 46.202439], [5.973264, 46.202492], [5.973393, 46.202534], [5.97343, 46.202575], [5.973444, 46.202628], [5.973397, 46.20271], [5.973518, 46.202778], [5.973444, 46.202816], [5.973278, 46.202861], [5.973253, 46.202931], [5.973207, 46.202973], [5.973103, 46.203022], [5.973053, 46.203088], [5.973036, 46.203172], [5.972993, 46.203232], [5.972919, 46.203255], [5.972831, 46.203328], [5.972782, 46.20334], [5.972781, 46.203372], [5.972882, 46.203463], [5.972835, 46.203521], [5.972832, 46.2036], [5.972809, 46.203617], [5.972663, 46.203657], [5.972497, 46.203741], [5.972378, 46.203766], [5.972177, 46.203851], [5.972082, 46.203857], [5.972023, 46.203879], [5.971947, 46.203934], [5.971888, 46.204016], [5.971593, 46.204188], [5.971524, 46.204254], [5.971411, 46.204279], [5.971356, 46.204326], [5.971209, 46.204333], [5.971117, 46.204298], [5.970927, 46.20433], [5.970845, 46.204365], [5.970745, 46.204383], [5.97075, 46.20443], [5.970732, 46.204449], [5.970655, 46.204461], [5.970649, 46.204505], [5.970677, 46.204592], [5.970764, 46.204702], [5.970732, 46.204749], [5.970725, 46.204811], [5.970818, 46.204877], [5.970818, 46.204923], [5.97078, 46.204952], [5.970633, 46.205002], [5.970471, 46.205111], [5.97022, 46.205224], [5.970187, 46.205263], [5.970186, 46.205302], [5.970098, 46.20551], [5.97009, 46.205577], [5.970039, 46.205677], [5.969958, 46.205767], [5.969917, 46.205849], [5.969815, 46.205893], [5.969725, 46.206076], [5.969672, 46.206099], [5.969593, 46.206203], [5.969554, 46.206314], [5.969427, 46.20636], [5.969415, 46.206391], [5.969428, 46.20645], [5.969377, 46.206535], [5.969254, 46.206627], [5.969255, 46.206672], [5.969539, 46.206966], [5.969975, 46.207809], [5.970317, 46.208432], [5.971642, 46.211313], [5.973358, 46.213716], [5.974675, 46.215026], [5.978506, 46.216938], [5.979172, 46.217252], [5.979232, 46.217236], [5.979483, 46.21723], [5.979577, 46.217149], [5.979798, 46.217099], [5.979982, 46.217013], [5.980098, 46.216981], [5.980203, 46.217003], [5.980234, 46.217071], [5.980249, 46.217158], [5.980307, 46.21721], [5.980467, 46.217212], [5.980523, 46.217236], [5.980586, 46.21723], [5.980688, 46.217162], [5.980868, 46.217186], [5.981084, 46.21724], [5.981256, 46.217196], [5.981322, 46.217151], [5.981481, 46.217097], [5.981527, 46.2171], [5.981647, 46.217046], [5.982095, 46.217012], [5.982171, 46.216984], [5.982225, 46.216996], [5.982334, 46.216973], [5.982442, 46.216911], [5.982537, 46.216905], [5.982674, 46.216928], [5.982823, 46.216877], [5.982998, 46.216857], [5.983404, 46.216905], [5.983623, 46.216915], [5.983707, 46.21699], [5.983804, 46.217111], [5.98393, 46.217096], [5.983969, 46.217105], [5.983995, 46.21712], [5.984026, 46.217195], [5.984052, 46.217219], [5.984118, 46.217219], [5.984339, 46.217089], [5.984321, 46.216965], [5.984355, 46.216919], [5.98449, 46.216855], [5.984574, 46.216873], [5.984645, 46.216985], [5.984634, 46.217063], [5.984653, 46.217104], [5.984717, 46.217129], [5.984779, 46.21713], [5.984909, 46.216988], [5.984979, 46.216955], [5.985138, 46.216961], [5.985311, 46.216919], [5.985558, 46.216901], [5.985734, 46.216763], [5.985809, 46.21676], [5.98594, 46.21679], [5.986052, 46.216841], [5.986131, 46.216843], [5.98629, 46.216792], [5.986636, 46.216788], [5.986764, 46.216738], [5.986866, 46.216665], [5.987, 46.216682], [5.987131, 46.216727], [5.987398, 46.216742], [5.987534, 46.216712], [5.987642, 46.216665], [5.987727, 46.216528], [5.987774, 46.216487], [5.987854, 46.216454], [5.987906, 46.216472], [5.988055, 46.216455], [5.988196, 46.216405], [5.988475, 46.216205], [5.988811, 46.216086], [5.988988, 46.216074], [5.989363, 46.216163], [5.989541, 46.216168], [5.989703, 46.2162], [5.989736, 46.216185], [5.989909, 46.215987], [5.990048, 46.215899], [5.990103, 46.215897], [5.990236, 46.215953], [5.990296, 46.215956], [5.990511, 46.215854], [5.990539, 46.215818], [5.990703, 46.215758], [5.990814, 46.215767], [5.991027, 46.215833], [5.991204, 46.21582], [5.991248, 46.215794], [5.991279, 46.215748], [5.991314, 46.215637], [5.991422, 46.215483], [5.991526, 46.215452], [5.991619, 46.215463], [5.991857, 46.215528], [5.991945, 46.215534], [5.992049, 46.2155], [5.992237, 46.215377], [5.992506, 46.215234], [5.992775, 46.215221], [5.992999, 46.215605], [5.993273, 46.216283], [5.99334, 46.216694], [5.993654, 46.217313], [5.993551, 46.217898], [5.993428, 46.218185], [5.992907, 46.219036], [5.991594, 46.219812], [5.991411, 46.220007], [5.991268, 46.220263], [5.99108, 46.22081], [5.990898, 46.221129], [5.990659, 46.221427], [5.990187, 46.221719], [5.992852, 46.222954], [5.992916, 46.222962], [5.993225, 46.222866], [5.993294, 46.222812], [5.993396, 46.222775], [5.993422, 46.222712], [5.993473, 46.222691], [5.99371, 46.22267], [5.993899, 46.222595], [5.993995, 46.222573], [5.994066, 46.222508], [5.994179, 46.222478], [5.994279, 46.22243], [5.994695, 46.222447], [5.994843, 46.222519], [5.994928, 46.222505], [5.995021, 46.222517], [5.995181, 46.222591], [5.995268, 46.222594], [5.995795, 46.222473], [5.996123, 46.222355], [5.996373, 46.222353], [5.996553, 46.222308], [5.996772, 46.222291], [5.997029, 46.222341], [5.997284, 46.222299], [5.997374, 46.2223], [5.99748, 46.222266], [5.997569, 46.222268], [5.997771, 46.222204], [5.997847, 46.222151], [5.998018, 46.222138], [5.998483, 46.221926], [5.998612, 46.221847], [5.998686, 46.221748], [5.998768, 46.22168], [5.99886, 46.221634], [5.999099, 46.221618], [5.999148, 46.221593], [5.999254, 46.22143], [5.999353, 46.221358], [5.999481, 46.221196], [5.999503, 46.221092], [5.999574, 46.221095], [6.000025, 46.220055], [5.999466, 46.219881], [5.99891, 46.219665], [5.998583, 46.219447], [5.998476, 46.219168], [5.998768, 46.218446], [5.998858, 46.217837], [5.998855, 46.217296], [5.998606, 46.217037], [5.997914, 46.216678], [5.996979, 46.216306], [5.996735, 46.216083], [5.996613, 46.215557], [5.996506, 46.215271], [5.996376, 46.214578], [5.996071, 46.21404], [5.994906, 46.21293], [5.994853, 46.212547], [5.995196, 46.212168], [5.995636, 46.211379], [5.994682, 46.210187], [5.994834, 46.209412], [5.99475, 46.209254], [5.994307, 46.20897], [5.993766, 46.209074], [5.992861, 46.208867], [5.99231, 46.208604], [5.992312, 46.20839], [5.992453, 46.208238], [5.994078, 46.207272], [5.994902, 46.203942], [5.998958, 46.202253], [5.999875, 46.201601], [6.001271, 46.200907], [6.001656, 46.200194], [6.001886, 46.199482], [6.003883, 46.19754], [6.003594, 46.196768], [6.002344, 46.195326], [6.002338, 46.195157], [6.00315, 46.194008], [6.003663, 46.19345], [6.004471, 46.192647], [6.005227, 46.191376], [6.005929, 46.189631], [6.006821, 46.188663], [6.006929, 46.187754], [6.007263, 46.186793], [6.00901, 46.185605]]]}, "properties": {"npa": 1283, "nom": "La Plaine", "lat": 46.19849, "lon": 5.98907}}, {"type": "Feature", "geometry": {"type": "Polygon", "coordinates": [[[6.019686, 46.164539], [6.019352, 46.164471], [6.019847, 46.163907], [6.02002, 46.163667], [6.019501, 46.163416], [6.017314, 46.162479], [6.016986, 46.162325], [6.01307, 46.160707], [6.010528, 46.159615], [6.009135, 46.159046], [6.008597, 46.158805], [6.008518, 46.158794], [6.007715, 46.158476], [6.006324, 46.157883], [6.005804, 46.157637], [6.005776, 46.157704], [6.005366, 46.158098], [6.00516, 46.158232], [6.004883, 46.158444], [6.004559, 46.158729], [6.003785, 46.1593], [6.003413, 46.159554], [6.00409, 46.160149], [6.004335, 46.160519], [6.004393, 46.160638], [6.004402, 46.160691], [6.004331, 46.160694], [6.003536, 46.16104], [6.003764, 46.161331], [6.002308, 46.161899], [6.002273, 46.161936], [6.002302, 46.162012], [6.002268, 46.162046], [6.001877, 46.162395], [6.001675, 46.16256], [6.00147, 46.162683], [6.001067, 46.163034], [6.000896, 46.163041], [5.999894, 46.162914], [5.999199, 46.16295], [5.998987, 46.162938], [5.998437, 46.16284], [5.998138, 46.162836], [5.998109, 46.162808], [5.997954, 46.162792], [5.997604, 46.162779], [5.997271, 46.162792], [5.997125, 46.162779], [5.996701, 46.1629], [5.996451, 46.16295], [5.996314, 46.163002], [5.99573, 46.163323], [5.995596, 46.163377], [5.995355, 46.163549], [5.995306, 46.163628], [5.995153, 46.163791], [5.994926, 46.163991], [5.9947, 46.164134], [5.994514, 46.164235], [5.994215, 46.16434], [5.993963, 46.164402], [5.99364, 46.164429], [5.993032, 46.16441], [5.99231, 46.164486], [5.991728, 46.164052], [5.991126, 46.163504], [5.990963, 46.163319], [5.990814, 46.163056], [5.99036, 46.162337], [5.990183, 46.162106], [5.989843, 46.161744], [5.989297, 46.161255], [5.98909, 46.161107], [5.988707, 46.160898], [5.988202, 46.160583], [5.987654, 46.159942], [5.986802, 46.158871], [5.986702, 46.158878], [5.986578, 46.158757], [5.986109, 46.158477], [5.985276, 46.158143], [5.984491, 46.157908], [5.984066, 46.157812], [5.98402, 46.158106], [5.983975, 46.158121], [5.98396, 46.158143], [5.983964, 46.158242], [5.983918, 46.158308], [5.983807, 46.158378], [5.983716, 46.158411], [5.98353, 46.158435], [5.983368, 46.158496], [5.982879, 46.158536], [5.982764, 46.158471], [5.982572, 46.158401], [5.982486, 46.158325], [5.982448, 46.158316], [5.982317, 46.158336], [5.981974, 46.158284], [5.98148, 46.15831], [5.981091, 46.158255], [5.980902, 46.15828], [5.980268, 46.158277], [5.980046, 46.158299], [5.980002, 46.158316], [5.979947, 46.158366], [5.979942, 46.158573], [5.979935, 46.158602], [5.979907, 46.158624], [5.979825, 46.158653], [5.979724, 46.158627], [5.979592, 46.158652], [5.979496, 46.158621], [5.979397, 46.158619], [5.979259, 46.158679], [5.979195, 46.158794], [5.979163, 46.15883], [5.979109, 46.158847], [5.978815, 46.158879], [5.97858, 46.158885], [5.978526, 46.158904], [5.978498, 46.158938], [5.978568, 46.159039], [5.978556, 46.159104], [5.978485, 46.159148], [5.978356, 46.159172], [5.978232, 46.159282], [5.97812, 46.15927], [5.978066, 46.15929], [5.977845, 46.15954], [5.977736, 46.159439], [5.97668, 46.159896], [5.976813, 46.160205], [5.975946, 46.160461], [5.97613, 46.160803], [5.975783, 46.16092], [5.976402, 46.161949], [5.976574, 46.162199], [5.979765, 46.16582], [5.979945, 46.166045], [5.980099, 46.166279], [5.980224, 46.166521], [5.980321, 46.16677], [5.980388, 46.167023], [5.980982, 46.169924], [5.981006, 46.170167], [5.980999, 46.170289], [5.980899, 46.17083], [5.980902, 46.171042], [5.980922, 46.171148], [5.980998, 46.171354], [5.981822, 46.173039], [5.981934, 46.173216], [5.982089, 46.173378], [5.982389, 46.173579], [5.982626, 46.173681], [5.98302, 46.173777], [5.983297, 46.173801], [5.983575, 46.173791], [5.983847, 46.173748], [5.984105, 46.173673], [5.984506, 46.1735], [5.984771, 46.173372], [5.985019, 46.173229], [5.985249, 46.173072], [5.98546, 46.172902], [5.98565, 46.172721], [5.985817, 46.172529], [5.985961, 46.172329], [5.986081, 46.172121], [5.986175, 46.171906], [5.986244, 46.171687], [5.986401, 46.171072], [5.986456, 46.170964], [5.986586, 46.170818], [5.9867, 46.170736], [5.986833, 46.170668], [5.98698, 46.170617], [5.987138, 46.170584], [5.987466, 46.170575], [5.98778, 46.170642], [5.987984, 46.170738], [5.988146, 46.170868], [5.988511, 46.171319], [5.98863, 46.171484], [5.988729, 46.171655], [5.988808, 46.171831], [5.988866, 46.172011], [5.989052, 46.173273], [5.989116, 46.173596], [5.989217, 46.173915], [5.989355, 46.174226], [5.989976, 46.175454], [5.990088, 46.175649], [5.990225, 46.175837], [5.990383, 46.176017], [5.990563, 46.176186], [5.990763, 46.176344], [5.990982, 46.176489], [5.991218, 46.176622], [5.991469, 46.176739], [5.992007, 46.176928], [5.99258, 46.177051], [5.992876, 46.177087], [5.993475, 46.177106], [5.994071, 46.177054], [5.997875, 46.176496], [5.998557, 46.176371], [5.999689, 46.176089], [6.001905, 46.175651], [6.00365, 46.175395], [6.004251, 46.175346], [6.004855, 46.175364], [6.005154, 46.175397], [6.006098, 46.175582], [6.006722, 46.175773], [6.009436, 46.176768], [6.009589, 46.17681], [6.009881, 46.17684], [6.010317, 46.176797], [6.010771, 46.17688], [6.011097, 46.176455], [6.011056, 46.1764], [6.011101, 46.176324], [6.011085, 46.176272], [6.011046, 46.176259], [6.011171, 46.176117], [6.011157, 46.175995], [6.011214, 46.17596], [6.011293, 46.175957], [6.0113, 46.175942], [6.011265, 46.175867], [6.011274, 46.175821], [6.011327, 46.175777], [6.011316, 46.175723], [6.011329, 46.175696], [6.011395, 46.175646], [6.011408, 46.175592], [6.011362, 46.175507], [6.011365, 46.175456], [6.011421, 46.175398], [6.011357, 46.175319], [6.011374, 46.175279], [6.011417, 46.175262], [6.011474, 46.175211], [6.011476, 46.175178], [6.011516, 46.175132], [6.011486, 46.175078], [6.011487, 46.175043], [6.011514, 46.17499], [6.011553, 46.17497], [6.011563, 46.174952], [6.011553, 46.174933], [6.011605, 46.17493], [6.011659, 46.174803], [6.011737, 46.174778], [6.011744, 46.174746], [6.011705, 46.174658], [6.011702, 46.174609], [6.011722, 46.17458], [6.011826, 46.174563], [6.011883, 46.174519], [6.01197, 46.174359], [6.012087, 46.174288], [6.012074, 46.174263], [6.012092, 46.174198], [6.012067, 46.174125], [6.012118, 46.174072], [6.012053, 46.173975], [6.01204, 46.173916], [6.012095, 46.173848], [6.012079, 46.17372], [6.012112, 46.173671], [6.012173, 46.173433], [6.012227, 46.173376], [6.0122, 46.173284], [6.012259, 46.173213], [6.012306, 46.173087], [6.012381, 46.173014], [6.012396, 46.172959], [6.012496, 46.172894], [6.012569, 46.172879], [6.012645, 46.172717], [6.012706, 46.172675], [6.012707, 46.172649], [6.012764, 46.172572], [6.012776, 46.172499], [6.012832, 46.172442], [6.012955, 46.172367], [6.013087, 46.172319], [6.013542, 46.171977], [6.013864, 46.171872], [6.013946, 46.171832], [6.014025, 46.171825], [6.014079, 46.171801], [6.014113, 46.171752], [6.014175, 46.171716], [6.014295, 46.17169], [6.014422, 46.1716], [6.014514, 46.171508], [6.014742, 46.171404], [6.014804, 46.171345], [6.014937, 46.17132], [6.015022, 46.171199], [6.015158, 46.171129], [6.015237, 46.17106], [6.015296, 46.170935], [6.015326, 46.170926], [6.015366, 46.17095], [6.015468, 46.170871], [6.015557, 46.170834], [6.015741, 46.170817], [6.015827, 46.170726], [6.015941, 46.170718], [6.016013, 46.170647], [6.016093, 46.170629], [6.016201, 46.170552], [6.016291, 46.170536], [6.016382, 46.170493], [6.016387, 46.170454], [6.016566, 46.170402], [6.016754, 46.170264], [6.016788, 46.170213], [6.01692, 46.170185], [6.016949, 46.170131], [6.017073, 46.170123], [6.017126, 46.170093], [6.01715, 46.170053], [6.017141, 46.169992], [6.017198, 46.169903], [6.017332, 46.1698], [6.017332, 46.169745], [6.017385, 46.169657], [6.017438, 46.169607], [6.017503, 46.169579], [6.017512, 46.169546], [6.017607, 46.16949], [6.017628, 46.169443], [6.017694, 46.169437], [6.017732, 46.169375], [6.017816, 46.169297], [6.017872, 46.169277], [6.017891, 46.169184], [6.017983, 46.169158], [6.018027, 46.169118], [6.018034, 46.169037], [6.018072, 46.168981], [6.018195, 46.168946], [6.018247, 46.168862], [6.018295, 46.168828], [6.018407, 46.16868], [6.018437, 46.168623], [6.01839, 46.1686], [6.018425, 46.168543], [6.018402, 46.168506], [6.01841, 46.168478], [6.018476, 46.168414], [6.018497, 46.168358], [6.018464, 46.168309], [6.018553, 46.168252], [6.018547, 46.168222], [6.018505, 46.168186], [6.01856, 46.168114], [6.018555, 46.16806], [6.018638, 46.16799], [6.018648, 46.167956], [6.018622, 46.167896], [6.018657, 46.167832], [6.018732, 46.167814], [6.018767, 46.167774], [6.018777, 46.167631], [6.018816, 46.167617], [6.018876, 46.167555], [6.01891, 46.167458], [6.018964, 46.167417], [6.019004, 46.167428], [6.019033, 46.167384], [6.019009, 46.167296], [6.019035, 46.167211], [6.018992, 46.167199], [6.019033, 46.167036], [6.019005, 46.167014], [6.019012, 46.166979], [6.019147, 46.166917], [6.019136, 46.166849], [6.019159, 46.16681], [6.019224, 46.166758], [6.019216, 46.166668], [6.019245, 46.166633], [6.019244, 46.166608], [6.019188, 46.166551], [6.019187, 46.166524], [6.019264, 46.166421], [6.019237, 46.166334], [6.019301, 46.166303], [6.019287, 46.166223], [6.019301, 46.166195], [6.019455, 46.16609], [6.019443, 46.166006], [6.019534, 46.165876], [6.019569, 46.165845], [6.019718, 46.165777], [6.019733, 46.165741], [6.01971, 46.16569], [6.019708, 46.16562], [6.019659, 46.165551], [6.019658, 46.165518], [6.019688, 46.165509], [6.019797, 46.16539], [6.019812, 46.165343], [6.019896, 46.165302], [6.019902, 46.165268], [6.019849, 46.165246], [6.019846, 46.165228], [6.019761, 46.165164], [6.019721, 46.165157], [6.019579, 46.165202], [6.019558, 46.165181], [6.019568, 46.165005], [6.0196, 46.164994], [6.019629, 46.164921], [6.019601, 46.164857], [6.019605, 46.164773], [6.019635, 46.164695], [6.019624, 46.164648], [6.019681, 46.164588], [6.019686, 46.164539]]]}, "properties": {"npa": 1237, "nom": "Avully", "lat": 46.16746, "lon": 5.998475}}, {"type": "Feature", "geometry": {"type": "Polygon", "coordinates": [[[6.18504, 46.188444], [6.185286, 46.189341], [6.183932, 46.190234], [6.182223, 46.190912], [6.182079, 46.190741], [6.181192, 46.190968], [6.181441, 46.19154], [6.181016, 46.19179], [6.180828, 46.191618], [6.180607, 46.191379], [6.178672, 46.191655], [6.176965, 46.193362], [6.175814, 46.193353], [6.174965, 46.193382], [6.174626, 46.192914], [6.172179, 46.193466], [6.172511, 46.193724], [6.172591, 46.193808], [6.172633, 46.193893], [6.172375, 46.193962], [6.172087, 46.194097], [6.171403, 46.194347], [6.171348, 46.194397], [6.171336, 46.194459], [6.171238, 46.194506], [6.172465, 46.195801], [6.173144, 46.196585], [6.173454, 46.197], [6.174357, 46.198313], [6.174452, 46.198508], [6.174666, 46.199175], [6.174647, 46.199178], [6.174729, 46.199442], [6.174686, 46.199482], [6.174218, 46.199571], [6.174318, 46.199836], [6.174977, 46.200529], [6.176307, 46.201793], [6.178107, 46.203414], [6.178212, 46.203351], [6.178536, 46.203634], [6.179247, 46.204082], [6.179539, 46.204213], [6.17929, 46.204687], [6.178866, 46.205182], [6.178843, 46.205231], [6.178891, 46.205353], [6.179218, 46.205666], [6.17942, 46.205887], [6.179503, 46.205954], [6.179608, 46.206004], [6.179728, 46.206035], [6.179939, 46.206038], [6.182131, 46.205477], [6.184847, 46.204939], [6.185349, 46.204798], [6.18586, 46.20461], [6.186707, 46.205187], [6.187249, 46.205603], [6.1881, 46.206323], [6.189603, 46.205999], [6.189619, 46.20601], [6.19024, 46.20589], [6.190334, 46.205912], [6.190504, 46.205805], [6.190484, 46.205762], [6.19068, 46.205582], [6.190826, 46.205497], [6.191226, 46.205427], [6.192588, 46.205915], [6.195369, 46.206993], [6.196339, 46.207192], [6.197412, 46.207489], [6.197434, 46.207452], [6.198078, 46.207634], [6.198324, 46.207773], [6.198549, 46.207924], [6.199057, 46.208306], [6.199104, 46.208321], [6.199169, 46.208303], [6.200625, 46.207171], [6.201195, 46.207175], [6.201195, 46.207119], [6.201214, 46.207082], [6.201459, 46.206853], [6.201555, 46.206715], [6.201613, 46.206579], [6.201648, 46.206372], [6.20164, 46.20622], [6.201472, 46.20607], [6.201428, 46.205898], [6.201271, 46.205903], [6.201216, 46.205883], [6.201193, 46.205858], [6.201182, 46.205587], [6.201316, 46.205575], [6.20136, 46.205503], [6.201204, 46.205394], [6.201126, 46.205288], [6.201125, 46.205245], [6.201294, 46.205187], [6.20139, 46.205088], [6.201321, 46.205033], [6.201246, 46.205011], [6.201112, 46.205096], [6.20107, 46.205071], [6.201119, 46.204859], [6.2012, 46.20473], [6.201326, 46.204632], [6.20145, 46.204561], [6.201988, 46.204053], [6.201996, 46.204001], [6.201914, 46.203927], [6.201713, 46.203614], [6.201585, 46.203412], [6.201512, 46.203242], [6.201078, 46.203148], [6.20078, 46.203025], [6.200496, 46.202976], [6.200356, 46.202991], [6.200284, 46.203118], [6.2002, 46.20315], [6.200154, 46.203138], [6.200064, 46.203029], [6.199876, 46.203041], [6.199796, 46.203021], [6.1997, 46.20294], [6.199714, 46.202912], [6.199901, 46.202794], [6.199899, 46.202745], [6.199782, 46.202709], [6.1997, 46.202644], [6.199842, 46.202495], [6.199806, 46.202391], [6.199779, 46.202362], [6.19961, 46.202309], [6.199313, 46.202302], [6.19899, 46.202226], [6.198486, 46.202156], [6.198406, 46.202121], [6.198188, 46.201981], [6.197633, 46.202088], [6.197371, 46.202106], [6.19724, 46.2021], [6.197096, 46.202052], [6.19695, 46.201976], [6.196828, 46.201792], [6.196724, 46.20172], [6.19653, 46.201684], [6.19644, 46.201593], [6.196372, 46.201558], [6.19623, 46.201447], [6.196228, 46.201423], [6.196301, 46.201353], [6.196318, 46.201309], [6.196255, 46.201236], [6.196011, 46.201044], [6.195984, 46.200999], [6.195901, 46.200957], [6.195806, 46.200944], [6.19571, 46.200906], [6.195719, 46.20085], [6.195883, 46.200784], [6.195897, 46.20075], [6.1957, 46.200662], [6.195591, 46.200578], [6.195597, 46.200538], [6.195737, 46.200468], [6.195758, 46.200247], [6.195791, 46.200205], [6.195621, 46.200125], [6.19556, 46.200118], [6.195504, 46.200139], [6.195503, 46.200166], [6.195537, 46.200237], [6.195533, 46.200289], [6.195514, 46.200313], [6.195445, 46.200349], [6.195266, 46.200371], [6.195198, 46.200365], [6.195149, 46.20034], [6.195142, 46.200312], [6.195161, 46.200211], [6.195141, 46.200158], [6.194923, 46.200094], [6.194839, 46.199974], [6.19434, 46.199851], [6.194183, 46.199928], [6.194068, 46.199897], [6.193896, 46.199736], [6.193647, 46.199566], [6.193556, 46.19937], [6.193597, 46.199275], [6.193692, 46.199169], [6.193912, 46.199024], [6.193906, 46.199], [6.193849, 46.198948], [6.193826, 46.198953], [6.193611, 46.198798], [6.193518, 46.198692], [6.193463, 46.198487], [6.193333, 46.198331], [6.193304, 46.198236], [6.193333, 46.197987], [6.193314, 46.197901], [6.193229, 46.197802], [6.192977, 46.19776], [6.192817, 46.197715], [6.192654, 46.197605], [6.192431, 46.197407], [6.191735, 46.197131], [6.191666, 46.197056], [6.19171, 46.197002], [6.19184, 46.196922], [6.191874, 46.196853], [6.191861, 46.196793], [6.191792, 46.19671], [6.191494, 46.196457], [6.191489, 46.196395], [6.191514, 46.196295], [6.191682, 46.195937], [6.191848, 46.195538], [6.191891, 46.195391], [6.191873, 46.195332], [6.191828, 46.195279], [6.191454, 46.195018], [6.19133, 46.194968], [6.191221, 46.194944], [6.190202, 46.19478], [6.189913, 46.194719], [6.189547, 46.1946], [6.188855, 46.194308], [6.188697, 46.194287], [6.188403, 46.194304], [6.188286, 46.194287], [6.187955, 46.194119], [6.187804, 46.19401], [6.187734, 46.193996], [6.18756, 46.194067], [6.187432, 46.194086], [6.18714, 46.194192], [6.187077, 46.194274], [6.186953, 46.194323], [6.186697, 46.194465], [6.186539, 46.194527], [6.186465, 46.194512], [6.186215, 46.194285], [6.186207, 46.194239], [6.186256, 46.194163], [6.186145, 46.193975], [6.18615, 46.193884], [6.186039, 46.193739], [6.186037, 46.193697], [6.186058, 46.193667], [6.185788, 46.193335], [6.185826, 46.193196], [6.185806, 46.193027], [6.185718, 46.192931], [6.185208, 46.192726], [6.185126, 46.192671], [6.185035, 46.192527], [6.185442, 46.191723], [6.185515, 46.191703], [6.186115, 46.191777], [6.186206, 46.191766], [6.186255, 46.191735], [6.186268, 46.191681], [6.186222, 46.191621], [6.186232, 46.191582], [6.186482, 46.191375], [6.186628, 46.191305], [6.186618, 46.191023], [6.186526, 46.190876], [6.186596, 46.190781], [6.186704, 46.190672], [6.186736, 46.19057], [6.18668, 46.190256], [6.186676, 46.189988], [6.186658, 46.189935], [6.186507, 46.189854], [6.186408, 46.189773], [6.186291, 46.189554], [6.186184, 46.189413], [6.186009, 46.18908], [6.18609, 46.188906], [6.186093, 46.188851], [6.186049, 46.188813], [6.185888, 46.188764], [6.185375, 46.188543], [6.18504, 46.188444]]]}, "properties": {"npa": 1224, "nom": "Chêne-Bougeries", "lat": 46.199522, "lon": 6.185797}}, {"type": "Feature", "geometry": {"type": "Polygon", "coordinates": [[[6.190485, 46.205761], [6.190504, 46.205805], [6.190334, 46.205912], [6.19024, 46.20589], [6.189619, 46.20601], [6.189603, 46.205999], [6.1881, 46.206323], [6.187249, 46.205603], [6.186707, 46.205187], [6.18586, 46.20461], [6.185349, 46.204798], [6.184773, 46.204956], [6.182131, 46.205477], [6.179981, 46.206031], [6.179812, 46.206044], [6.179647, 46.206017], [6.179536, 46.205973], [6.17942, 46.205887], [6.179218, 46.205666], [6.178891, 46.205353], [6.178843, 46.205231], [6.178866, 46.205182], [6.17929, 46.204687], [6.179539, 46.204213], [6.179247, 46.204082], [6.178536, 46.203634], [6.178212, 46.203351], [6.178107, 46.203414], [6.176682, 46.20214], [6.175823, 46.201332], [6.173734, 46.202478], [6.173853, 46.202608], [6.17339, 46.202956], [6.174144, 46.20345], [6.174226, 46.203407], [6.174507, 46.203662], [6.174481, 46.203676], [6.17476, 46.203875], [6.174795, 46.203874], [6.174957, 46.204015], [6.173983, 46.204466], [6.174683, 46.205187], [6.175654, 46.205817], [6.175845, 46.205787], [6.175108, 46.206713], [6.175053, 46.206765], [6.174982, 46.2068], [6.174831, 46.206833], [6.174876, 46.207026], [6.174208, 46.206736], [6.17173, 46.205882], [6.171656, 46.205963], [6.1716, 46.205968], [6.171432, 46.206143], [6.171038, 46.206433], [6.170784, 46.206648], [6.170754, 46.206698], [6.170882, 46.20765], [6.171903, 46.208504], [6.172273, 46.208747], [6.172143, 46.208839], [6.173282, 46.2096], [6.172912, 46.209864], [6.172983, 46.209864], [6.17302, 46.209889], [6.171378, 46.211057], [6.172038, 46.211375], [6.172548, 46.211601], [6.172362, 46.211891], [6.1619, 46.215224], [6.162738, 46.216614], [6.165925, 46.222455], [6.173165, 46.241237], [6.192637, 46.237755], [6.192784, 46.237622], [6.193115, 46.237448], [6.193162, 46.237363], [6.193255, 46.237276], [6.193346, 46.23723], [6.193389, 46.237185], [6.193778, 46.236932], [6.194075, 46.236874], [6.194138, 46.236827], [6.194298, 46.236775], [6.194374, 46.236694], [6.194437, 46.236663], [6.194513, 46.236654], [6.194655, 46.236593], [6.194673, 46.236609], [6.194834, 46.236589], [6.194958, 46.236537], [6.195073, 46.236514], [6.195067, 46.236499], [6.195171, 46.236463], [6.195276, 46.236454], [6.195442, 46.236486], [6.195665, 46.236467], [6.195833, 46.236503], [6.196078, 46.236469], [6.196768, 46.236131], [6.197166, 46.235904], [6.197335, 46.23579], [6.198029, 46.235135], [6.198249, 46.234938], [6.198399, 46.234827], [6.199033, 46.234503], [6.200053, 46.233929], [6.200169, 46.233844], [6.201363, 46.233125], [6.201744, 46.232846], [6.200402, 46.231676], [6.197185, 46.22892], [6.193423, 46.225728], [6.189294, 46.222196], [6.188784, 46.221743], [6.188291, 46.221199], [6.187713, 46.220688], [6.189246, 46.219813], [6.190001, 46.219408], [6.19018, 46.219362], [6.190085, 46.219258], [6.189615, 46.218555], [6.189466, 46.21836], [6.189168, 46.218106], [6.188095, 46.217414], [6.188263, 46.217276], [6.189419, 46.216565], [6.189634, 46.216347], [6.190026, 46.216091], [6.190546, 46.215627], [6.190625, 46.215529], [6.190771, 46.214806], [6.190684, 46.214794], [6.19082, 46.214629], [6.190945, 46.214436], [6.190924, 46.214407], [6.190801, 46.214344], [6.189825, 46.213954], [6.189895, 46.213871], [6.190811, 46.21302], [6.193948, 46.209085], [6.195027, 46.207667], [6.195369, 46.206993], [6.192588, 46.205915], [6.191226, 46.205427], [6.190826, 46.205497], [6.19068, 46.205582], [6.190485, 46.205761]]]}, "properties": {"npa": 1223, "nom": "Cologny", "lat": 46.22282, "lon": 6.180841}}, {"type": "Feature", "geometry": {"type": "Polygon", "coordinates": [[[6.007912, 46.207942], [6.009449, 46.206193], [6.009507, 46.20609], [6.009625, 46.205386], [6.008328, 46.204802], [6.008279, 46.204732], [6.008477, 46.203335], [6.008546, 46.203226], [6.00892, 46.203032], [6.009589, 46.202784], [6.009671, 46.202805], [6.009714, 46.203056], [6.009714, 46.203297], [6.00975, 46.203429], [6.009937, 46.203484], [6.011248, 46.203761], [6.011803, 46.203844], [6.012344, 46.20387], [6.012273, 46.203646], [6.012335, 46.203619], [6.012349, 46.203539], [6.012578, 46.203407], [6.012571, 46.203315], [6.01262, 46.203235], [6.012674, 46.203196], [6.012796, 46.203154], [6.012755, 46.203093], [6.012824, 46.20308], [6.012807, 46.203042], [6.013182, 46.202916], [6.013243, 46.202792], [6.01334, 46.202732], [6.013392, 46.202772], [6.013459, 46.202694], [6.013545, 46.202684], [6.013645, 46.202566], [6.013736, 46.202599], [6.013867, 46.202551], [6.014083, 46.202365], [6.014201, 46.202355], [6.01431, 46.202378], [6.014334, 46.2024], [6.014401, 46.202386], [6.014418, 46.202333], [6.014599, 46.202294], [6.014625, 46.202332], [6.014807, 46.202272], [6.01483, 46.202116], [6.014982, 46.202113], [6.015242, 46.201876], [6.015317, 46.201619], [6.015418, 46.201414], [6.015917, 46.201187], [6.015988, 46.20108], [6.015952, 46.201041], [6.015994, 46.200945], [6.015977, 46.200799], [6.016027, 46.200709], [6.016185, 46.200654], [6.016232, 46.200682], [6.01631, 46.200656], [6.016322, 46.200631], [6.016414, 46.200589], [6.016422, 46.200651], [6.016625, 46.200603], [6.016712, 46.200564], [6.016758, 46.200516], [6.016931, 46.200435], [6.016818, 46.200389], [6.016706, 46.200416], [6.016625, 46.200406], [6.016597, 46.200387], [6.01665, 46.20033], [6.016744, 46.200314], [6.016735, 46.200299], [6.016768, 46.200283], [6.016913, 46.200275], [6.016902, 46.200178], [6.01687, 46.200168], [6.016848, 46.200133], [6.01686, 46.200087], [6.016978, 46.200167], [6.01711, 46.200193], [6.017381, 46.2002], [6.01753, 46.200239], [6.018677, 46.200164], [6.018819, 46.200239], [6.019263, 46.200286], [6.019284, 46.200252], [6.01945, 46.200256], [6.019658, 46.200156], [6.019731, 46.200196], [6.019797, 46.20018], [6.019754, 46.200134], [6.019831, 46.200097], [6.019912, 46.200174], [6.019943, 46.200119], [6.020059, 46.200124], [6.020115, 46.200062], [6.020323, 46.200057], [6.02034, 46.200115], [6.020414, 46.200197], [6.02037, 46.200344], [6.020484, 46.200324], [6.020657, 46.20038], [6.02084, 46.2004], [6.020924, 46.200334], [6.021575, 46.200121], [6.021705, 46.200153], [6.021869, 46.200144], [6.02209, 46.200046], [6.022254, 46.200006], [6.022447, 46.200053], [6.022639, 46.200069], [6.023077, 46.199983], [6.023281, 46.200065], [6.023492, 46.200047], [6.023666, 46.200099], [6.023752, 46.200016], [6.023838, 46.200024], [6.02433, 46.199883], [6.024412, 46.199888], [6.0246, 46.199789], [6.024699, 46.199851], [6.02486, 46.199756], [6.024966, 46.199817], [6.025459, 46.199652], [6.02563, 46.199638], [6.025704, 46.199611], [6.025875, 46.1996], [6.02594, 46.199545], [6.026227, 46.199474], [6.026306, 46.199326], [6.02646, 46.199279], [6.026552, 46.199185], [6.026666, 46.199162], [6.026766, 46.199179], [6.027243, 46.199131], [6.027347, 46.19915], [6.027551, 46.199149], [6.027729, 46.199086], [6.027962, 46.199142], [6.028184, 46.199146], [6.028368, 46.199187], [6.028638, 46.199199], [6.028859, 46.199276], [6.029139, 46.199419], [6.029328, 46.199467], [6.029406, 46.199422], [6.029515, 46.199401], [6.029682, 46.199449], [6.029942, 46.199446], [6.030034, 46.199476], [6.030293, 46.199515], [6.030517, 46.199461], [6.030745, 46.199509], [6.030919, 46.199499], [6.031021, 46.199455], [6.031431, 46.199025], [6.031142, 46.198905], [6.030869, 46.198767], [6.030615, 46.198614], [6.03038, 46.198446], [6.030167, 46.198264], [6.029166, 46.197329], [6.028917, 46.197075], [6.0287, 46.196807], [6.028517, 46.196526], [6.028369, 46.196236], [6.028258, 46.195938], [6.028183, 46.195635], [6.028146, 46.195324], [6.028147, 46.195013], [6.028188, 46.194702], [6.028267, 46.194395], [6.028383, 46.194094], [6.028537, 46.193801], [6.028727, 46.193519], [6.030871, 46.190662], [6.031038, 46.190413], [6.031173, 46.190155], [6.031276, 46.18989], [6.031345, 46.189619], [6.03138, 46.189346], [6.03138, 46.189071], [6.031346, 46.188797], [6.031277, 46.188527], [6.031175, 46.188262], [6.031053, 46.188025], [6.030903, 46.187795], [6.030727, 46.187575], [6.030527, 46.187365], [6.030303, 46.187167], [6.030058, 46.186982], [6.029792, 46.186811], [6.023906, 46.183335], [6.023333, 46.183055], [6.022728, 46.182808], [6.022096, 46.182598], [6.019056, 46.181691], [6.018689, 46.181569], [6.018339, 46.181426], [6.018006, 46.181263], [6.017695, 46.181081], [6.017407, 46.180882], [6.017143, 46.180667], [6.016907, 46.180437], [6.016699, 46.180194], [6.015641, 46.178834], [6.015411, 46.178581], [6.014644, 46.177944], [6.014276, 46.177718], [6.013864, 46.177533], [6.013417, 46.177394], [6.010317, 46.176797], [6.009947, 46.176837], [6.009749, 46.176836], [6.00975, 46.177271], [6.00971, 46.177894], [6.009194, 46.179517], [6.008664, 46.180519], [6.009272, 46.181848], [6.009945, 46.182542], [6.010281, 46.18373], [6.009854, 46.184925], [6.009049, 46.185561], [6.00901, 46.185605], [6.007263, 46.186793], [6.006929, 46.187754], [6.006821, 46.188663], [6.005929, 46.189631], [6.005227, 46.191376], [6.004471, 46.192647], [6.003663, 46.19345], [6.00315, 46.194008], [6.002338, 46.195157], [6.002344, 46.195326], [6.003594, 46.196768], [6.003883, 46.19754], [6.001886, 46.199482], [6.001656, 46.200194], [6.001271, 46.200907], [5.999875, 46.201601], [5.998958, 46.202253], [5.994902, 46.203942], [5.994078, 46.207272], [5.992453, 46.208238], [5.992312, 46.20839], [5.99231, 46.208604], [5.992861, 46.208867], [5.993646, 46.209054], [5.993766, 46.209074], [5.994307, 46.20897], [5.99475, 46.209254], [5.995728, 46.208721], [5.995964, 46.208571], [5.996204, 46.208458], [5.996799, 46.208227], [5.996913, 46.208224], [5.997109, 46.208244], [5.997535, 46.208324], [5.997782, 46.20844], [5.997979, 46.208572], [5.998084, 46.208519], [5.998347, 46.208488], [5.998841, 46.208399], [5.998957, 46.208431], [5.999579, 46.2085], [6.000275, 46.208627], [6.000743, 46.209061], [6.00222, 46.207687], [6.00211, 46.207326], [6.006367, 46.209097], [6.007204, 46.209515], [6.008021, 46.209848], [6.008048, 46.209817], [6.008139, 46.209801], [6.009233, 46.208557], [6.009209, 46.2085], [6.007876, 46.208018], [6.007912, 46.207942]]]}, "properties": {"npa": 1281, "nom": "Russin", "lat": 46.19395, "lon": 6.013891}}, {"type": "Feature", "geometry": {"type": "Polygon", "coordinates": [[[6.172548, 46.211601], [6.172038, 46.211375], [6.171378, 46.211057], [6.17302, 46.209889], [6.172983, 46.209864], [6.172912, 46.209864], [6.173282, 46.2096], [6.172143, 46.208839], [6.172273, 46.208747], [6.171903, 46.208504], [6.170882, 46.20765], [6.170754, 46.206698], [6.170784, 46.206648], [6.171038, 46.206433], [6.171432, 46.206143], [6.1716, 46.205968], [6.171656, 46.205963], [6.17173, 46.205882], [6.171415, 46.205723], [6.170855, 46.20538], [6.16964, 46.204566], [6.16899, 46.204071], [6.168852, 46.204169], [6.168584, 46.203983], [6.168714, 46.203885], [6.168181, 46.203653], [6.168244, 46.203598], [6.169547, 46.202709], [6.16932, 46.202524], [6.16759, 46.201484], [6.168029, 46.201138], [6.167749, 46.20098], [6.167751, 46.200886], [6.167587, 46.200881], [6.167505, 46.200849], [6.167513, 46.200663], [6.16781, 46.200668], [6.167818, 46.200451], [6.167521, 46.200446], [6.167536, 46.200064], [6.167173, 46.199967], [6.166752, 46.199961], [6.166481, 46.199811], [6.163858, 46.199745], [6.163861, 46.199794], [6.162216, 46.199772], [6.162023, 46.199944], [6.160694, 46.199732], [6.160632, 46.199946], [6.160347, 46.199996], [6.160084, 46.199991], [6.157528, 46.199676], [6.157161, 46.199315], [6.15666, 46.19877], [6.15646, 46.198734], [6.15485, 46.199195], [6.153789, 46.199909], [6.152437, 46.199002], [6.152207, 46.199136], [6.152085, 46.19926], [6.153193, 46.200053], [6.153174, 46.200339], [6.153371, 46.200495], [6.153622, 46.201063], [6.153988, 46.20121], [6.154518, 46.201096], [6.154642, 46.201392], [6.154338, 46.201734], [6.15463, 46.202423], [6.155153, 46.202572], [6.155219, 46.202733], [6.154333, 46.202915], [6.154249, 46.20305], [6.154335, 46.203268], [6.154616, 46.203385], [6.15483, 46.203888], [6.154337, 46.204406], [6.149883, 46.206842], [6.156954, 46.209996], [6.157405, 46.209956], [6.15798, 46.210549], [6.159807, 46.212549], [6.1619, 46.215224], [6.172287, 46.211917], [6.172362, 46.211891], [6.172548, 46.211601]]]}, "properties": {"npa": 1207, "nom": "Genève", "lat": 46.206614, "lon": 6.162357}}, {"type": "Feature", "geometry": {"type": "MultiPolygon", "coordinates": [[[[6.180705, 46.348117], [6.180792, 46.348079], [6.180805, 46.348044], [6.18168, 46.347652], [6.182038, 46.34729], [6.183581, 46.346239], [6.183787, 46.346119], [6.184013, 46.346015], [6.184031, 46.346033], [6.184429, 46.345846], [6.181688, 46.343685], [6.181151, 46.3442], [6.180767, 46.343838], [6.17875, 46.34469], [6.17779, 46.345061], [6.177689, 46.345053], [6.176903, 46.345389], [6.17677, 46.34546], [6.176666, 46.345539], [6.176587, 46.345629], [6.176556, 46.345725], [6.176586, 46.345806], [6.176642, 46.345845], [6.175088, 46.346698], [6.174531, 46.346919], [6.17449, 46.346789], [6.174303, 46.346641], [6.174271, 46.34659], [6.174338, 46.346493], [6.174311, 46.346325], [6.174075, 46.346038], [6.17399, 46.346], [6.173921, 46.345899], [6.173878, 46.345762], [6.173832, 46.345708], [6.173851, 46.345635], [6.173825, 46.345536], [6.173706, 46.345453], [6.173633, 46.34538], [6.173568, 46.345364], [6.173554, 46.345342], [6.173585, 46.3453], [6.173559, 46.345235], [6.173521, 46.345211], [6.173434, 46.345223], [6.173359, 46.345202], [6.173171, 46.345036], [6.173065, 46.344985], [6.172944, 46.344899], [6.172855, 46.34489], [6.172715, 46.344763], [6.172582, 46.34468], [6.172554, 46.344622], [6.172407, 46.34455], [6.172364, 46.344469], [6.172319, 46.344444], [6.172243, 46.344445], [6.172257, 46.344368], [6.172215, 46.344313], [6.172226, 46.34413], [6.17227, 46.344084], [6.172288, 46.344033], [6.172192, 46.343886], [6.172162, 46.3438], [6.172212, 46.343702], [6.172138, 46.343612], [6.172174, 46.343552], [6.172161, 46.343488], [6.172229, 46.343459], [6.172191, 46.343366], [6.17221, 46.343339], [6.172155, 46.343203], [6.17223, 46.343181], [6.172213, 46.343113], [6.172239, 46.343038], [6.172298, 46.342977], [6.172392, 46.342971], [6.172422, 46.342915], [6.172423, 46.342791], [6.17244, 46.342735], [6.172399, 46.34271], [6.172425, 46.342674], [6.172495, 46.342669], [6.172531, 46.342647], [6.172542, 46.342506], [6.172393, 46.342435], [6.172389, 46.3424], [6.172506, 46.342286], [6.172545, 46.342215], [6.172514, 46.342198], [6.17247, 46.342139], [6.172479, 46.342116], [6.1725, 46.34211], [6.172552, 46.34214], [6.17262, 46.34212], [6.172628, 46.342055], [6.172667, 46.341986], [6.172671, 46.341917], [6.172654, 46.34184], [6.172598, 46.341744], [6.172625, 46.341635], [6.172537, 46.341476], [6.172528, 46.341389], [6.172463, 46.34134], [6.172444, 46.341276], [6.172412, 46.341237], [6.17228, 46.341163], [6.172151, 46.34113], [6.172019, 46.34105], [6.171784, 46.340991], [6.171488, 46.340974], [6.171411, 46.340897], [6.171301, 46.340731], [6.171328, 46.34065], [6.171303, 46.340566], [6.170746, 46.340991], [6.168462, 46.342108], [6.168503, 46.342155], [6.166786, 46.343087], [6.16857, 46.345601], [6.169734, 46.347211], [6.171032, 46.348908], [6.171803, 46.34984], [6.173953, 46.348947], [6.174335, 46.349393], [6.174372, 46.349484], [6.174657, 46.349816], [6.174685, 46.349885], [6.17469, 46.350028], [6.174665, 46.350317], [6.174741, 46.350514], [6.174876, 46.350559], [6.174967, 46.350658], [6.175236, 46.351143], [6.17538, 46.35124], [6.175564, 46.351326], [6.180705, 46.348117]]], [[[6.183361, 46.36302], [6.183843, 46.362761], [6.184076, 46.362734], [6.184926, 46.362139], [6.184974, 46.362171], [6.185234, 46.361957], [6.185684, 46.361728], [6.185912, 46.361267], [6.186348, 46.360962], [6.186844, 46.360723], [6.186753, 46.360607], [6.186932, 46.360539], [6.187505, 46.360411], [6.188021, 46.360338], [6.188468, 46.360321], [6.188889, 46.360343], [6.18988, 46.360456], [6.191166, 46.360641], [6.192166, 46.360731], [6.193761, 46.360793], [6.194541, 46.360798], [6.195711, 46.360731], [6.196654, 46.360611], [6.19706, 46.36054], [6.197667, 46.360405], [6.198078, 46.360278], [6.19796, 46.3602], [6.197937, 46.360158], [6.197914, 46.360058], [6.197933, 46.359895], [6.198055, 46.359838], [6.198146, 46.359755], [6.198108, 46.35968], [6.198166, 46.359553], [6.198516, 46.359322], [6.19861, 46.359208], [6.198568, 46.359062], [6.198494, 46.358964], [6.198311, 46.358942], [6.198159, 46.358866], [6.197939, 46.358623], [6.197983, 46.358561], [6.198022, 46.358448], [6.198059, 46.35841], [6.198168, 46.358359], [6.198236, 46.358354], [6.198302, 46.358277], [6.198321, 46.358222], [6.198295, 46.358168], [6.198428, 46.358025], [6.198534, 46.357819], [6.198674, 46.357699], [6.198831, 46.3576], [6.198858, 46.35755], [6.198903, 46.35753], [6.198965, 46.35747], [6.198981, 46.357415], [6.198889, 46.357338], [6.199023, 46.357243], [6.199184, 46.357082], [6.199342, 46.357053], [6.199425, 46.35696], [6.199518, 46.35678], [6.19952, 46.356719], [6.199697, 46.356572], [6.199706, 46.35652], [6.199846, 46.356267], [6.199882, 46.356156], [6.199849, 46.356021], [6.199807, 46.355953], [6.199903, 46.355852], [6.199918, 46.355697], [6.19996, 46.355615], [6.200062, 46.355581], [6.200178, 46.355571], [6.200286, 46.355571], [6.200395, 46.3556], [6.200472, 46.355595], [6.200762, 46.355421], [6.200845, 46.35535], [6.200932, 46.355349], [6.20141, 46.355076], [6.201761, 46.354948], [6.202063, 46.354765], [6.202538, 46.354815], [6.20263, 46.354853], [6.202705, 46.354846], [6.202768, 46.354799], [6.202986, 46.354909], [6.203125, 46.3549], [6.203289, 46.354925], [6.203534, 46.354927], [6.203657, 46.355002], [6.204016, 46.355115], [6.204082, 46.355154], [6.204489, 46.355215], [6.204714, 46.355207], [6.204814, 46.355235], [6.205028, 46.355259], [6.205278, 46.35517], [6.205619, 46.355201], [6.205879, 46.355165], [6.206017, 46.355163], [6.20638, 46.355078], [6.206474, 46.355044], [6.2065, 46.354996], [6.206562, 46.354977], [6.206783, 46.354995], [6.207059, 46.355063], [6.207234, 46.355042], [6.207356, 46.355004], [6.207551, 46.354994], [6.208103, 46.354695], [6.208307, 46.354676], [6.208664, 46.354595], [6.208857, 46.354454], [6.209046, 46.35441], [6.20916, 46.35434], [6.209253, 46.354322], [6.209414, 46.354336], [6.20949, 46.354323], [6.209627, 46.354212], [6.20978, 46.354172], [6.209872, 46.35405], [6.210063, 46.354017], [6.210143, 46.35392], [6.210232, 46.353886], [6.210265, 46.353927], [6.210343, 46.353952], [6.210494, 46.353948], [6.21053, 46.353881], [6.21066, 46.353856], [6.211521, 46.353566], [6.211576, 46.353584], [6.211802, 46.353806], [6.211933, 46.353781], [6.21212, 46.35371], [6.212089, 46.353545], [6.212128, 46.353523], [6.212379, 46.353529], [6.212578, 46.353412], [6.212602, 46.353378], [6.21255, 46.353283], [6.212553, 46.353261], [6.212669, 46.353159], [6.241421, 46.34367], [6.232313, 46.330438], [6.205975, 46.339136], [6.206143, 46.339359], [6.204161, 46.339662], [6.203576, 46.338821], [6.19842, 46.341255], [6.198219, 46.34132], [6.193127, 46.343717], [6.194885, 46.348616], [6.194313, 46.348571], [6.194182, 46.348586], [6.193954, 46.348629], [6.193967, 46.348653], [6.193832, 46.348704], [6.19357, 46.348767], [6.19343, 46.34882], [6.193384, 46.348862], [6.193233, 46.348836], [6.193234, 46.348851], [6.193175, 46.348834], [6.193088, 46.348845], [6.192885, 46.34882], [6.192792, 46.348784], [6.192431, 46.348723], [6.192374, 46.348692], [6.192273, 46.348697], [6.191949, 46.348669], [6.191677, 46.348623], [6.19162, 46.348592], [6.19145, 46.348601], [6.191165, 46.348702], [6.191083, 46.348709], [6.190894, 46.348812], [6.190787, 46.348909], [6.190701, 46.349042], [6.190626, 46.349116], [6.190574, 46.349131], [6.190323, 46.349145], [6.190195, 46.349219], [6.190144, 46.349292], [6.189894, 46.349345], [6.189809, 46.349473], [6.189707, 46.349524], [6.189531, 46.349534], [6.189371, 46.349683], [6.18924, 46.34977], [6.189185, 46.349847], [6.188989, 46.350008], [6.18889, 46.350032], [6.188809, 46.350125], [6.188744, 46.350113], [6.188716, 46.350073], [6.188501, 46.349983], [6.188393, 46.349993], [6.188274, 46.349983], [6.188229, 46.349944], [6.188127, 46.349921], [6.188056, 46.349934], [6.187892, 46.349914], [6.187821, 46.349861], [6.187729, 46.349834], [6.187675, 46.349767], [6.187482, 46.349773], [6.187341, 46.349683], [6.187257, 46.349573], [6.187184, 46.349537], [6.18709, 46.349571], [6.187056, 46.349541], [6.187046, 46.349493], [6.186869, 46.349528], [6.186744, 46.349491], [6.186533, 46.349534], [6.186268, 46.349537], [6.182946, 46.350726], [6.183315, 46.351173], [6.180323, 46.352773], [6.175548, 46.3538], [6.17548, 46.353737], [6.174767, 46.354104], [6.174668, 46.354113], [6.174485, 46.354201], [6.174293, 46.35422], [6.174238, 46.354251], [6.174165, 46.354332], [6.173793, 46.354409], [6.173372, 46.354578], [6.173038, 46.354647], [6.172946, 46.354729], [6.172707, 46.354805], [6.172641, 46.354853], [6.172684, 46.35499], [6.172033, 46.356134], [6.171535, 46.357464], [6.171101, 46.3584], [6.172818, 46.358928], [6.17393, 46.359241], [6.17625, 46.360045], [6.175158, 46.360956], [6.174017, 46.361779], [6.174583, 46.362213], [6.174412, 46.362381], [6.176472, 46.363175], [6.176568, 46.363087], [6.178443, 46.363762], [6.180248, 46.364578], [6.180638, 46.364407], [6.18157, 46.363851], [6.182538, 46.363424], [6.183361, 46.36302]]]]}, "properties": {"npa": 1298, "nom": "Céligny", "lat": 46.347292, "lon": 6.205237}}, {"type": "Feature", "geometry": {"type": "Polygon", "coordinates": [[[6.167454, 46.189966], [6.168382, 46.190577], [6.169026, 46.191068], [6.169308, 46.191233], [6.170642, 46.192286], [6.172179, 46.193466], [6.174626, 46.192914], [6.174965, 46.193382], [6.175814, 46.193353], [6.176965, 46.193362], [6.178672, 46.191655], [6.180607, 46.191379], [6.180828, 46.191618], [6.181016, 46.19179], [6.181441, 46.19154], [6.181192, 46.190968], [6.182079, 46.190741], [6.182223, 46.190912], [6.183932, 46.190234], [6.185286, 46.189341], [6.18504, 46.188444], [6.185015, 46.188429], [6.18499, 46.188219], [6.184924, 46.188143], [6.184651, 46.187983], [6.184556, 46.187811], [6.184409, 46.187701], [6.184276, 46.187641], [6.184266, 46.18756], [6.18437, 46.187462], [6.184375, 46.187358], [6.184176, 46.187228], [6.183999, 46.187141], [6.183966, 46.186913], [6.183772, 46.186777], [6.183694, 46.186681], [6.183493, 46.186617], [6.183379, 46.186618], [6.183208, 46.186451], [6.183336, 46.186308], [6.183398, 46.186126], [6.183585, 46.186009], [6.183605, 46.185958], [6.183599, 46.185829], [6.18346, 46.185657], [6.183436, 46.185582], [6.183529, 46.185358], [6.183264, 46.185002], [6.183257, 46.18496], [6.183288, 46.184815], [6.183243, 46.184663], [6.183313, 46.184489], [6.183321, 46.184419], [6.183292, 46.184356], [6.183204, 46.184293], [6.18308, 46.184284], [6.182999, 46.184386], [6.182921, 46.184452], [6.182844, 46.184493], [6.182747, 46.184502], [6.182667, 46.184488], [6.18261, 46.184455], [6.182572, 46.184378], [6.182631, 46.184197], [6.182784, 46.183853], [6.182794, 46.183635], [6.182949, 46.18337], [6.183062, 46.183094], [6.183172, 46.182991], [6.183379, 46.182849], [6.183618, 46.182746], [6.183691, 46.182697], [6.183832, 46.182453], [6.183911, 46.182388], [6.184099, 46.182305], [6.184218, 46.182161], [6.184253, 46.182069], [6.184223, 46.181984], [6.184015, 46.181836], [6.183973, 46.181765], [6.183848, 46.181662], [6.183824, 46.181619], [6.183861, 46.181417], [6.183899, 46.181323], [6.183976, 46.181248], [6.184013, 46.18113], [6.183964, 46.181007], [6.183693, 46.180906], [6.183552, 46.180889], [6.183219, 46.180951], [6.183114, 46.180939], [6.183053, 46.180862], [6.182957, 46.180564], [6.182949, 46.18038], [6.182966, 46.180278], [6.182935, 46.180176], [6.182912, 46.180154], [6.182764, 46.180089], [6.182567, 46.180075], [6.182226, 46.180102], [6.182105, 46.180087], [6.181954, 46.180042], [6.181851, 46.179918], [6.181322, 46.179469], [6.180227, 46.179634], [6.179448, 46.179537], [6.178816, 46.179293], [6.17838, 46.179037], [6.177967, 46.178676], [6.177244, 46.177772], [6.176708, 46.177458], [6.176032, 46.177158], [6.174271, 46.176455], [6.173257, 46.176092], [6.17239, 46.17585], [6.171759, 46.175715], [6.171234, 46.175675], [6.170705, 46.175686], [6.16992, 46.175864], [6.169515, 46.176084], [6.169186, 46.176356], [6.169029, 46.176772], [6.169067, 46.177074], [6.169335, 46.177444], [6.170133, 46.177777], [6.171111, 46.178603], [6.171371, 46.178904], [6.171484, 46.179266], [6.171485, 46.179831], [6.171555, 46.180443], [6.171514, 46.181017], [6.171368, 46.182229], [6.17119, 46.182813], [6.170918, 46.183429], [6.17064, 46.183907], [6.17036, 46.184216], [6.170115, 46.184757], [6.169888, 46.185185], [6.169497, 46.185767], [6.168697, 46.186639], [6.167864, 46.187266], [6.16757, 46.188878], [6.16754, 46.18897], [6.16762, 46.189058], [6.167393, 46.189609], [6.167349, 46.189811], [6.167367, 46.189865], [6.167454, 46.189966]]]}, "properties": {"npa": 1231, "nom": "Conches", "lat": 46.185376, "lon": 6.176045}}, {"type": "Feature", "geometry": {"type": "Polygon", "coordinates": [[[6.031815, 46.199169], [6.03232, 46.199326], [6.032855, 46.199426], [6.033405, 46.199468], [6.033958, 46.19945], [6.035029, 46.199304], [6.035706, 46.199187], [6.036365, 46.199029], [6.037002, 46.198832], [6.037613, 46.198598], [6.038423, 46.198206], [6.038866, 46.197944], [6.0405, 46.196914], [6.040684, 46.196825], [6.041084, 46.19668], [6.041296, 46.196626], [6.042062, 46.196486], [6.042447, 46.196346], [6.04632, 46.194234], [6.046642, 46.194083], [6.046994, 46.193968], [6.047672, 46.193821], [6.048312, 46.193706], [6.048963, 46.193625], [6.049621, 46.193578], [6.050281, 46.193565], [6.052466, 46.193668], [6.052877, 46.193659], [6.053284, 46.193627], [6.053687, 46.193573], [6.054083, 46.193497], [6.05641, 46.192859], [6.056801, 46.192784], [6.057199, 46.19273], [6.057602, 46.192697], [6.058007, 46.192687], [6.058412, 46.192698], [6.058814, 46.192732], [6.059847, 46.192895], [6.060204, 46.191986], [6.060241, 46.191903], [6.060318, 46.191837], [6.060313, 46.191759], [6.060374, 46.191682], [6.060167, 46.191472], [6.059997, 46.191336], [6.059887, 46.191136], [6.059881, 46.191016], [6.059665, 46.190772], [6.059665, 46.190729], [6.059575, 46.190577], [6.059299, 46.190409], [6.05924, 46.190333], [6.059083, 46.190227], [6.059033, 46.190164], [6.058965, 46.19013], [6.058894, 46.190043], [6.058876, 46.189884], [6.058622, 46.18972], [6.058653, 46.189695], [6.055367, 46.187487], [6.053, 46.186376], [6.053005, 46.186327], [6.056115, 46.185202], [6.056083, 46.185093], [6.055005, 46.183647], [6.054381, 46.182767], [6.053743, 46.182325], [6.053568, 46.18237], [6.053351, 46.182523], [6.053237, 46.182568], [6.053233, 46.182517], [6.053213, 46.182481], [6.053152, 46.182455], [6.053035, 46.182493], [6.052953, 46.182478], [6.052648, 46.182475], [6.052584, 46.182494], [6.052341, 46.182502], [6.052253, 46.182531], [6.052212, 46.182561], [6.052028, 46.182603], [6.051946, 46.18265], [6.051791, 46.182651], [6.051749, 46.182622], [6.051661, 46.182608], [6.051506, 46.18254], [6.051418, 46.182593], [6.051257, 46.182607], [6.05102, 46.182674], [6.05081, 46.182707], [6.050763, 46.182684], [6.050759, 46.182654], [6.050689, 46.182625], [6.050678, 46.182605], [6.050717, 46.182481], [6.050681, 46.182382], [6.050668, 46.182252], [6.050585, 46.1822], [6.050575, 46.182162], [6.050525, 46.182367], [6.050386, 46.182486], [6.050329, 46.182507], [6.050142, 46.182507], [6.050047, 46.182565], [6.049893, 46.182574], [6.049782, 46.182621], [6.049533, 46.182614], [6.049282, 46.182718], [6.049124, 46.182837], [6.049033, 46.182858], [6.049002, 46.182889], [6.048797, 46.182984], [6.048334, 46.183324], [6.048246, 46.183559], [6.048169, 46.183697], [6.048056, 46.183829], [6.047947, 46.183915], [6.047825, 46.184059], [6.047803, 46.184118], [6.047637, 46.184377], [6.047603, 46.184409], [6.047623, 46.184498], [6.047522, 46.184551], [6.047382, 46.184579], [6.047227, 46.184669], [6.046958, 46.184682], [6.04645, 46.184674], [6.046263, 46.184731], [6.045927, 46.184777], [6.045584, 46.184631], [6.045239, 46.184566], [6.044997, 46.184736], [6.04499, 46.184884], [6.045033, 46.184989], [6.044901, 46.185042], [6.044766, 46.184821], [6.044609, 46.184671], [6.043819, 46.184333], [6.043619, 46.184231], [6.043272, 46.184023], [6.042592, 46.183543], [6.042077, 46.183156], [6.041618, 46.182865], [6.039758, 46.181858], [6.033824, 46.184397], [6.028705, 46.186168], [6.030058, 46.186982], [6.030303, 46.187167], [6.030527, 46.187365], [6.030727, 46.187575], [6.030903, 46.187795], [6.031053, 46.188025], [6.031175, 46.188262], [6.031277, 46.188527], [6.031346, 46.188797], [6.03138, 46.189071], [6.03138, 46.189346], [6.031345, 46.189619], [6.031276, 46.18989], [6.031173, 46.190155], [6.031038, 46.190413], [6.030871, 46.190662], [6.028727, 46.193519], [6.028537, 46.193801], [6.028383, 46.194094], [6.028267, 46.194395], [6.028188, 46.194702], [6.028147, 46.195013], [6.028146, 46.195324], [6.028183, 46.195635], [6.028258, 46.195938], [6.028369, 46.196236], [6.028517, 46.196526], [6.0287, 46.196807], [6.028917, 46.197075], [6.029166, 46.197329], [6.030167, 46.198264], [6.03038, 46.198446], [6.030615, 46.198614], [6.030869, 46.198767], [6.031142, 46.198905], [6.031815, 46.199169]]]}, "properties": {"npa": 1288, "nom": "Aire-la-Ville", "lat": 46.19023, "lon": 6.042233}}, {"type": "Feature", "geometry": {"type": "Polygon", "coordinates": [[[6.28009, 46.244879], [6.276639, 46.247679], [6.276695, 46.247716], [6.275809, 46.248575], [6.274466, 46.247849], [6.275474, 46.247095], [6.275251, 46.246987], [6.278219, 46.244563], [6.276696, 46.244239], [6.276095, 46.244137], [6.275298, 46.243925], [6.273187, 46.243249], [6.27178, 46.243004], [6.271399, 46.242894], [6.270985, 46.242743], [6.270185, 46.243508], [6.269655, 46.243082], [6.268819, 46.24393], [6.268685, 46.244023], [6.269922, 46.244813], [6.269242, 46.245298], [6.267922, 46.244467], [6.265043, 46.245908], [6.264055, 46.245915], [6.263938, 46.245888], [6.263622, 46.245869], [6.263389, 46.245684], [6.263313, 46.245598], [6.262777, 46.244136], [6.26278, 46.244047], [6.262842, 46.243939], [6.2631, 46.243759], [6.263185, 46.243626], [6.263234, 46.243213], [6.26323, 46.243089], [6.263113, 46.242974], [6.263028, 46.242973], [6.26297, 46.242942], [6.262882, 46.242957], [6.262836, 46.242944], [6.262754, 46.242971], [6.262644, 46.242968], [6.262598, 46.242937], [6.262538, 46.242957], [6.262152, 46.242969], [6.262095, 46.242946], [6.261879, 46.242923], [6.261702, 46.242866], [6.261454, 46.242595], [6.26131, 46.242519], [6.261191, 46.242524], [6.261128, 46.24255], [6.260979, 46.242567], [6.260842, 46.242529], [6.26079, 46.242484], [6.260669, 46.24248], [6.260535, 46.242538], [6.260475, 46.242598], [6.260298, 46.242624], [6.260172, 46.242552], [6.260033, 46.242545], [6.259871, 46.24259], [6.259688, 46.242593], [6.259452, 46.242635], [6.259316, 46.242635], [6.258373, 46.242805], [6.258017, 46.242958], [6.257669, 46.243195], [6.257471, 46.243297], [6.257264, 46.243365], [6.257235, 46.243393], [6.257231, 46.243427], [6.2573, 46.243553], [6.257314, 46.243636], [6.257267, 46.243698], [6.257206, 46.243697], [6.257064, 46.243754], [6.25702, 46.24381], [6.25693, 46.243819], [6.256888, 46.243808], [6.25684, 46.243744], [6.256798, 46.243642], [6.256593, 46.243545], [6.256518, 46.243547], [6.256399, 46.243513], [6.255928, 46.243484], [6.255697, 46.243449], [6.256703, 46.245748], [6.25666, 46.245828], [6.255685, 46.246245], [6.255441, 46.246363], [6.255324, 46.246421], [6.254644, 46.246847], [6.253503, 46.247374], [6.25353, 46.247405], [6.253509, 46.247479], [6.253925, 46.248026], [6.254156, 46.248366], [6.254202, 46.248548], [6.254233, 46.24882], [6.254237, 46.249131], [6.254268, 46.249221], [6.254308, 46.249251], [6.254035, 46.249184], [6.252522, 46.248931], [6.251988, 46.248853], [6.251462, 46.248802], [6.250896, 46.248776], [6.249647, 46.248772], [6.249554, 46.248874], [6.250585, 46.25009], [6.251842, 46.250932], [6.2517, 46.250989], [6.251724, 46.25109], [6.251867, 46.251082], [6.252001, 46.251118], [6.252057, 46.251151], [6.253643, 46.252319], [6.253676, 46.252365], [6.253667, 46.252416], [6.253705, 46.25247], [6.245174, 46.256135], [6.245752, 46.25653], [6.24656, 46.257405], [6.247307, 46.258398], [6.248009, 46.259273], [6.248246, 46.259637], [6.248323, 46.259611], [6.248513, 46.259925], [6.248656, 46.26011], [6.248907, 46.26035], [6.249096, 46.260666], [6.249323, 46.261111], [6.249508, 46.261597], [6.249863, 46.262138], [6.249912, 46.262157], [6.261672, 46.254561], [6.261072, 46.253247], [6.260922, 46.252844], [6.260917, 46.252765], [6.260713, 46.252451], [6.260177, 46.251814], [6.260152, 46.251679], [6.26037, 46.251565], [6.26081, 46.251482], [6.261392, 46.251288], [6.262566, 46.251075], [6.262791, 46.251006], [6.263014, 46.250905], [6.263774, 46.250357], [6.264045, 46.250195], [6.264784, 46.249644], [6.2658, 46.249066], [6.26653, 46.24799], [6.266786, 46.247693], [6.26716, 46.247815], [6.268091, 46.248208], [6.26858, 46.24857], [6.2701, 46.248488], [6.270192, 46.248538], [6.270367, 46.2487], [6.270885, 46.248823], [6.271048, 46.248963], [6.271258, 46.249012], [6.271579, 46.249143], [6.271841, 46.24916], [6.271957, 46.249208], [6.272086, 46.249219], [6.272229, 46.249274], [6.272446, 46.249324], [6.272524, 46.249366], [6.272699, 46.249394], [6.272985, 46.249517], [6.273057, 46.249534], [6.273165, 46.249595], [6.27329, 46.249626], [6.273345, 46.249704], [6.273375, 46.249803], [6.273449, 46.24983], [6.27354, 46.249826], [6.273664, 46.249898], [6.273824, 46.249932], [6.27389, 46.249981], [6.273938, 46.250043], [6.274036, 46.250087], [6.274226, 46.250052], [6.274396, 46.250162], [6.274501, 46.250171], [6.274536, 46.250192], [6.274485, 46.250234], [6.274538, 46.250358], [6.274622, 46.250331], [6.27473, 46.250384], [6.274683, 46.250451], [6.274732, 46.250488], [6.274834, 46.250503], [6.275014, 46.250588], [6.275269, 46.250613], [6.275325, 46.250648], [6.27568, 46.250718], [6.275922, 46.250809], [6.276043, 46.25082], [6.276518, 46.250982], [6.276682, 46.25101], [6.276727, 46.250992], [6.277939, 46.251343], [6.278307, 46.251164], [6.278576, 46.251363], [6.278704, 46.251264], [6.279192, 46.251452], [6.278514, 46.25246], [6.280768, 46.253508], [6.281815, 46.253687], [6.284164, 46.254219], [6.285251, 46.25489], [6.283458, 46.255971], [6.286579, 46.257353], [6.288304, 46.258791], [6.2898, 46.259961], [6.291183, 46.26179], [6.291401, 46.262015], [6.291486, 46.262603], [6.291506, 46.262652], [6.291556, 46.262736], [6.291699, 46.262867], [6.291763, 46.262949], [6.291823, 46.26299], [6.291819, 46.263016], [6.291902, 46.263123], [6.292077, 46.263263], [6.29205, 46.263284], [6.292275, 46.26353], [6.292334, 46.263548], [6.292442, 46.263461], [6.292571, 46.263452], [6.292894, 46.263525], [6.293079, 46.263658], [6.293293, 46.263753], [6.29331, 46.263889], [6.293373, 46.26399], [6.293506, 46.264054], [6.293595, 46.264002], [6.293779, 46.263975], [6.293887, 46.264015], [6.294136, 46.264204], [6.294389, 46.264322], [6.294433, 46.264401], [6.294527, 46.264489], [6.294668, 46.264573], [6.294861, 46.264592], [6.294932, 46.26457], [6.295133, 46.26447], [6.295232, 46.264384], [6.29537, 46.264431], [6.295418, 46.26437], [6.295568, 46.264384], [6.295596, 46.264481], [6.295714, 46.264444], [6.295766, 46.26441], [6.295765, 46.264376], [6.295657, 46.264303], [6.295742, 46.264112], [6.295786, 46.264107], [6.295919, 46.264202], [6.296028, 46.264221], [6.296126, 46.26419], [6.296162, 46.264282], [6.296206, 46.264278], [6.296325, 46.264229], [6.29635, 46.264145], [6.296195, 46.263844], [6.296251, 46.263769], [6.296348, 46.263796], [6.296573, 46.263568], [6.296578, 46.263491], [6.296507, 46.26344], [6.296596, 46.263279], [6.296425, 46.263096], [6.296328, 46.263091], [6.296313, 46.263072], [6.296403, 46.26295], [6.296297, 46.262794], [6.296172, 46.262855], [6.296116, 46.262823], [6.296218, 46.262743], [6.296139, 46.262683], [6.29605, 46.262731], [6.296035, 46.262632], [6.295963, 46.262589], [6.295973, 46.26254], [6.296093, 46.262509], [6.296193, 46.262528], [6.296206, 46.26247], [6.29611, 46.262467], [6.296078, 46.262428], [6.296094, 46.262318], [6.29622, 46.262279], [6.296264, 46.262092], [6.2962, 46.262054], [6.296298, 46.26198], [6.296259, 46.26194], [6.296278, 46.261761], [6.296196, 46.261727], [6.296117, 46.261774], [6.296093, 46.261765], [6.296098, 46.261655], [6.296016, 46.261564], [6.295898, 46.261493], [6.295946, 46.261303], [6.295934, 46.261118], [6.295804, 46.261119], [6.295774, 46.261093], [6.295822, 46.26105], [6.295783, 46.261029], [6.295681, 46.261047], [6.295646, 46.261003], [6.295553, 46.260956], [6.295395, 46.26083], [6.295473, 46.260771], [6.295185, 46.26053], [6.295325, 46.260449], [6.295143, 46.260292], [6.295266, 46.260248], [6.295288, 46.260148], [6.295218, 46.260122], [6.29518, 46.260159], [6.295058, 46.260121], [6.295083, 46.260017], [6.294756, 46.260019], [6.294602, 46.259962], [6.294597, 46.259938], [6.294711, 46.259912], [6.294728, 46.259857], [6.294678, 46.259838], [6.294575, 46.259872], [6.294478, 46.259788], [6.294405, 46.259818], [6.294358, 46.259815], [6.294196, 46.259691], [6.294142, 46.259627], [6.294205, 46.259594], [6.294204, 46.259559], [6.294162, 46.259526], [6.294025, 46.259594], [6.293963, 46.259531], [6.293925, 46.259528], [6.293972, 46.259423], [6.294084, 46.259358], [6.294068, 46.259299], [6.294158, 46.259227], [6.294364, 46.259164], [6.294369, 46.259127], [6.294315, 46.259067], [6.294427, 46.258996], [6.294404, 46.258924], [6.294309, 46.258906], [6.294268, 46.259001], [6.294241, 46.259005], [6.294173, 46.258881], [6.29423, 46.258833], [6.294225, 46.258811], [6.294059, 46.258783], [6.294095, 46.258742], [6.294061, 46.258663], [6.294081, 46.258635], [6.294163, 46.25867], [6.294177, 46.258657], [6.294149, 46.258606], [6.294022, 46.258478], [6.29411, 46.25846], [6.294105, 46.258259], [6.294066, 46.258134], [6.293954, 46.258135], [6.293956, 46.25811], [6.29407, 46.258047], [6.29408, 46.258025], [6.294038, 46.257947], [6.294061, 46.257932], [6.294198, 46.257921], [6.294153, 46.257768], [6.294173, 46.257751], [6.294296, 46.257791], [6.294386, 46.257771], [6.294375, 46.257747], [6.294274, 46.257701], [6.294551, 46.257514], [6.294652, 46.257475], [6.29462, 46.257372], [6.29475, 46.25727], [6.294667, 46.257161], [6.294697, 46.257103], [6.29474, 46.257095], [6.294834, 46.257184], [6.294881, 46.25715], [6.294828, 46.257081], [6.29491, 46.257039], [6.2949, 46.257015], [6.294821, 46.256967], [6.294824, 46.25695], [6.294896, 46.256937], [6.294899, 46.256871], [6.295035, 46.256864], [6.294901, 46.256757], [6.294925, 46.256736], [6.295113, 46.256729], [6.295132, 46.256671], [6.295017, 46.256645], [6.29498, 46.256578], [6.294917, 46.256551], [6.294786, 46.256579], [6.294743, 46.256562], [6.294744, 46.256491], [6.2948, 46.256475], [6.294877, 46.256503], [6.294901, 46.256496], [6.294896, 46.256433], [6.294837, 46.256382], [6.294926, 46.256282], [6.294922, 46.256226], [6.295019, 46.256167], [6.294994, 46.256074], [6.295016, 46.25606], [6.295169, 46.256152], [6.29524, 46.25607], [6.295271, 46.256065], [6.295427, 46.256143], [6.295495, 46.256126], [6.295467, 46.256051], [6.295444, 46.25603], [6.295448, 46.256009], [6.295589, 46.255974], [6.295606, 46.255883], [6.295706, 46.255889], [6.29587, 46.255971], [6.295963, 46.255966], [6.296058, 46.255893], [6.29599, 46.255903], [6.295721, 46.255776], [6.295558, 46.255653], [6.295364, 46.255408], [6.295277, 46.255335], [6.295175, 46.25529], [6.294952, 46.255227], [6.294731, 46.255195], [6.294513, 46.255212], [6.294328, 46.25525], [6.293942, 46.255388], [6.293483, 46.255588], [6.293261, 46.255647], [6.293032, 46.255659], [6.292809, 46.255634], [6.292619, 46.255562], [6.292419, 46.25546], [6.292133, 46.255275], [6.291981, 46.255158], [6.291679, 46.254885], [6.291245, 46.254299], [6.29015, 46.253321], [6.289686, 46.252715], [6.288577, 46.251607], [6.288362, 46.251343], [6.287896, 46.250706], [6.287831, 46.250681], [6.28741, 46.250723], [6.287313, 46.250689], [6.286813, 46.250226], [6.286633, 46.249975], [6.285344, 46.247845], [6.285221, 46.247704], [6.284996, 46.247503], [6.284749, 46.247308], [6.283632, 46.246619], [6.281903, 46.245706], [6.280855, 46.245084], [6.280662, 46.245004], [6.280468, 46.244946], [6.28009, 46.244879]]]}, "properties": {"npa": 1251, "nom": "Gy", "lat": 46.251856, "lon": 6.26995}}, {"type": "Feature", "geometry": {"type": "Polygon", "coordinates": [[[6.246058, 46.21347], [6.246061, 46.213529], [6.246002, 46.213565], [6.246025, 46.213635], [6.246157, 46.21364], [6.246201, 46.213659], [6.247714, 46.215811], [6.247616, 46.215877], [6.247102, 46.216074], [6.246577, 46.216307], [6.245766, 46.216589], [6.245265, 46.217423], [6.244467, 46.217668], [6.243115, 46.218019], [6.242986, 46.218037], [6.24279, 46.217951], [6.242464, 46.217758], [6.242312, 46.217779], [6.240816, 46.218181], [6.238764, 46.218928], [6.238575, 46.218731], [6.238269, 46.218364], [6.238037, 46.218031], [6.237962, 46.217815], [6.237818, 46.217664], [6.237229, 46.217875], [6.236637, 46.218064], [6.236205, 46.218184], [6.235645, 46.21828], [6.235008, 46.218344], [6.233996, 46.218362], [6.233982, 46.218396], [6.234292, 46.219321], [6.234346, 46.219443], [6.234444, 46.219528], [6.234811, 46.219566], [6.234955, 46.219879], [6.235526, 46.220272], [6.23578, 46.220095], [6.236758, 46.220767], [6.236726, 46.220786], [6.236892, 46.220898], [6.237243, 46.220686], [6.238664, 46.221568], [6.240851, 46.224056], [6.241575, 46.223744], [6.24166, 46.223754], [6.24235, 46.22345], [6.242394, 46.223462], [6.242435, 46.223521], [6.24302, 46.225747], [6.243223, 46.226194], [6.243283, 46.226182], [6.24346, 46.226579], [6.246124, 46.226035], [6.246456, 46.226625], [6.246544, 46.226723], [6.246649, 46.226809], [6.246736, 46.226843], [6.246902, 46.226855], [6.246988, 46.226837], [6.247971, 46.226442], [6.248373, 46.226241], [6.248722, 46.225994], [6.248867, 46.225854], [6.248988, 46.225702], [6.249929, 46.224292], [6.250021, 46.224175], [6.250763, 46.223029], [6.251155, 46.222451], [6.251374, 46.222142], [6.251386, 46.222146], [6.251974, 46.221246], [6.252143, 46.22143], [6.252168, 46.221431], [6.252381, 46.221608], [6.252548, 46.221722], [6.252573, 46.221775], [6.252641, 46.221827], [6.252752, 46.221827], [6.252858, 46.221927], [6.253004, 46.221958], [6.2531, 46.222024], [6.253484, 46.222192], [6.253664, 46.222248], [6.253923, 46.222401], [6.254113, 46.222491], [6.254219, 46.222577], [6.254481, 46.222626], [6.254579, 46.222616], [6.254695, 46.222632], [6.254818, 46.2227], [6.254844, 46.222773], [6.254943, 46.222811], [6.255004, 46.222854], [6.255078, 46.222934], [6.255086, 46.222996], [6.255163, 46.223059], [6.255423, 46.223177], [6.255546, 46.223271], [6.255628, 46.223312], [6.255724, 46.223332], [6.25601, 46.223326], [6.256218, 46.223262], [6.256314, 46.223248], [6.25667, 46.223242], [6.256703, 46.22321], [6.256689, 46.223153], [6.256746, 46.223061], [6.256817, 46.223041], [6.257206, 46.223056], [6.257311, 46.223029], [6.257533, 46.222937], [6.257938, 46.223006], [6.258579, 46.223345], [6.258646, 46.223437], [6.258941, 46.223522], [6.259055, 46.223539], [6.25917, 46.223529], [6.259295, 46.223568], [6.259722, 46.223546], [6.259947, 46.223625], [6.260131, 46.223614], [6.260255, 46.223631], [6.260468, 46.223583], [6.260662, 46.223588], [6.260732, 46.223538], [6.260765, 46.223486], [6.26083, 46.223466], [6.261011, 46.223458], [6.261439, 46.223554], [6.261663, 46.223641], [6.261868, 46.223675], [6.262175, 46.223872], [6.262312, 46.223866], [6.262509, 46.223805], [6.262702, 46.223783], [6.263072, 46.223816], [6.26319, 46.223851], [6.263298, 46.223859], [6.263328, 46.223889], [6.263546, 46.223993], [6.263828, 46.224051], [6.263856, 46.224093], [6.263936, 46.224112], [6.264109, 46.224096], [6.264279, 46.224018], [6.264578, 46.223956], [6.264629, 46.223953], [6.264667, 46.223973], [6.264772, 46.224063], [6.265357, 46.223854], [6.266511, 46.223849], [6.267031, 46.22373], [6.268901, 46.223168], [6.269599, 46.223537], [6.270408, 46.223943], [6.270716, 46.22408], [6.271176, 46.224322], [6.271624, 46.224299], [6.271814, 46.224379], [6.271907, 46.224449], [6.271938, 46.224497], [6.27212, 46.224571], [6.272723, 46.224894], [6.273235, 46.225046], [6.273508, 46.225173], [6.273683, 46.225208], [6.273869, 46.225146], [6.274861, 46.224983], [6.275035, 46.225], [6.275703, 46.225121], [6.276147, 46.225351], [6.276357, 46.225543], [6.276631, 46.225273], [6.277108, 46.224886], [6.277316, 46.224746], [6.277497, 46.224653], [6.277755, 46.224442], [6.277881, 46.224364], [6.278104, 46.224471], [6.278568, 46.224837], [6.278819, 46.225134], [6.278946, 46.225232], [6.279063, 46.225353], [6.279406, 46.225884], [6.280369, 46.225585], [6.280977, 46.225474], [6.28228, 46.225169], [6.283578, 46.224905], [6.283805, 46.224904], [6.285193, 46.224831], [6.285424, 46.224842], [6.285618, 46.224786], [6.285875, 46.225215], [6.286022, 46.2252], [6.286571, 46.225061], [6.286748, 46.225002], [6.28683, 46.225011], [6.287031, 46.225098], [6.287377, 46.225163], [6.288137, 46.225346], [6.288403, 46.225398], [6.288778, 46.225406], [6.289375, 46.225286], [6.290284, 46.224749], [6.290451, 46.224638], [6.2908, 46.224357], [6.291325, 46.223822], [6.291328, 46.223787], [6.290477, 46.223482], [6.28957, 46.223118], [6.289278, 46.222966], [6.289215, 46.222928], [6.28827, 46.222047], [6.287818, 46.221755], [6.284428, 46.219953], [6.282163, 46.218633], [6.281433, 46.218267], [6.280887, 46.217958], [6.280303, 46.217593], [6.279097, 46.216903], [6.278707, 46.21665], [6.278133, 46.216307], [6.277715, 46.216029], [6.277166, 46.215623], [6.276973, 46.215522], [6.276758, 46.21544], [6.275234, 46.215065], [6.274779, 46.21497], [6.273917, 46.214827], [6.27313, 46.214752], [6.272556, 46.214637], [6.27189, 46.214468], [6.270795, 46.214261], [6.270422, 46.214158], [6.269352, 46.213705], [6.268864, 46.213553], [6.268672, 46.213515], [6.268342, 46.213463], [6.268095, 46.213523], [6.267723, 46.213682], [6.267552, 46.213721], [6.267385, 46.213738], [6.266682, 46.213679], [6.266296, 46.213575], [6.266088, 46.213466], [6.265672, 46.213201], [6.265528, 46.213131], [6.264635, 46.212838], [6.264144, 46.212706], [6.263865, 46.212649], [6.263541, 46.212606], [6.263341, 46.212619], [6.263117, 46.212558], [6.263025, 46.212479], [6.262508, 46.212184], [6.262349, 46.212113], [6.261705, 46.211885], [6.261194, 46.21174], [6.259881, 46.211231], [6.25962, 46.21109], [6.259292, 46.210959], [6.259033, 46.210887], [6.258248, 46.210615], [6.257307, 46.210333], [6.256825, 46.210252], [6.25609, 46.210047], [6.255943, 46.209992], [6.255905, 46.210029], [6.255481, 46.209759], [6.2548, 46.209225], [6.254673, 46.209157], [6.254531, 46.20914], [6.254225, 46.209272], [6.254102, 46.209241], [6.253775, 46.208944], [6.253121, 46.208465], [6.252634, 46.207988], [6.251909, 46.207387], [6.251682, 46.207227], [6.250838, 46.206765], [6.249903, 46.206339], [6.249189, 46.205848], [6.249259, 46.205713], [6.249553, 46.205416], [6.249626, 46.205315], [6.249636, 46.205225], [6.249551, 46.20499], [6.24882, 46.20515], [6.248332, 46.2052], [6.248323, 46.205152], [6.247836, 46.205216], [6.247362, 46.205342], [6.246996, 46.205517], [6.246484, 46.205814], [6.246261, 46.205895], [6.24628, 46.206092], [6.24623, 46.206215], [6.246136, 46.206358], [6.244893, 46.206824], [6.244766, 46.206912], [6.244758, 46.206953], [6.243517, 46.207441], [6.242812, 46.207697], [6.241068, 46.208434], [6.240948, 46.208546], [6.241013, 46.208592], [6.241046, 46.208761], [6.241086, 46.209779], [6.241191, 46.209778], [6.241301, 46.209874], [6.245223, 46.212472], [6.245382, 46.212599], [6.245517, 46.212746], [6.246058, 46.21347]]]}, "properties": {"npa": 1243, "nom": "Presinge", "lat": 46.218013, "lon": 6.260191}}, {"type": "Feature", "geometry": {"type": "Polygon", "coordinates": [[[6.129429, 46.243927], [6.129587, 46.243686], [6.129616, 46.243691], [6.130017, 46.243156], [6.130884, 46.241911], [6.131025, 46.24167], [6.131844, 46.240663], [6.132147, 46.240085], [6.13226, 46.239944], [6.132405, 46.239819], [6.133108, 46.239384], [6.133211, 46.239306], [6.133306, 46.239199], [6.133391, 46.239029], [6.133618, 46.2388], [6.134015, 46.238448], [6.135503, 46.237274], [6.135705, 46.237129], [6.136027, 46.236957], [6.135569, 46.236726], [6.133719, 46.235899], [6.133291, 46.235713], [6.132416, 46.235373], [6.132051, 46.235164], [6.130875, 46.234411], [6.130432, 46.234146], [6.12978, 46.233868], [6.130274, 46.23354], [6.13075, 46.233178], [6.131768, 46.232332], [6.132651, 46.231662], [6.13271, 46.231592], [6.132808, 46.231513], [6.133028, 46.231607], [6.13308, 46.231614], [6.133119, 46.231583], [6.133546, 46.231009], [6.132768, 46.230537], [6.132606, 46.230318], [6.131733, 46.230257], [6.131211, 46.230302], [6.131004, 46.230645], [6.130287, 46.230139], [6.130156, 46.230081], [6.130104, 46.229873], [6.129888, 46.229719], [6.129864, 46.229653], [6.129168, 46.229203], [6.128256, 46.228532], [6.128217, 46.228456], [6.128225, 46.228408], [6.128255, 46.228364], [6.12872, 46.228056], [6.127686, 46.227353], [6.126977, 46.227792], [6.12617, 46.227103], [6.125781, 46.227348], [6.125494, 46.227115], [6.125332, 46.226873], [6.125387, 46.226843], [6.124874, 46.226359], [6.124524, 46.226526], [6.123839, 46.225875], [6.123251, 46.226086], [6.122061, 46.226736], [6.12198, 46.226755], [6.121888, 46.226707], [6.121436, 46.226291], [6.121244, 46.22608], [6.12121, 46.225975], [6.121239, 46.225908], [6.121292, 46.225845], [6.122091, 46.225148], [6.121755, 46.22484], [6.120072, 46.223676], [6.119879, 46.223514], [6.118518, 46.222656], [6.118562, 46.22264], [6.117809, 46.222164], [6.117781, 46.222121], [6.117794, 46.222024], [6.117667, 46.221928], [6.117432, 46.222071], [6.117251, 46.22214], [6.117019, 46.222299], [6.11656, 46.222546], [6.115763, 46.222583], [6.115514, 46.222616], [6.115145, 46.22271], [6.114727, 46.222876], [6.114539, 46.223018], [6.114458, 46.222967], [6.113485, 46.223705], [6.11396, 46.22399], [6.114159, 46.22392], [6.114334, 46.224059], [6.114049, 46.22418], [6.113324, 46.223827], [6.111891, 46.224922], [6.111909, 46.224935], [6.111425, 46.225299], [6.109491, 46.226909], [6.10945, 46.227012], [6.108879, 46.227679], [6.10895, 46.227667], [6.109407, 46.227854], [6.107916, 46.2296], [6.108302, 46.229609], [6.110974, 46.231448], [6.111049, 46.232185], [6.112165, 46.232999], [6.1116, 46.23364], [6.111603, 46.233909], [6.114938, 46.23604], [6.115894, 46.236529], [6.119481, 46.239051], [6.119511, 46.239348], [6.118479, 46.240434], [6.118506, 46.240873], [6.121707, 46.243171], [6.122406, 46.244289], [6.122896, 46.244812], [6.123747, 46.245015], [6.125499, 46.246181], [6.126163, 46.246602], [6.126705, 46.247017], [6.126879, 46.247095], [6.127031, 46.247195], [6.127151, 46.247229], [6.127653, 46.247512], [6.128704, 46.247883], [6.129057, 46.247904], [6.128905, 46.247592], [6.128643, 46.246941], [6.128596, 46.246893], [6.12876, 46.246855], [6.128506, 46.246202], [6.128444, 46.245996], [6.128405, 46.245785], [6.128473, 46.245094], [6.12851, 46.244994], [6.129265, 46.244367], [6.129324, 46.244284], [6.129429, 46.243927]]]}, "properties": {"npa": 1218, "nom": "Le Grand-Saconnex", "lat": 46.233786, "lon": 6.122091}}, {"type": "Feature", "geometry": {"type": "Polygon", "coordinates": [[[6.101576, 46.236696], [6.098824, 46.234817], [6.099068, 46.234629], [6.097209, 46.2335], [6.096602, 46.233088], [6.096454, 46.232836], [6.096376, 46.232526], [6.09621, 46.232286], [6.095974, 46.232128], [6.094315, 46.231228], [6.092929, 46.230414], [6.092457, 46.230087], [6.092106, 46.229714], [6.091756, 46.229293], [6.091364, 46.228503], [6.088599, 46.226589], [6.087587, 46.225899], [6.086979, 46.225511], [6.087055, 46.224725], [6.087885, 46.224461], [6.087128, 46.223945], [6.087071, 46.223868], [6.087254, 46.222737], [6.087271, 46.222414], [6.087295, 46.222341], [6.087118, 46.222462], [6.087129, 46.222318], [6.087082, 46.222145], [6.086286, 46.222224], [6.08382, 46.222427], [6.082883, 46.222487], [6.081831, 46.222515], [6.080225, 46.222528], [6.078978, 46.222504], [6.077756, 46.22241], [6.07303, 46.221919], [6.069998, 46.22156], [6.069578, 46.221447], [6.06898, 46.221254], [6.068485, 46.221045], [6.068156, 46.220856], [6.066949, 46.219959], [6.066599, 46.219719], [6.063683, 46.221793], [6.062871, 46.222331], [6.061232, 46.223618], [6.059476, 46.224732], [6.057716, 46.226087], [6.05559, 46.227775], [6.053524, 46.229211], [6.052725, 46.22925], [6.050182, 46.229759], [6.049798, 46.229886], [6.0489, 46.230243], [6.048249, 46.230462], [6.048032, 46.230511], [6.047898, 46.230573], [6.047547, 46.230782], [6.046111, 46.231394], [6.046219, 46.231496], [6.046527, 46.231931], [6.04728, 46.233096], [6.047452, 46.233404], [6.047929, 46.233172], [6.048006, 46.23315], [6.04803, 46.23316], [6.048213, 46.233311], [6.048478, 46.233481], [6.049009, 46.233882], [6.049506, 46.234289], [6.049673, 46.234528], [6.049662, 46.234546], [6.049986, 46.234865], [6.050298, 46.235139], [6.050833, 46.235863], [6.051076, 46.236467], [6.051162, 46.236573], [6.051333, 46.236908], [6.051701, 46.237471], [6.051719, 46.23755], [6.052015, 46.23789], [6.052155, 46.238097], [6.05209, 46.238232], [6.053463, 46.239535], [6.05345, 46.239541], [6.054526, 46.240511], [6.054636, 46.240488], [6.055888, 46.241658], [6.056409, 46.241901], [6.057125, 46.242174], [6.057761, 46.242626], [6.058041, 46.24285], [6.058682, 46.243602], [6.060107, 46.244841], [6.060411, 46.245009], [6.060901, 46.245079], [6.061422, 46.245086], [6.062225, 46.245414], [6.063346, 46.245801], [6.063761, 46.245268], [6.063751, 46.245252], [6.063874, 46.245111], [6.063866, 46.245089], [6.063934, 46.245032], [6.064021, 46.244907], [6.064069, 46.244801], [6.064098, 46.244785], [6.064133, 46.244724], [6.064144, 46.244655], [6.064207, 46.244649], [6.064307, 46.244584], [6.064346, 46.244585], [6.064355, 46.244536], [6.064479, 46.244463], [6.064567, 46.244325], [6.064741, 46.24426], [6.064789, 46.244198], [6.064827, 46.244185], [6.064868, 46.244131], [6.064932, 46.244096], [6.064952, 46.244051], [6.064973, 46.244052], [6.065002, 46.244024], [6.065007, 46.243978], [6.065075, 46.24395], [6.065145, 46.243885], [6.065211, 46.2438], [6.065201, 46.243778], [6.065327, 46.243662], [6.065323, 46.243637], [6.065391, 46.243595], [6.065368, 46.243556], [6.065436, 46.243524], [6.065428, 46.243505], [6.065483, 46.243419], [6.065556, 46.243376], [6.065634, 46.243367], [6.065728, 46.243204], [6.065841, 46.243157], [6.065866, 46.243117], [6.065908, 46.243099], [6.065869, 46.243075], [6.06587, 46.243056], [6.065814, 46.243007], [6.065904, 46.24295], [6.065939, 46.24291], [6.066004, 46.242883], [6.06603, 46.24283], [6.066101, 46.242807], [6.066164, 46.242832], [6.066196, 46.242776], [6.066243, 46.242789], [6.066256, 46.242743], [6.066301, 46.24272], [6.066319, 46.242671], [6.066411, 46.242604], [6.066422, 46.242572], [6.066516, 46.242559], [6.066504, 46.242511], [6.066517, 46.242488], [6.066565, 46.242493], [6.066572, 46.242451], [6.066662, 46.242369], [6.06666, 46.24234], [6.066696, 46.242279], [6.066768, 46.242271], [6.066801, 46.242216], [6.066845, 46.242181], [6.066877, 46.242186], [6.066906, 46.242127], [6.066932, 46.242128], [6.06693, 46.242092], [6.067011, 46.242018], [6.067069, 46.241998], [6.067093, 46.241938], [6.06716, 46.241916], [6.067161, 46.241864], [6.067198, 46.24186], [6.067216, 46.241834], [6.067248, 46.241827], [6.067286, 46.241782], [6.067618, 46.24188], [6.068197, 46.241974], [6.069552, 46.241167], [6.070218, 46.241688], [6.0709, 46.24131], [6.071383, 46.241682], [6.07181, 46.242192], [6.073025, 46.241349], [6.073482, 46.241947], [6.073763, 46.242286], [6.072817, 46.243113], [6.073536, 46.243712], [6.073869, 46.243723], [6.074867, 46.243563], [6.075172, 46.243795], [6.075555, 46.24359], [6.077155, 46.244671], [6.077829, 46.244229], [6.078508, 46.244662], [6.078763, 46.244894], [6.078967, 46.245037], [6.07919, 46.24516], [6.079525, 46.245404], [6.081959, 46.245799], [6.082517, 46.245393], [6.082795, 46.245599], [6.082834, 46.245664], [6.082866, 46.245795], [6.082991, 46.245967], [6.083344, 46.246323], [6.083612, 46.246566], [6.083848, 46.246728], [6.084339, 46.247006], [6.084392, 46.247022], [6.08553, 46.246201], [6.085618, 46.246114], [6.085631, 46.246081], [6.08554, 46.245964], [6.088056, 46.247126], [6.088154, 46.246297], [6.088513, 46.245881], [6.090686, 46.245125], [6.092328, 46.243818], [6.092386, 46.243697], [6.09333, 46.2429], [6.093539, 46.243044], [6.095436, 46.241626], [6.099062, 46.239065], [6.10145, 46.237647], [6.101812, 46.237879], [6.102025, 46.237715], [6.100887, 46.23741], [6.10088, 46.237352], [6.101576, 46.236696]]]}, "properties": {"npa": 1217, "nom": "Meyrin", "lat": 46.233924, "lon": 6.074262}}, {"type": "Feature", "geometry": {"type": "Polygon", "coordinates": [[[6.125158, 46.249155], [6.12522, 46.2488], [6.125265, 46.248812], [6.126014, 46.247711], [6.126705, 46.247017], [6.126163, 46.246602], [6.125499, 46.246181], [6.123747, 46.245015], [6.122896, 46.244812], [6.122406, 46.244289], [6.121707, 46.243171], [6.118506, 46.240873], [6.118479, 46.240434], [6.119511, 46.239348], [6.119481, 46.239051], [6.115894, 46.236529], [6.114938, 46.23604], [6.111603, 46.233909], [6.1116, 46.23364], [6.112165, 46.232999], [6.111049, 46.232185], [6.110974, 46.231448], [6.108302, 46.229609], [6.107916, 46.2296], [6.107603, 46.229265], [6.10697, 46.229296], [6.106471, 46.229135], [6.105336, 46.228399], [6.104012, 46.227763], [6.103169, 46.227237], [6.102222, 46.226373], [6.102214, 46.225973], [6.101752, 46.225089], [6.101418, 46.224285], [6.101229, 46.223624], [6.100916, 46.223517], [6.099671, 46.2242], [6.099507, 46.224201], [6.099226, 46.223975], [6.099522, 46.2238], [6.099303, 46.223575], [6.098943, 46.223749], [6.0985, 46.223392], [6.098077, 46.223671], [6.097068, 46.224243], [6.096265, 46.223488], [6.095202, 46.222816], [6.094666, 46.222625], [6.087885, 46.224461], [6.087055, 46.224725], [6.086979, 46.225511], [6.087587, 46.225899], [6.088599, 46.226589], [6.091364, 46.228503], [6.091756, 46.229293], [6.092106, 46.229714], [6.092457, 46.230087], [6.092929, 46.230414], [6.094315, 46.231228], [6.095974, 46.232128], [6.09621, 46.232286], [6.096376, 46.232526], [6.096454, 46.232836], [6.096602, 46.233088], [6.097209, 46.2335], [6.099068, 46.234629], [6.098824, 46.234817], [6.101576, 46.236696], [6.10088, 46.237352], [6.100887, 46.23741], [6.102025, 46.237715], [6.101812, 46.237879], [6.105474, 46.240231], [6.106853, 46.241171], [6.108827, 46.23987], [6.120786, 46.248015], [6.120294, 46.248503], [6.120911, 46.248831], [6.123578, 46.250648], [6.12413, 46.250381], [6.124743, 46.250165], [6.124765, 46.250144], [6.125187, 46.249165], [6.125158, 46.249155]]]}, "properties": {"npa": 1215, "nom": "Genève", "lat": 46.234714, "lon": 6.10637}}, {"type": "Feature", "geometry": {"type": "Polygon", "coordinates": [[[6.243589, 46.285965], [6.244071, 46.285263], [6.243977, 46.285261], [6.243817, 46.285284], [6.243687, 46.285354], [6.24359, 46.285428], [6.243508, 46.285456], [6.243253, 46.285447], [6.243111, 46.285422], [6.242961, 46.285368], [6.242791, 46.285249], [6.24264, 46.285103], [6.242539, 46.285057], [6.242327, 46.285062], [6.242066, 46.285024], [6.241764, 46.285035], [6.241732, 46.285016], [6.241692, 46.284946], [6.241667, 46.284753], [6.241662, 46.284615], [6.241676, 46.284501], [6.241739, 46.284285], [6.241784, 46.284187], [6.241834, 46.284149], [6.241926, 46.284122], [6.241973, 46.284082], [6.241936, 46.28396], [6.241741, 46.283762], [6.241632, 46.283686], [6.241512, 46.283647], [6.241278, 46.283655], [6.240966, 46.283482], [6.240864, 46.283407], [6.240808, 46.283272], [6.240675, 46.283143], [6.240186, 46.282823], [6.24003, 46.282796], [6.239882, 46.28275], [6.239804, 46.282704], [6.239748, 46.28262], [6.239742, 46.282554], [6.239892, 46.282146], [6.239895, 46.282077], [6.239744, 46.281967], [6.239599, 46.281899], [6.239176, 46.28178], [6.239107, 46.281802], [6.238985, 46.281884], [6.23885, 46.281937], [6.238682, 46.281991], [6.238344, 46.282061], [6.238152, 46.282141], [6.238002, 46.282126], [6.237916, 46.282046], [6.237867, 46.281968], [6.237829, 46.281774], [6.23789, 46.281725], [6.238005, 46.281686], [6.238112, 46.281677], [6.238286, 46.281709], [6.238373, 46.281649], [6.238345, 46.281569], [6.238275, 46.281447], [6.238265, 46.281343], [6.238277, 46.281311], [6.238385, 46.281237], [6.238416, 46.281195], [6.238415, 46.281147], [6.238382, 46.281107], [6.238332, 46.281081], [6.2382, 46.281059], [6.238167, 46.281031], [6.238129, 46.280921], [6.238066, 46.280806], [6.238076, 46.280768], [6.238207, 46.280738], [6.238275, 46.280764], [6.238391, 46.280842], [6.238544, 46.280856], [6.238566, 46.280833], [6.238575, 46.280743], [6.238507, 46.280621], [6.238286, 46.280537], [6.23828, 46.280483], [6.238325, 46.280449], [6.238542, 46.28038], [6.23865, 46.280323], [6.238854, 46.280263], [6.238854, 46.280218], [6.238614, 46.280088], [6.238551, 46.280026], [6.238521, 46.279965], [6.238553, 46.279903], [6.238636, 46.279864], [6.238799, 46.279853], [6.238993, 46.279573], [6.239027, 46.279467], [6.239018, 46.27939], [6.238582, 46.279236], [6.238526, 46.279193], [6.238533, 46.279145], [6.238615, 46.279031], [6.238693, 46.278851], [6.238684, 46.278805], [6.238524, 46.278682], [6.23846, 46.278405], [6.238456, 46.278249], [6.238359, 46.278118], [6.238382, 46.278059], [6.238267, 46.27796], [6.237878, 46.277879], [6.237657, 46.277795], [6.237602, 46.277749], [6.237565, 46.277663], [6.237583, 46.277554], [6.237643, 46.277486], [6.237907, 46.277285], [6.23799, 46.277142], [6.238018, 46.277059], [6.238025, 46.276949], [6.238029, 46.276366], [6.238043, 46.276256], [6.238108, 46.276049], [6.238162, 46.275942], [6.238285, 46.275764], [6.23909, 46.27493], [6.239264, 46.274814], [6.23941, 46.274741], [6.239731, 46.274615], [6.239893, 46.274528], [6.240296, 46.274151], [6.240505, 46.273983], [6.240838, 46.273763], [6.241902, 46.27313], [6.242034, 46.273067], [6.242356, 46.272951], [6.242709, 46.272878], [6.242713, 46.272863], [6.242871, 46.272853], [6.249718, 46.262634], [6.249312, 46.262489], [6.249019, 46.262334], [6.248475, 46.261979], [6.247816, 46.261504], [6.247695, 46.261459], [6.246264, 46.26175], [6.245771, 46.26191], [6.244852, 46.262241], [6.244264, 46.262373], [6.243134, 46.262374], [6.241138, 46.262295], [6.240798, 46.262298], [6.240574, 46.262357], [6.240118, 46.26253], [6.239883, 46.26258], [6.240009, 46.262939], [6.239986, 46.262977], [6.238888, 46.263442], [6.238694, 46.26347], [6.238661, 46.263525], [6.238767, 46.264147], [6.23779, 46.264724], [6.235958, 46.265728], [6.235468, 46.26617], [6.228639, 46.266648], [6.228395, 46.266474], [6.22808, 46.26628], [6.227376, 46.265953], [6.226996, 46.265685], [6.226416, 46.265335], [6.226367, 46.265384], [6.226298, 46.265516], [6.226213, 46.265552], [6.226154, 46.26562], [6.226128, 46.265737], [6.226043, 46.265872], [6.225988, 46.265917], [6.225828, 46.265971], [6.225892, 46.266212], [6.225851, 46.266275], [6.225694, 46.266346], [6.225669, 46.266474], [6.225603, 46.266576], [6.225602, 46.266617], [6.225631, 46.266631], [6.225681, 46.266705], [6.225677, 46.266745], [6.225654, 46.266779], [6.225583, 46.266807], [6.225418, 46.266819], [6.225353, 46.266853], [6.225322, 46.266891], [6.225353, 46.266927], [6.225424, 46.266931], [6.225476, 46.267076], [6.225458, 46.267134], [6.225326, 46.267197], [6.225191, 46.267185], [6.225124, 46.267217], [6.225076, 46.267263], [6.22502, 46.267259], [6.224868, 46.267289], [6.224716, 46.267385], [6.224573, 46.267425], [6.224435, 46.267433], [6.224362, 46.267465], [6.224288, 46.267541], [6.224109, 46.26762], [6.223977, 46.267642], [6.223851, 46.267703], [6.223715, 46.267715], [6.223554, 46.267754], [6.223287, 46.267841], [6.223133, 46.267843], [6.223076, 46.267863], [6.222953, 46.267951], [6.222735, 46.26806], [6.222522, 46.268212], [6.222472, 46.268273], [6.222453, 46.268334], [6.22238, 46.268408], [6.222344, 46.268508], [6.222252, 46.268617], [6.222155, 46.268691], [6.22204, 46.268833], [6.221918, 46.268928], [6.22176, 46.269099], [6.221717, 46.26917], [6.221616, 46.269267], [6.221534, 46.269307], [6.221489, 46.269362], [6.221468, 46.269422], [6.221415, 46.269445], [6.221408, 46.269474], [6.221264, 46.269577], [6.220868, 46.269677], [6.22064, 46.269795], [6.220618, 46.269862], [6.220548, 46.269878], [6.220325, 46.269887], [6.220227, 46.26987], [6.22018, 46.269879], [6.220028, 46.269957], [6.219939, 46.269975], [6.219848, 46.269978], [6.219622, 46.269923], [6.219552, 46.269965], [6.219417, 46.269997], [6.219183, 46.269984], [6.219021, 46.270108], [6.218946, 46.270121], [6.218826, 46.2701], [6.218793, 46.270107], [6.218394, 46.270361], [6.21835, 46.270431], [6.218268, 46.270442], [6.218253, 46.270458], [6.218248, 46.270583], [6.21823, 46.270623], [6.218108, 46.270619], [6.218055, 46.270648], [6.218079, 46.270714], [6.218058, 46.270828], [6.21802, 46.270831], [6.217974, 46.270791], [6.217912, 46.270842], [6.217667, 46.270838], [6.217437, 46.270873], [6.217377, 46.270908], [6.217336, 46.270969], [6.217265, 46.271018], [6.21717, 46.271057], [6.216962, 46.27119], [6.216947, 46.271223], [6.216973, 46.271298], [6.216932, 46.271451], [6.216871, 46.271477], [6.216798, 46.271463], [6.216739, 46.271473], [6.216727, 46.271552], [6.216687, 46.271656], [6.216657, 46.271694], [6.216434, 46.271836], [6.195092, 46.27961], [6.210102, 46.299421], [6.236119, 46.289939], [6.237567, 46.289215], [6.237935, 46.289016], [6.23854, 46.288636], [6.239987, 46.287916], [6.240068, 46.287913], [6.242515, 46.286884], [6.242528, 46.286819], [6.242901, 46.286568], [6.243589, 46.285965]]]}, "properties": {"npa": 1247, "nom": "Anières", "lat": 46.27612, "lon": 6.223697}}, {"type": "Feature", "geometry": {"type": "Polygon", "coordinates": [[[6.211972, 46.21184], [6.212158, 46.211855], [6.212344, 46.211834], [6.212478, 46.211795], [6.212737, 46.211683], [6.212824, 46.211669], [6.214016, 46.211091], [6.214179, 46.210985], [6.214314, 46.210862], [6.214421, 46.210726], [6.214608, 46.210286], [6.214733, 46.21013], [6.214846, 46.210054], [6.21512, 46.20996], [6.215281, 46.209947], [6.215484, 46.209961], [6.216784, 46.210401], [6.217058, 46.210484], [6.217088, 46.21047], [6.217279, 46.209223], [6.217336, 46.208957], [6.217434, 46.208697], [6.217576, 46.208446], [6.217666, 46.208326], [6.217872, 46.208099], [6.218116, 46.207886], [6.221558, 46.205367], [6.221965, 46.205002], [6.222307, 46.204607], [6.222452, 46.204358], [6.222634, 46.204111], [6.222432, 46.204035], [6.222694, 46.203675], [6.222749, 46.203626], [6.222761, 46.203631], [6.224471, 46.201321], [6.224435, 46.20127], [6.224326, 46.201222], [6.224192, 46.20121], [6.22382, 46.201243], [6.223697, 46.201231], [6.223598, 46.201186], [6.223444, 46.201067], [6.222943, 46.201003], [6.222445, 46.200783], [6.222361, 46.200721], [6.222072, 46.20067], [6.221938, 46.200666], [6.221866, 46.200623], [6.221881, 46.200453], [6.221715, 46.200387], [6.221631, 46.200279], [6.221562, 46.200118], [6.221573, 46.200014], [6.221616, 46.199884], [6.221723, 46.199794], [6.221896, 46.199592], [6.222092, 46.199499], [6.222141, 46.199437], [6.222227, 46.199165], [6.222251, 46.198989], [6.222114, 46.198868], [6.222054, 46.198841], [6.221996, 46.198846], [6.221731, 46.198979], [6.221413, 46.198987], [6.221036, 46.198919], [6.220633, 46.198768], [6.22041, 46.19861], [6.220063, 46.198579], [6.219576, 46.198476], [6.219451, 46.19848], [6.219099, 46.198534], [6.218613, 46.198733], [6.218443, 46.198733], [6.21831, 46.198687], [6.218251, 46.198614], [6.21823, 46.198412], [6.218315, 46.198149], [6.218309, 46.198114], [6.218123, 46.198011], [6.217917, 46.197958], [6.217839, 46.197978], [6.21763, 46.198078], [6.217332, 46.197935], [6.217233, 46.197732], [6.217237, 46.197692], [6.2173, 46.197605], [6.217295, 46.197547], [6.217145, 46.197289], [6.216965, 46.197242], [6.216895, 46.197203], [6.216772, 46.197065], [6.216755, 46.196962], [6.216762, 46.196874], [6.216741, 46.196789], [6.216685, 46.196718], [6.216509, 46.196659], [6.216433, 46.196608], [6.216379, 46.196486], [6.216334, 46.196255], [6.216325, 46.196066], [6.216308, 46.195999], [6.216189, 46.195861], [6.216171, 46.195726], [6.216225, 46.195533], [6.216217, 46.195425], [6.216012, 46.195046], [6.21592, 46.194985], [6.215645, 46.194884], [6.215291, 46.194783], [6.215061, 46.194755], [6.214964, 46.1947], [6.214852, 46.194597], [6.214748, 46.194593], [6.214589, 46.194642], [6.214444, 46.194585], [6.214415, 46.194555], [6.21439, 46.19445], [6.214322, 46.194293], [6.214304, 46.194105], [6.21428, 46.194027], [6.214229, 46.193966], [6.214115, 46.193891], [6.214024, 46.193859], [6.213868, 46.193853], [6.213783, 46.193884], [6.213759, 46.193917], [6.213759, 46.193953], [6.213833, 46.194103], [6.213823, 46.194132], [6.213775, 46.194174], [6.213673, 46.194216], [6.213428, 46.194249], [6.213312, 46.194228], [6.213205, 46.19417], [6.213109, 46.194163], [6.213059, 46.194181], [6.212952, 46.194288], [6.212803, 46.194319], [6.212728, 46.194298], [6.212679, 46.194263], [6.212664, 46.194213], [6.212709, 46.194176], [6.212816, 46.194017], [6.2128, 46.194012], [6.212787, 46.193912], [6.212767, 46.193877], [6.212582, 46.193842], [6.212307, 46.193615], [6.21211, 46.193367], [6.212048, 46.193313], [6.211675, 46.193243], [6.211583, 46.193171], [6.211528, 46.193077], [6.211536, 46.193026], [6.211634, 46.192982], [6.212141, 46.192979], [6.212258, 46.192903], [6.212287, 46.192862], [6.212291, 46.192822], [6.21227, 46.192787], [6.211799, 46.192625], [6.211628, 46.192585], [6.211272, 46.192415], [6.211102, 46.192667], [6.21093, 46.192676], [6.210788, 46.192653], [6.210662, 46.192707], [6.210514, 46.192723], [6.210144, 46.19283], [6.208898, 46.192779], [6.208658, 46.192697], [6.208408, 46.192639], [6.208168, 46.192513], [6.208136, 46.192477], [6.207823, 46.192409], [6.207489, 46.192448], [6.207344, 46.19243], [6.206979, 46.192349], [6.206903, 46.192306], [6.206869, 46.192213], [6.206778, 46.192155], [6.206272, 46.192045], [6.206234, 46.192022], [6.206153, 46.191902], [6.205935, 46.191737], [6.205862, 46.191616], [6.205829, 46.191588], [6.205771, 46.191578], [6.205637, 46.191633], [6.205518, 46.191658], [6.205266, 46.191769], [6.20519, 46.191763], [6.205035, 46.191527], [6.205048, 46.191467], [6.20512, 46.191404], [6.205262, 46.191359], [6.205319, 46.191305], [6.205166, 46.191202], [6.20512, 46.191152], [6.205241, 46.190916], [6.205219, 46.190864], [6.20514, 46.190841], [6.204938, 46.190914], [6.20479, 46.190854], [6.204559, 46.190712], [6.204563, 46.190673], [6.204711, 46.190543], [6.204768, 46.190468], [6.204783, 46.190375], [6.204739, 46.190306], [6.204799, 46.19012], [6.2049, 46.189882], [6.204881, 46.189791], [6.204687, 46.18968], [6.204615, 46.189668], [6.204358, 46.189693], [6.2043, 46.189652], [6.204238, 46.189513], [6.204096, 46.189449], [6.203811, 46.189356], [6.203826, 46.189267], [6.20388, 46.189238], [6.203948, 46.189117], [6.203907, 46.189066], [6.203044, 46.188961], [6.202722, 46.189089], [6.201751, 46.1879], [6.202016, 46.18769], [6.201814, 46.18761], [6.20181, 46.187301], [6.201773, 46.187201], [6.201716, 46.187114], [6.201645, 46.186863], [6.201624, 46.186732], [6.201577, 46.186696], [6.201386, 46.186668], [6.200979, 46.186689], [6.200895, 46.186676], [6.200788, 46.186624], [6.200508, 46.186356], [6.200386, 46.186276], [6.200291, 46.186234], [6.200256, 46.186177], [6.200252, 46.186098], [6.200223, 46.186037], [6.200162, 46.185993], [6.199835, 46.185914], [6.199749, 46.185878], [6.1997, 46.185805], [6.199449, 46.185715], [6.1992, 46.185584], [6.199037, 46.185482], [6.198974, 46.185395], [6.198737, 46.185255], [6.198688, 46.185168], [6.19868, 46.185094], [6.198715, 46.185033], [6.198761, 46.184998], [6.198925, 46.184972], [6.199018, 46.184883], [6.199047, 46.184831], [6.199044, 46.184784], [6.198805, 46.184577], [6.198786, 46.184492], [6.198716, 46.184396], [6.198455, 46.184204], [6.198282, 46.183991], [6.198117, 46.183602], [6.198018, 46.183511], [6.197851, 46.183401], [6.197801, 46.183389], [6.197372, 46.183526], [6.197267, 46.183602], [6.197192, 46.183717], [6.197108, 46.183773], [6.196925, 46.183799], [6.196709, 46.183747], [6.196463, 46.183748], [6.196296, 46.183764], [6.196212, 46.183789], [6.196178, 46.183837], [6.19609, 46.184107], [6.196056, 46.184155], [6.195965, 46.184206], [6.195901, 46.184221], [6.195796, 46.18419], [6.195741, 46.184071], [6.195692, 46.184017], [6.195614, 46.183983], [6.195461, 46.184006], [6.195062, 46.184207], [6.194981, 46.184206], [6.194878, 46.184163], [6.194788, 46.184007], [6.194844, 46.183762], [6.195012, 46.183462], [6.194953, 46.183411], [6.194225, 46.183384], [6.194172, 46.183358], [6.194198, 46.183294], [6.194311, 46.183171], [6.194324, 46.183064], [6.194267, 46.183016], [6.193919, 46.183012], [6.193871, 46.182976], [6.193871, 46.18282], [6.193817, 46.18279], [6.193306, 46.182769], [6.193177, 46.182751], [6.193106, 46.182654], [6.192996, 46.182444], [6.192731, 46.18218], [6.192637, 46.182127], [6.192575, 46.182118], [6.192178, 46.182139], [6.192062, 46.182164], [6.192043, 46.182185], [6.191967, 46.182208], [6.19187, 46.182167], [6.191825, 46.18212], [6.191811, 46.182068], [6.191824, 46.181913], [6.191692, 46.18176], [6.191548, 46.181524], [6.191499, 46.181485], [6.19118, 46.181314], [6.191071, 46.181276], [6.190861, 46.181261], [6.190539, 46.181345], [6.190359, 46.181365], [6.19021, 46.181327], [6.190124, 46.181246], [6.189814, 46.181077], [6.189711, 46.181049], [6.189615, 46.181056], [6.189478, 46.181282], [6.189389, 46.181378], [6.189216, 46.18144], [6.18898, 46.181495], [6.188757, 46.181575], [6.188526, 46.181615], [6.188474, 46.18161], [6.188386, 46.181546], [6.188365, 46.181494], [6.188376, 46.18141], [6.188567, 46.18115], [6.188801, 46.180968], [6.188964, 46.180768], [6.188992, 46.180702], [6.188977, 46.18066], [6.188809, 46.1806], [6.188715, 46.180594], [6.188442, 46.18064], [6.188341, 46.180676], [6.188177, 46.18077], [6.187895, 46.180795], [6.187766, 46.180763], [6.187493, 46.180477], [6.1874, 46.180452], [6.18723, 46.180438], [6.187058, 46.180364], [6.187047, 46.180331], [6.18708, 46.180185], [6.18705, 46.180082], [6.187293, 46.179454], [6.187309, 46.179343], [6.187185, 46.179136], [6.187208, 46.178894], [6.187296, 46.178799], [6.187368, 46.178646], [6.187364, 46.178579], [6.186983, 46.178589], [6.186653, 46.178546], [6.186512, 46.178576], [6.186181, 46.178319], [6.184882, 46.179127], [6.183544, 46.179321], [6.181583, 46.179429], [6.181322, 46.179469], [6.181851, 46.179918], [6.181954, 46.180042], [6.182105, 46.180087], [6.182226, 46.180102], [6.182567, 46.180075], [6.182764, 46.180089], [6.182912, 46.180154], [6.182935, 46.180176], [6.182966, 46.180278], [6.182949, 46.18038], [6.182957, 46.180564], [6.183053, 46.180862], [6.183114, 46.180939], [6.183219, 46.180951], [6.183552, 46.180889], [6.183693, 46.180906], [6.183964, 46.181007], [6.184013, 46.18113], [6.183976, 46.181248], [6.183899, 46.181323], [6.183861, 46.181417], [6.183824, 46.181619], [6.183848, 46.181662], [6.183973, 46.181765], [6.184015, 46.181836], [6.184223, 46.181984], [6.184253, 46.182069], [6.184218, 46.182161], [6.184099, 46.182305], [6.183911, 46.182388], [6.183832, 46.182453], [6.183691, 46.182697], [6.183618, 46.182746], [6.183379, 46.182849], [6.183172, 46.182991], [6.183062, 46.183094], [6.182949, 46.18337], [6.182794, 46.183635], [6.182784, 46.183853], [6.182631, 46.184197], [6.182572, 46.184378], [6.18261, 46.184455], [6.182667, 46.184488], [6.182747, 46.184502], [6.182844, 46.184493], [6.182921, 46.184452], [6.182999, 46.184386], [6.18308, 46.184284], [6.183225, 46.184302], [6.183292, 46.184356], [6.183321, 46.184419], [6.183313, 46.184489], [6.183243, 46.184663], [6.183288, 46.184815], [6.183257, 46.18496], [6.183264, 46.185002], [6.183529, 46.185358], [6.183436, 46.185582], [6.18346, 46.185657], [6.183599, 46.185829], [6.183605, 46.185958], [6.183585, 46.186009], [6.183398, 46.186126], [6.183336, 46.186308], [6.183208, 46.186451], [6.183379, 46.186618], [6.183493, 46.186617], [6.183694, 46.186681], [6.183772, 46.186777], [6.183966, 46.186913], [6.183999, 46.187141], [6.184176, 46.187228], [6.184375, 46.187358], [6.18437, 46.187462], [6.184266, 46.18756], [6.184276, 46.187641], [6.184409, 46.187701], [6.184556, 46.187811], [6.184651, 46.187983], [6.184924, 46.188143], [6.18499, 46.188219], [6.185015, 46.188429], [6.185375, 46.188543], [6.185888, 46.188764], [6.186049, 46.188813], [6.186093, 46.188851], [6.18609, 46.188906], [6.186009, 46.18908], [6.186184, 46.189413], [6.186291, 46.189554], [6.186408, 46.189773], [6.186507, 46.189854], [6.186658, 46.189935], [6.186676, 46.189988], [6.186687, 46.190233], [6.187439, 46.190053], [6.187456, 46.190069], [6.187868, 46.190066], [6.18885, 46.190026], [6.189635, 46.190277], [6.19018, 46.190528], [6.190287, 46.190482], [6.190487, 46.190528], [6.190451, 46.190579], [6.190968, 46.190703], [6.191207, 46.190794], [6.191273, 46.190837], [6.191549, 46.19112], [6.191696, 46.191142], [6.19166, 46.191191], [6.192377, 46.191004], [6.193037, 46.190718], [6.1933, 46.190686], [6.194164, 46.19064], [6.194368, 46.190573], [6.194632, 46.190447], [6.194902, 46.190376], [6.195367, 46.190214], [6.195976, 46.189972], [6.195965, 46.190023], [6.19638, 46.190538], [6.196642, 46.19104], [6.196692, 46.191103], [6.197206, 46.190927], [6.197582, 46.190773], [6.198201, 46.190584], [6.19828, 46.190637], [6.19836, 46.190644], [6.198857, 46.192042], [6.200142, 46.195834], [6.20072, 46.19588], [6.201576, 46.195982], [6.202699, 46.19615], [6.203257, 46.197381], [6.202576, 46.197415], [6.202542, 46.197463], [6.202688, 46.197602], [6.202979, 46.197958], [6.203237, 46.198196], [6.203608, 46.198438], [6.204217, 46.198676], [6.204785, 46.199022], [6.204913, 46.199067], [6.205344, 46.199143], [6.205264, 46.199199], [6.205282, 46.199203], [6.204197, 46.200231], [6.205436, 46.20073], [6.204526, 46.202596], [6.204467, 46.202668], [6.204226, 46.202854], [6.203809, 46.203283], [6.204925, 46.204212], [6.204393, 46.204523], [6.204746, 46.204954], [6.204945, 46.205874], [6.204943, 46.208106], [6.203729, 46.209224], [6.203826, 46.209276], [6.204158, 46.209546], [6.204221, 46.209712], [6.204297, 46.209757], [6.204999, 46.21001], [6.205269, 46.210083], [6.205527, 46.210197], [6.206125, 46.210354], [6.206884, 46.210515], [6.207387, 46.210572], [6.208015, 46.210617], [6.209648, 46.210868], [6.210536, 46.211175], [6.210786, 46.211228], [6.211245, 46.211456], [6.211737, 46.211763], [6.211972, 46.21184]]]}, "properties": {"npa": 1226, "nom": "Thônex", "lat": 46.196086, "lon": 6.204595}}, {"type": "Feature", "geometry": {"type": "Polygon", "coordinates": [[[6.226109, 46.202241], [6.225968, 46.202278], [6.225809, 46.202257], [6.225401, 46.20202], [6.225137, 46.201896], [6.224961, 46.201841], [6.224607, 46.201611], [6.224494, 46.20134], [6.224488, 46.20135], [6.224471, 46.201321], [6.222761, 46.203631], [6.222749, 46.203626], [6.222694, 46.203675], [6.222432, 46.204035], [6.222634, 46.204111], [6.222452, 46.204358], [6.222307, 46.204607], [6.221965, 46.205002], [6.221558, 46.205367], [6.218116, 46.207886], [6.217872, 46.208099], [6.217666, 46.208326], [6.217576, 46.208446], [6.217434, 46.208697], [6.217336, 46.208957], [6.217279, 46.209223], [6.217088, 46.21047], [6.217204, 46.21042], [6.21747, 46.210491], [6.21777, 46.210632], [6.217978, 46.210771], [6.219004, 46.211585], [6.219156, 46.211727], [6.21926, 46.211852], [6.219355, 46.212012], [6.219566, 46.212439], [6.219657, 46.212572], [6.219856, 46.21279], [6.220015, 46.212913], [6.220477, 46.213218], [6.22075, 46.213438], [6.221015, 46.213304], [6.224286, 46.216019], [6.224809, 46.216486], [6.225936, 46.21755], [6.226456, 46.217435], [6.227067, 46.217349], [6.228433, 46.21729], [6.228428, 46.21722], [6.228102, 46.216328], [6.228903, 46.216165], [6.229558, 46.216085], [6.23014, 46.215978], [6.230954, 46.215746], [6.231265, 46.215678], [6.23174, 46.215608], [6.232175, 46.215478], [6.232668, 46.216631], [6.233454, 46.216472], [6.23401, 46.218329], [6.233996, 46.218362], [6.235008, 46.218344], [6.235645, 46.21828], [6.236205, 46.218184], [6.236637, 46.218064], [6.237229, 46.217875], [6.237818, 46.217664], [6.237962, 46.217815], [6.238037, 46.218031], [6.238269, 46.218364], [6.238575, 46.218731], [6.238764, 46.218928], [6.240816, 46.218181], [6.242312, 46.217779], [6.242464, 46.217758], [6.24279, 46.217951], [6.242986, 46.218037], [6.243115, 46.218019], [6.244467, 46.217668], [6.245265, 46.217423], [6.245766, 46.216589], [6.246577, 46.216307], [6.247102, 46.216074], [6.247616, 46.215877], [6.247714, 46.215811], [6.246201, 46.213659], [6.246157, 46.21364], [6.246025, 46.213635], [6.246002, 46.213565], [6.246061, 46.213529], [6.246062, 46.213475], [6.245517, 46.212746], [6.245382, 46.212599], [6.245223, 46.212472], [6.241301, 46.209874], [6.241191, 46.209778], [6.241086, 46.209779], [6.241046, 46.208761], [6.241013, 46.208592], [6.240948, 46.208546], [6.241068, 46.208434], [6.242812, 46.207697], [6.243517, 46.207441], [6.244758, 46.206953], [6.245151, 46.204966], [6.245021, 46.204926], [6.244846, 46.204834], [6.2447, 46.204802], [6.244467, 46.204785], [6.244174, 46.204819], [6.243343, 46.204785], [6.243165, 46.204688], [6.243083, 46.204616], [6.243052, 46.204569], [6.243053, 46.204523], [6.243028, 46.204504], [6.24291, 46.204538], [6.242717, 46.204649], [6.242693, 46.204679], [6.242706, 46.204704], [6.242863, 46.204799], [6.242885, 46.204849], [6.242867, 46.2049], [6.242811, 46.204937], [6.242599, 46.204943], [6.242254, 46.2048], [6.241988, 46.204764], [6.241959, 46.204722], [6.241951, 46.204671], [6.241876, 46.204651], [6.241807, 46.204753], [6.241671, 46.204824], [6.241589, 46.204819], [6.24131, 46.204743], [6.24126, 46.204743], [6.240884, 46.20488], [6.240884, 46.204923], [6.240994, 46.205004], [6.241008, 46.205056], [6.240999, 46.205109], [6.240969, 46.205157], [6.24086, 46.205219], [6.240802, 46.205235], [6.240627, 46.205208], [6.240388, 46.205101], [6.240307, 46.205084], [6.240132, 46.205144], [6.239096, 46.205125], [6.238943, 46.205156], [6.238207, 46.205599], [6.238084, 46.205621], [6.237897, 46.205703], [6.237824, 46.205755], [6.237717, 46.205893], [6.23752, 46.205979], [6.237324, 46.206007], [6.237149, 46.206056], [6.236767, 46.206098], [6.236746, 46.206139], [6.2368, 46.206341], [6.236734, 46.206407], [6.236669, 46.206433], [6.236572, 46.206444], [6.236192, 46.206409], [6.235855, 46.206469], [6.235551, 46.206461], [6.235391, 46.206432], [6.234977, 46.206305], [6.234837, 46.20631], [6.234694, 46.206361], [6.234561, 46.206384], [6.234239, 46.206392], [6.234014, 46.206423], [6.233793, 46.20634], [6.233668, 46.206246], [6.233601, 46.206182], [6.233478, 46.205988], [6.23339, 46.205929], [6.233344, 46.205925], [6.233104, 46.206001], [6.232847, 46.206027], [6.232719, 46.206013], [6.232616, 46.20596], [6.2324, 46.205701], [6.232221, 46.20557], [6.232044, 46.205376], [6.231797, 46.205157], [6.231762, 46.205103], [6.23172, 46.204924], [6.231636, 46.204891], [6.231407, 46.204848], [6.231321, 46.20481], [6.231181, 46.204683], [6.230981, 46.204415], [6.230911, 46.204369], [6.230819, 46.204343], [6.230582, 46.204382], [6.230561, 46.204491], [6.230419, 46.204554], [6.230285, 46.204531], [6.230143, 46.204462], [6.230081, 46.204404], [6.229987, 46.204261], [6.229975, 46.204183], [6.23013, 46.203943], [6.230272, 46.2038], [6.230325, 46.203697], [6.230242, 46.203608], [6.229914, 46.203394], [6.229763, 46.2034], [6.22951, 46.203459], [6.229028, 46.203351], [6.228939, 46.203355], [6.228799, 46.203396], [6.228697, 46.203407], [6.228254, 46.203359], [6.227994, 46.20335], [6.227858, 46.203368], [6.227783, 46.203343], [6.227756, 46.203312], [6.22775, 46.203277], [6.227772, 46.203126], [6.22784, 46.202886], [6.227898, 46.202807], [6.227979, 46.202752], [6.228194, 46.20248], [6.228149, 46.202449], [6.227887, 46.202516], [6.227726, 46.202486], [6.227013, 46.202129], [6.226782, 46.201998], [6.22668, 46.201971], [6.226575, 46.201976], [6.226485, 46.202011], [6.226109, 46.202241]]]}, "properties": {"npa": 1241, "nom": "Puplinge", "lat": 46.210838, "lon": 6.232174}}, {"type": "Feature", "geometry": {"type": "Polygon", "coordinates": [[[5.996729, 46.154339], [5.9956, 46.154552], [5.993412, 46.155012], [5.993066, 46.155162], [5.991688, 46.156085], [5.991167, 46.156352], [5.99077, 46.156466], [5.990664, 46.155953], [5.990623, 46.15556], [5.990374, 46.155259], [5.990415, 46.155009], [5.99105, 46.154013], [5.990557, 46.153876], [5.991083, 46.15311], [5.990575, 46.152936], [5.989966, 46.152638], [5.989147, 46.152358], [5.989199, 46.152319], [5.989064, 46.152246], [5.988886, 46.152186], [5.988109, 46.152014], [5.987304, 46.151916], [5.985784, 46.151186], [5.985857, 46.150994], [5.985873, 46.150808], [5.985867, 46.150587], [5.985891, 46.150385], [5.985864, 46.150214], [5.985758, 46.150057], [5.985533, 46.149884], [5.98568, 46.149841], [5.985246, 46.149328], [5.985174, 46.149271], [5.984977, 46.149055], [5.98483, 46.148944], [5.984471, 46.14875], [5.983788, 46.145728], [5.98345, 46.145438], [5.983201, 46.145253], [5.983226, 46.145231], [5.982772, 46.144711], [5.98285, 46.144662], [5.982604, 46.14337], [5.982337, 46.141545], [5.982927, 46.141318], [5.982867, 46.141012], [5.982606, 46.140404], [5.982201, 46.138692], [5.981929, 46.137408], [5.980654, 46.13646], [5.979873, 46.135985], [5.979081, 46.135541], [5.977508, 46.133618], [5.97718, 46.133404], [5.976712, 46.133155], [5.975404, 46.132669], [5.974147, 46.132358], [5.973449, 46.132035], [5.972966, 46.131623], [5.972935, 46.13163], [5.972887, 46.131677], [5.972594, 46.131803], [5.972573, 46.131827], [5.972625, 46.131871], [5.972609, 46.131901], [5.972511, 46.131918], [5.972365, 46.131976], [5.972297, 46.131967], [5.97209, 46.132065], [5.971954, 46.132078], [5.971707, 46.132135], [5.971555, 46.132139], [5.971482, 46.132105], [5.971404, 46.132132], [5.971346, 46.132111], [5.971054, 46.13207], [5.970724, 46.13205], [5.970688, 46.132023], [5.970613, 46.13203], [5.970532, 46.131995], [5.970401, 46.131982], [5.970295, 46.132002], [5.970113, 46.131997], [5.970065, 46.132028], [5.969976, 46.132025], [5.969849, 46.132073], [5.969777, 46.132071], [5.969548, 46.132022], [5.969476, 46.132038], [5.969348, 46.131889], [5.969313, 46.131675], [5.969263, 46.13163], [5.969261, 46.131571], [5.969153, 46.131501], [5.969202, 46.131441], [5.968895, 46.131337], [5.968876, 46.131281], [5.968608, 46.1312], [5.968355, 46.131145], [5.968232, 46.131154], [5.967988, 46.131091], [5.967878, 46.131111], [5.967662, 46.13104], [5.967504, 46.130934], [5.967321, 46.130701], [5.967212, 46.13067], [5.967086, 46.130527], [5.966697, 46.130344], [5.966726, 46.130286], [5.966569, 46.130247], [5.966512, 46.130195], [5.966238, 46.130146], [5.966219, 46.130118], [5.965962, 46.130064], [5.96593, 46.130024], [5.965786, 46.130059], [5.965703, 46.13003], [5.965633, 46.13009], [5.965419, 46.129994], [5.96545, 46.12989], [5.96529, 46.129804], [5.965295, 46.129772], [5.9652, 46.129685], [5.964777, 46.130193], [5.962748, 46.130518], [5.961105, 46.130803], [5.961147, 46.130725], [5.961086, 46.13061], [5.960951, 46.130563], [5.960636, 46.130346], [5.960569, 46.13025], [5.959886, 46.129832], [5.958791, 46.129398], [5.957382, 46.12855], [5.956846, 46.128757], [5.956446, 46.131802], [5.955902, 46.132356], [5.957124, 46.133275], [5.957512, 46.133544], [5.957933, 46.133789], [5.958382, 46.134008], [5.958855, 46.134201], [5.962244, 46.135444], [5.9626, 46.135559], [5.963466, 46.135782], [5.963785, 46.135889], [5.964091, 46.136014], [5.964924, 46.136439], [5.965222, 46.136622], [5.965355, 46.136725], [5.965585, 46.13695], [5.966256, 46.137888], [5.966383, 46.138179], [5.966437, 46.138481], [5.966418, 46.138785], [5.966325, 46.139082], [5.965731, 46.14011], [5.965479, 46.140441], [5.96466, 46.141409], [5.964475, 46.141716], [5.964381, 46.14193], [5.964314, 46.14215], [5.964101, 46.143019], [5.964047, 46.143312], [5.964027, 46.143606], [5.964042, 46.143901], [5.964093, 46.144194], [5.964177, 46.144484], [5.964295, 46.144767], [5.964745, 46.1457], [5.964911, 46.146006], [5.965109, 46.146304], [5.965337, 46.14659], [5.965594, 46.146865], [5.966594, 46.147735], [5.966802, 46.147999], [5.966891, 46.148191], [5.9673, 46.149352], [5.967391, 46.149558], [5.968905, 46.151909], [5.969206, 46.15224], [5.971862, 46.154735], [5.972553, 46.15544], [5.973161, 46.15618], [5.973683, 46.156952], [5.974555, 46.158386], [5.974644, 46.158605], [5.974656, 46.158915], [5.974716, 46.159137], [5.975783, 46.16092], [5.97613, 46.160803], [5.975946, 46.160461], [5.976813, 46.160205], [5.97668, 46.159896], [5.977736, 46.159439], [5.977845, 46.15954], [5.978066, 46.15929], [5.97812, 46.15927], [5.978232, 46.159282], [5.978356, 46.159172], [5.978485, 46.159148], [5.978556, 46.159104], [5.978568, 46.159039], [5.978498, 46.158938], [5.978526, 46.158904], [5.97858, 46.158885], [5.978815, 46.158879], [5.979109, 46.158847], [5.979163, 46.15883], [5.979195, 46.158794], [5.979259, 46.158679], [5.979397, 46.158619], [5.979496, 46.158621], [5.979592, 46.158652], [5.979724, 46.158627], [5.979825, 46.158653], [5.979907, 46.158624], [5.979935, 46.158602], [5.979942, 46.158573], [5.979947, 46.158366], [5.980002, 46.158316], [5.980046, 46.158299], [5.980268, 46.158277], [5.980902, 46.15828], [5.981091, 46.158255], [5.98148, 46.15831], [5.981974, 46.158284], [5.982317, 46.158336], [5.982448, 46.158316], [5.982486, 46.158325], [5.982572, 46.158401], [5.982764, 46.158471], [5.982879, 46.158536], [5.983368, 46.158496], [5.98353, 46.158435], [5.983716, 46.158411], [5.983807, 46.158378], [5.983918, 46.158308], [5.983964, 46.158242], [5.98396, 46.158143], [5.983975, 46.158121], [5.98402, 46.158106], [5.984066, 46.157812], [5.984491, 46.157908], [5.985276, 46.158143], [5.986109, 46.158477], [5.986578, 46.158757], [5.986702, 46.158878], [5.986802, 46.158871], [5.987654, 46.159942], [5.988202, 46.160583], [5.988707, 46.160898], [5.98909, 46.161107], [5.989297, 46.161255], [5.989843, 46.161744], [5.990183, 46.162106], [5.99036, 46.162337], [5.990814, 46.163056], [5.990963, 46.163319], [5.991126, 46.163504], [5.991728, 46.164052], [5.99231, 46.164486], [5.993032, 46.16441], [5.99364, 46.164429], [5.993963, 46.164402], [5.994215, 46.16434], [5.994514, 46.164235], [5.994926, 46.163991], [5.995153, 46.163791], [5.995306, 46.163628], [5.995355, 46.163549], [5.995596, 46.163377], [5.99573, 46.163323], [5.996388, 46.162967], [5.996701, 46.1629], [5.997125, 46.162779], [5.997271, 46.162792], [5.997604, 46.162779], [5.997954, 46.162792], [5.998109, 46.162808], [5.998138, 46.162836], [5.998437, 46.16284], [5.998987, 46.162938], [5.999199, 46.16295], [5.999894, 46.162914], [6.000896, 46.163041], [6.001067, 46.163034], [6.00147, 46.162683], [6.001675, 46.16256], [6.001877, 46.162395], [6.002268, 46.162046], [6.002302, 46.162012], [6.002273, 46.161936], [6.002308, 46.161899], [6.003764, 46.161331], [6.003536, 46.16104], [6.004331, 46.160694], [6.004402, 46.160691], [6.004393, 46.160638], [6.004335, 46.160519], [6.00409, 46.160149], [6.003413, 46.159554], [6.003785, 46.1593], [6.004559, 46.158729], [6.004883, 46.158444], [6.00516, 46.158232], [6.005366, 46.158098], [6.005776, 46.157704], [6.005804, 46.157637], [6.005658, 46.157545], [6.005263, 46.157351], [6.004946, 46.157222], [6.003285, 46.156625], [6.002716, 46.156327], [6.002647, 46.156271], [6.002329, 46.156124], [6.000832, 46.155551], [6.000118, 46.155299], [5.998164, 46.154732], [5.996729, 46.154339]]]}, "properties": {"npa": 1284, "nom": "Chancy", "lat": 46.147503, "lon": 5.978697}}, {"type": "Feature", "geometry": {"type": "Polygon", "coordinates": [[[6.188829, 46.194304], [6.188962, 46.194344], [6.189547, 46.1946], [6.189913, 46.194719], [6.19133, 46.194968], [6.191539, 46.19507], [6.191842, 46.195291], [6.191886, 46.195361], [6.191886, 46.195437], [6.191682, 46.195937], [6.191514, 46.196295], [6.191489, 46.196395], [6.191494, 46.196457], [6.191792, 46.19671], [6.191861, 46.196793], [6.191874, 46.196853], [6.19184, 46.196922], [6.191667, 46.197039], [6.19169, 46.197094], [6.191735, 46.197131], [6.192431, 46.197407], [6.192654, 46.197605], [6.192817, 46.197715], [6.192977, 46.19776], [6.193229, 46.197802], [6.193314, 46.197901], [6.193333, 46.197987], [6.193304, 46.198236], [6.193333, 46.198331], [6.193463, 46.198487], [6.193518, 46.198692], [6.193611, 46.198798], [6.193826, 46.198953], [6.193849, 46.198948], [6.193906, 46.199], [6.193912, 46.199024], [6.193692, 46.199169], [6.193597, 46.199275], [6.193556, 46.19937], [6.193647, 46.199566], [6.193896, 46.199736], [6.194068, 46.199897], [6.194183, 46.199928], [6.19434, 46.199851], [6.194839, 46.199974], [6.194923, 46.200094], [6.195141, 46.200158], [6.195161, 46.200211], [6.195142, 46.200312], [6.195149, 46.20034], [6.195198, 46.200365], [6.195266, 46.200371], [6.195445, 46.200349], [6.195514, 46.200313], [6.195533, 46.200289], [6.195537, 46.200237], [6.195503, 46.200166], [6.195504, 46.200139], [6.19556, 46.200118], [6.195621, 46.200125], [6.195791, 46.200205], [6.195758, 46.200247], [6.195737, 46.200468], [6.195597, 46.200538], [6.195591, 46.200578], [6.1957, 46.200662], [6.195897, 46.20075], [6.195883, 46.200784], [6.195719, 46.20085], [6.19571, 46.200906], [6.195806, 46.200944], [6.195901, 46.200957], [6.195984, 46.200999], [6.196011, 46.201044], [6.196255, 46.201236], [6.196318, 46.201309], [6.196301, 46.201353], [6.196228, 46.201423], [6.19623, 46.201447], [6.196372, 46.201558], [6.19644, 46.201593], [6.19653, 46.201684], [6.196724, 46.20172], [6.196828, 46.201792], [6.196965, 46.20199], [6.19724, 46.2021], [6.197633, 46.202088], [6.198188, 46.201981], [6.198406, 46.202121], [6.198486, 46.202156], [6.19899, 46.202226], [6.199313, 46.202302], [6.19961, 46.202309], [6.199779, 46.202362], [6.199806, 46.202391], [6.199842, 46.202495], [6.1997, 46.202644], [6.199782, 46.202709], [6.199899, 46.202745], [6.199901, 46.202794], [6.199714, 46.202912], [6.1997, 46.20294], [6.199796, 46.203021], [6.199876, 46.203041], [6.200064, 46.203029], [6.200154, 46.203138], [6.2002, 46.20315], [6.200284, 46.203118], [6.200356, 46.202991], [6.200496, 46.202976], [6.20078, 46.203025], [6.201078, 46.203148], [6.201512, 46.203242], [6.201585, 46.203412], [6.201713, 46.203614], [6.201914, 46.203927], [6.201996, 46.204001], [6.201988, 46.204053], [6.20145, 46.204561], [6.201326, 46.204632], [6.2012, 46.20473], [6.201119, 46.204859], [6.20107, 46.205071], [6.201112, 46.205096], [6.201246, 46.205011], [6.201321, 46.205033], [6.20139, 46.205088], [6.201294, 46.205187], [6.201125, 46.205245], [6.201126, 46.205288], [6.201204, 46.205394], [6.20136, 46.205503], [6.201316, 46.205575], [6.201182, 46.205587], [6.201193, 46.205858], [6.201216, 46.205883], [6.201271, 46.205903], [6.201428, 46.205898], [6.201472, 46.20607], [6.20164, 46.20622], [6.201648, 46.206372], [6.201613, 46.206579], [6.201541, 46.20674], [6.201417, 46.206898], [6.201214, 46.207082], [6.201195, 46.207119], [6.201195, 46.207175], [6.201159, 46.207176], [6.201223, 46.207455], [6.201299, 46.207555], [6.201528, 46.207649], [6.201675, 46.207732], [6.20181, 46.207954], [6.201808, 46.208168], [6.201834, 46.208218], [6.202012, 46.208417], [6.202362, 46.20865], [6.202538, 46.208805], [6.20274, 46.208892], [6.203112, 46.209018], [6.203379, 46.209035], [6.203729, 46.209224], [6.204943, 46.208106], [6.204945, 46.205874], [6.204746, 46.204954], [6.204393, 46.204523], [6.204925, 46.204212], [6.203809, 46.203283], [6.204226, 46.202854], [6.204467, 46.202668], [6.204526, 46.202596], [6.205436, 46.20073], [6.204197, 46.200231], [6.205282, 46.199203], [6.205264, 46.199199], [6.205344, 46.199143], [6.204913, 46.199067], [6.204785, 46.199022], [6.204217, 46.198676], [6.203608, 46.198438], [6.203237, 46.198196], [6.202979, 46.197958], [6.202688, 46.197602], [6.202542, 46.197463], [6.202576, 46.197415], [6.203257, 46.197381], [6.202699, 46.19615], [6.201576, 46.195982], [6.20072, 46.19588], [6.200142, 46.195834], [6.198857, 46.192042], [6.19836, 46.190644], [6.19828, 46.190637], [6.198201, 46.190584], [6.197582, 46.190773], [6.197206, 46.190927], [6.196692, 46.191103], [6.196642, 46.19104], [6.19638, 46.190538], [6.195965, 46.190023], [6.195976, 46.189972], [6.195367, 46.190214], [6.194902, 46.190376], [6.194632, 46.190447], [6.194368, 46.190573], [6.194164, 46.19064], [6.1933, 46.190686], [6.193037, 46.190718], [6.192377, 46.191004], [6.19166, 46.191191], [6.191696, 46.191142], [6.191549, 46.19112], [6.191273, 46.190837], [6.191207, 46.190794], [6.190968, 46.190703], [6.190451, 46.190579], [6.190487, 46.190528], [6.190287, 46.190482], [6.19018, 46.190528], [6.189635, 46.190277], [6.18885, 46.190026], [6.187868, 46.190066], [6.187456, 46.190069], [6.187439, 46.190053], [6.186687, 46.190233], [6.186695, 46.190362], [6.186723, 46.190448], [6.186736, 46.19057], [6.186704, 46.190672], [6.186596, 46.190781], [6.186526, 46.190876], [6.186618, 46.191023], [6.186628, 46.191305], [6.186482, 46.191375], [6.186232, 46.191582], [6.186222, 46.191621], [6.186268, 46.191681], [6.186255, 46.191735], [6.186206, 46.191766], [6.186115, 46.191777], [6.185515, 46.191703], [6.185442, 46.191723], [6.185037, 46.192516], [6.185041, 46.192555], [6.185126, 46.192671], [6.185208, 46.192726], [6.185718, 46.192931], [6.185806, 46.193027], [6.185826, 46.193196], [6.185788, 46.193335], [6.186058, 46.193667], [6.186037, 46.193697], [6.186039, 46.193739], [6.18615, 46.193884], [6.186145, 46.193975], [6.186256, 46.194163], [6.186207, 46.194239], [6.186209, 46.194275], [6.186481, 46.19452], [6.186546, 46.194526], [6.186697, 46.194465], [6.186953, 46.194323], [6.187077, 46.194274], [6.18714, 46.194192], [6.187233, 46.194151], [6.187432, 46.194086], [6.18756, 46.194067], [6.187734, 46.193996], [6.187804, 46.19401], [6.187955, 46.194119], [6.188286, 46.194287], [6.188381, 46.194304], [6.188654, 46.194287], [6.188829, 46.194304]]]}, "properties": {"npa": 1225, "nom": "Chêne-Bourg", "lat": 46.197378, "lon": 6.197007}}, {"type": "Feature", "geometry": {"type": "Polygon", "coordinates": [[[6.238666, 46.227118], [6.243223, 46.226194], [6.24302, 46.225747], [6.242435, 46.223521], [6.242394, 46.223462], [6.24235, 46.22345], [6.24166, 46.223754], [6.241575, 46.223744], [6.240851, 46.224056], [6.238664, 46.221568], [6.237243, 46.220686], [6.236892, 46.220898], [6.236726, 46.220786], [6.236758, 46.220767], [6.23578, 46.220095], [6.235526, 46.220272], [6.234955, 46.219879], [6.234811, 46.219566], [6.234444, 46.219528], [6.234346, 46.219443], [6.234292, 46.219321], [6.233982, 46.218396], [6.23401, 46.218329], [6.233454, 46.216472], [6.232668, 46.216631], [6.232175, 46.215478], [6.23174, 46.215608], [6.231265, 46.215678], [6.230954, 46.215746], [6.23014, 46.215978], [6.229558, 46.216085], [6.228903, 46.216165], [6.228102, 46.216328], [6.228428, 46.21722], [6.228433, 46.21729], [6.227067, 46.217349], [6.226456, 46.217435], [6.225936, 46.21755], [6.224809, 46.216486], [6.224286, 46.216019], [6.221015, 46.213304], [6.22075, 46.213438], [6.220477, 46.213218], [6.220015, 46.212913], [6.219856, 46.21279], [6.219657, 46.212572], [6.219566, 46.212439], [6.219355, 46.212012], [6.21926, 46.211852], [6.219156, 46.211727], [6.219004, 46.211585], [6.217978, 46.210771], [6.21777, 46.210632], [6.21747, 46.210491], [6.217204, 46.21042], [6.217058, 46.210484], [6.216952, 46.210451], [6.216646, 46.212397], [6.216843, 46.212463], [6.216789, 46.212574], [6.216848, 46.212568], [6.216908, 46.212586], [6.217057, 46.212657], [6.217282, 46.212826], [6.217934, 46.213366], [6.217953, 46.213354], [6.21851, 46.213802], [6.218687, 46.213957], [6.218906, 46.214194], [6.219098, 46.214442], [6.219218, 46.214635], [6.219448, 46.215086], [6.219559, 46.215441], [6.219586, 46.215625], [6.219586, 46.215811], [6.219519, 46.216335], [6.21952, 46.216503], [6.219543, 46.216674], [6.219585, 46.216841], [6.219857, 46.217644], [6.219872, 46.217729], [6.219958, 46.217943], [6.219958, 46.218143], [6.219987, 46.218232], [6.219965, 46.218321], [6.219588, 46.218587], [6.219337, 46.21874], [6.21908, 46.218957], [6.218661, 46.219429], [6.218275, 46.219825], [6.21779, 46.220287], [6.217672, 46.220343], [6.217609, 46.220347], [6.216674, 46.221802], [6.216829, 46.222179], [6.217119, 46.222635], [6.217678, 46.223614], [6.218301, 46.224785], [6.218286, 46.22484], [6.218243, 46.224894], [6.217394, 46.225495], [6.217224, 46.225587], [6.216992, 46.225701], [6.216138, 46.225976], [6.215967, 46.226019], [6.21566, 46.226047], [6.214812, 46.226058], [6.213847, 46.226214], [6.213672, 46.226222], [6.213592, 46.226202], [6.213539, 46.226162], [6.213369, 46.225931], [6.212617, 46.225927], [6.212179, 46.226058], [6.211555, 46.226296], [6.211142, 46.226516], [6.210808, 46.226639], [6.210359, 46.226833], [6.209896, 46.227093], [6.209784, 46.227245], [6.209236, 46.227607], [6.209072, 46.227658], [6.208918, 46.227666], [6.208659, 46.227775], [6.208023, 46.228159], [6.206394, 46.22919], [6.206362, 46.229274], [6.205782, 46.22989], [6.205675, 46.230054], [6.205685, 46.230069], [6.20535, 46.230703], [6.205057, 46.2311], [6.204705, 46.231535], [6.20468, 46.231546], [6.204424, 46.231464], [6.20407, 46.231276], [6.203904, 46.231168], [6.203532, 46.231355], [6.202828, 46.231946], [6.202283, 46.232436], [6.201701, 46.232881], [6.203102, 46.234077], [6.204194, 46.235103], [6.204557, 46.235193], [6.204848, 46.235286], [6.20511, 46.235403], [6.205396, 46.23548], [6.207671, 46.235598], [6.20785, 46.235589], [6.207979, 46.235662], [6.209076, 46.236078], [6.209799, 46.23638], [6.209747, 46.236441], [6.210103, 46.2366], [6.211297, 46.236987], [6.211689, 46.237066], [6.212191, 46.237127], [6.2131, 46.23719], [6.213577, 46.236778], [6.213488, 46.236698], [6.213234, 46.23655], [6.213299, 46.236492], [6.213627, 46.236308], [6.214144, 46.236087], [6.214189, 46.236045], [6.216297, 46.235562], [6.216182, 46.235271], [6.216206, 46.235264], [6.216108, 46.235089], [6.215889, 46.234543], [6.215558, 46.233176], [6.215453, 46.232915], [6.215323, 46.232649], [6.21522, 46.232513], [6.214527, 46.231887], [6.214234, 46.231579], [6.214472, 46.231498], [6.215478, 46.231306], [6.215677, 46.231247], [6.216033, 46.231233], [6.216702, 46.231244], [6.217473, 46.231317], [6.217616, 46.231352], [6.218393, 46.231704], [6.218779, 46.231827], [6.219023, 46.231832], [6.221171, 46.231615], [6.221596, 46.23145], [6.221251, 46.230656], [6.221276, 46.230553], [6.222471, 46.230394], [6.222484, 46.230413], [6.223523, 46.230237], [6.223749, 46.230717], [6.224031, 46.231178], [6.224549, 46.231202], [6.225553, 46.232761], [6.226153, 46.232547], [6.226535, 46.233065], [6.227025, 46.232894], [6.227635, 46.232592], [6.227924, 46.232948], [6.228978, 46.233521], [6.228961, 46.233538], [6.229573, 46.233949], [6.229604, 46.234035], [6.231529, 46.235329], [6.231251, 46.235855], [6.231153, 46.235986], [6.231059, 46.236067], [6.231159, 46.236142], [6.237069, 46.234235], [6.237172, 46.234179], [6.237205, 46.234133], [6.237211, 46.234044], [6.236437, 46.232896], [6.236389, 46.232811], [6.236361, 46.232684], [6.235989, 46.229917], [6.235885, 46.229242], [6.236124, 46.229226], [6.235933, 46.227915], [6.238782, 46.22733], [6.238666, 46.227118]]]}, "properties": {"npa": 1244, "nom": "Choulex", "lat": 46.22626, "lon": 6.223836}}, {"type": "Feature", "geometry": {"type": "Polygon", "coordinates": [[[6.099105, 46.164394], [6.100982, 46.162853], [6.101859, 46.162392], [6.102105, 46.162159], [6.102105, 46.162101], [6.101797, 46.161809], [6.100705, 46.160578], [6.100282, 46.160143], [6.0995, 46.159507], [6.099317, 46.15932], [6.099129, 46.159166], [6.099156, 46.159022], [6.099197, 46.158911], [6.099195, 46.15884], [6.099155, 46.158769], [6.099128, 46.158672], [6.099014, 46.158516], [6.099003, 46.158427], [6.098942, 46.158229], [6.098799, 46.157968], [6.098794, 46.157882], [6.098738, 46.157707], [6.098776, 46.15765], [6.098951, 46.157601], [6.099322, 46.157386], [6.099858, 46.157286], [6.100254, 46.157149], [6.100525, 46.156989], [6.100694, 46.156911], [6.101176, 46.156602], [6.101197, 46.156571], [6.101192, 46.156421], [6.099632, 46.154439], [6.099016, 46.153833], [6.100087, 46.15393], [6.101593, 46.154095], [6.102176, 46.153785], [6.101099, 46.152831], [6.099917, 46.152017], [6.099403, 46.151599], [6.099009, 46.151088], [6.098552, 46.150424], [6.098045, 46.149906], [6.096963, 46.150565], [6.09635, 46.150757], [6.095608, 46.150772], [6.095257, 46.15066], [6.094932, 46.150402], [6.094728, 46.149724], [6.094533, 46.149356], [6.093471, 46.149972], [6.093628, 46.150538], [6.093068, 46.150987], [6.092848, 46.151305], [6.091811, 46.151946], [6.081641, 46.150066], [6.074915, 46.148842], [6.074341, 46.149088], [6.074961, 46.149672], [6.07541, 46.15024], [6.075549, 46.150672], [6.075566, 46.150873], [6.076149, 46.152352], [6.076311, 46.153052], [6.076563, 46.153878], [6.07662, 46.154174], [6.076673, 46.154764], [6.076856, 46.157017], [6.076984, 46.158949], [6.076955, 46.159398], [6.076739, 46.161164], [6.077777, 46.160454], [6.079538, 46.1617], [6.080154, 46.161265], [6.082787, 46.163297], [6.08186, 46.16405], [6.086641, 46.166269], [6.08719, 46.165694], [6.087491, 46.165217], [6.086787, 46.164661], [6.088242, 46.163279], [6.091423, 46.165431], [6.095652, 46.167509], [6.097397, 46.165871], [6.097443, 46.165803], [6.099105, 46.164394]]]}, "properties": {"npa": 1258, "nom": "Perly", "lat": 46.157543, "lon": 6.088914}}, {"type": "Feature", "geometry": {"type": "Polygon", "coordinates": [[[6.113832, 46.220273], [6.11172, 46.21921], [6.111193, 46.218883], [6.110858, 46.218698], [6.11063, 46.2184], [6.109782, 46.218572], [6.105313, 46.219791], [6.105624, 46.220325], [6.104557, 46.220966], [6.105556, 46.221708], [6.10687, 46.222563], [6.107433, 46.222911], [6.108185, 46.222374], [6.109216, 46.223169], [6.109375, 46.223272], [6.109562, 46.223268], [6.109592, 46.223289], [6.109793, 46.223126], [6.110738, 46.222271], [6.111047, 46.222027], [6.111661, 46.221661], [6.112567, 46.221194], [6.11293, 46.220979], [6.113535, 46.22045], [6.113832, 46.220273]]]}, "properties": {"npa": 1220, "nom": "Les Avanchets", "lat": 46.220734, "lon": 6.109084}}, {"type": "Feature", "geometry": {"type": "Polygon", "coordinates": [[[6.02005, 46.161028], [6.020046, 46.160907], [6.01997, 46.16076], [6.019973, 46.16045], [6.019991, 46.160306], [6.020083, 46.159947], [6.020043, 46.159089], [6.019659, 46.158141], [6.019268, 46.15738], [6.019104, 46.157168], [6.018821, 46.156849], [6.018556, 46.156468], [6.018153, 46.155859], [6.017801, 46.155256], [6.017723, 46.155167], [6.01728, 46.15448], [6.016812, 46.153544], [6.017311, 46.153405], [6.017713, 46.153435], [6.018008, 46.153429], [6.018423, 46.153399], [6.01993, 46.153342], [6.020552, 46.153303], [6.020888, 46.153268], [6.021114, 46.153226], [6.021965, 46.152924], [6.023176, 46.152655], [6.025057, 46.152082], [6.025874, 46.151806], [6.026297, 46.151636], [6.026894, 46.151368], [6.027188, 46.15126], [6.027285, 46.151236], [6.027393, 46.15133], [6.02741, 46.151261], [6.028939, 46.150617], [6.029532, 46.15102], [6.033456, 46.149379], [6.033883, 46.148874], [6.035593, 46.147772], [6.035587, 46.147727], [6.035617, 46.147698], [6.03372, 46.146776], [6.029583, 46.144661], [6.029065, 46.14437], [6.028309, 46.143848], [6.027452, 46.143211], [6.027497, 46.143197], [6.027422, 46.143133], [6.027283, 46.143146], [6.027153, 46.143135], [6.027073, 46.143086], [6.027116, 46.143002], [6.027052, 46.142923], [6.026963, 46.142766], [6.026663, 46.14265], [6.026581, 46.142551], [6.026478, 46.142543], [6.026474, 46.142579], [6.026373, 46.142566], [6.026032, 46.142373], [6.025972, 46.142277], [6.025743, 46.142051], [6.025759, 46.142012], [6.02567, 46.141858], [6.025663, 46.141795], [6.025482, 46.141667], [6.025453, 46.141626], [6.02528, 46.141479], [6.025098, 46.141387], [6.024986, 46.141366], [6.024783, 46.141253], [6.024518, 46.141141], [6.024436, 46.141078], [6.024342, 46.141054], [6.024278, 46.140968], [6.024163, 46.140944], [6.024, 46.140802], [6.023901, 46.140637], [6.023762, 46.140551], [6.023522, 46.140835], [6.023289, 46.14103], [6.023231, 46.141055], [6.023156, 46.141171], [6.023015, 46.141313], [6.022924, 46.141389], [6.022861, 46.141417], [6.022724, 46.141565], [6.022526, 46.141657], [6.022434, 46.141679], [6.022207, 46.14166], [6.021811, 46.141594], [6.021607, 46.14152], [6.021541, 46.141432], [6.021458, 46.141238], [6.021373, 46.141139], [6.021285, 46.141109], [6.021227, 46.14111], [6.021169, 46.141129], [6.020948, 46.141275], [6.020832, 46.141395], [6.020669, 46.141494], [6.020552, 46.141635], [6.020508, 46.141786], [6.020484, 46.141817], [6.020292, 46.141991], [6.020153, 46.142062], [6.019998, 46.142096], [6.019787, 46.142089], [6.019642, 46.142064], [6.019463, 46.141991], [6.019244, 46.141951], [6.019188, 46.141977], [6.019265, 46.142089], [6.019034, 46.142107], [6.018633, 46.142193], [6.018495, 46.142187], [6.018372, 46.142222], [6.01832, 46.142262], [6.018301, 46.142344], [6.018262, 46.142388], [6.018163, 46.1424], [6.018043, 46.142491], [6.017675, 46.142673], [6.017179, 46.142838], [6.017068, 46.142842], [6.016627, 46.142773], [6.016252, 46.142782], [6.01589, 46.142757], [6.015532, 46.142785], [6.015405, 46.142813], [6.015328, 46.142867], [6.015297, 46.142926], [6.01522, 46.142988], [6.015106, 46.143057], [6.015013, 46.143076], [6.014932, 46.143075], [6.014762, 46.143021], [6.014689, 46.142917], [6.014676, 46.142835], [6.014542, 46.142656], [6.014458, 46.142456], [6.014328, 46.142364], [6.014248, 46.142346], [6.014174, 46.14236], [6.013942, 46.142441], [6.013769, 46.142539], [6.013625, 46.142534], [6.013517, 46.142446], [6.013329, 46.142205], [6.013245, 46.142154], [6.013081, 46.1421], [6.012811, 46.142125], [6.01274, 46.142143], [6.012658, 46.142201], [6.012461, 46.142184], [6.012291, 46.142121], [6.012025, 46.142125], [6.01166, 46.142174], [6.011427, 46.142168], [6.011155, 46.142111], [6.011039, 46.142031], [6.01095, 46.141935], [6.010914, 46.141929], [6.010787, 46.141986], [6.010733, 46.142065], [6.010699, 46.142157], [6.010515, 46.142247], [6.010171, 46.142196], [6.010124, 46.142213], [6.00984, 46.142151], [6.00973, 46.142103], [6.009603, 46.142092], [6.009516, 46.142153], [6.009458, 46.142263], [6.009507, 46.142285], [6.009516, 46.142311], [6.009524, 46.14243], [6.009487, 46.142469], [6.009213, 46.142627], [6.009043, 46.14265], [6.008784, 46.142761], [6.008548, 46.142819], [6.008266, 46.142785], [6.00805, 46.142694], [6.007692, 46.142595], [6.007445, 46.142472], [6.00731, 46.142361], [6.007062, 46.142236], [6.006741, 46.142132], [6.006522, 46.142096], [6.006161, 46.142124], [6.005985, 46.142181], [6.006005, 46.142259], [6.00593, 46.142319], [6.005709, 46.142341], [6.00564, 46.142321], [6.005564, 46.142325], [6.005288, 46.14229], [6.005239, 46.142269], [6.005164, 46.142275], [6.005052, 46.142243], [6.004938, 46.142198], [6.004554, 46.141992], [6.004351, 46.141926], [6.004111, 46.14193], [6.003982, 46.141951], [6.003958, 46.141975], [6.003868, 46.142005], [6.003754, 46.142015], [6.003267, 46.141781], [6.003229, 46.141777], [6.003108, 46.141815], [6.003101, 46.141849], [6.002985, 46.141925], [6.00282, 46.141986], [6.002749, 46.142055], [6.002745, 46.142075], [6.002568, 46.142181], [6.002097, 46.142284], [6.001952, 46.142302], [6.001699, 46.14227], [6.001694, 46.142247], [6.001374, 46.142165], [6.001305, 46.142163], [6.001214, 46.142192], [6.001021, 46.142353], [6.000891, 46.142551], [6.000753, 46.142657], [6.000691, 46.142674], [6.000615, 46.142671], [6.000531, 46.142601], [6.000552, 46.142592], [6.000526, 46.142538], [6.000497, 46.142558], [6.0004, 46.142548], [6.00028, 46.142578], [6.00012, 46.142688], [5.999988, 46.142866], [6.000012, 46.142977], [5.999993, 46.143046], [5.999931, 46.143117], [5.999871, 46.143145], [5.99961, 46.14309], [5.999602, 46.143066], [5.999619, 46.14306], [5.999547, 46.143011], [5.999494, 46.142946], [5.99921, 46.142895], [5.999189, 46.142928], [5.999108, 46.142929], [5.998685, 46.142857], [5.998671, 46.142911], [5.998461, 46.143008], [5.998121, 46.143037], [5.998035, 46.143005], [5.998039, 46.142983], [5.997825, 46.14294], [5.99745, 46.142799], [5.997366, 46.142784], [5.997144, 46.142847], [5.99707, 46.142871], [5.996939, 46.14296], [5.996885, 46.143081], [5.996912, 46.143135], [5.996895, 46.143194], [5.996921, 46.143267], [5.996842, 46.143345], [5.99672, 46.143606], [5.996659, 46.143667], [5.996403, 46.143778], [5.996133, 46.143802], [5.996091, 46.143782], [5.995859, 46.143831], [5.995777, 46.143863], [5.995776, 46.143893], [5.995609, 46.143956], [5.995599, 46.143975], [5.995547, 46.143967], [5.995298, 46.144027], [5.995023, 46.144035], [5.994946, 46.14402], [5.994844, 46.143966], [5.994806, 46.143892], [5.994822, 46.143837], [5.994806, 46.143764], [5.994825, 46.143735], [5.994811, 46.143695], [5.994817, 46.143647], [5.994783, 46.143602], [5.994754, 46.143591], [5.99471, 46.143599], [5.994621, 46.143641], [5.994519, 46.143745], [5.994478, 46.143826], [5.994263, 46.144037], [5.994131, 46.144233], [5.994122, 46.144363], [5.994149, 46.144407], [5.994197, 46.144433], [5.994224, 46.144479], [5.994201, 46.144488], [5.994195, 46.14454], [5.994101, 46.144569], [5.994009, 46.144533], [5.993946, 46.144481], [5.993786, 46.144445], [5.993216, 46.144139], [5.993002, 46.144049], [5.992605, 46.143963], [5.992128, 46.143914], [5.991762, 46.143809], [5.990884, 46.143493], [5.990553, 46.143353], [5.99035, 46.143303], [5.990021, 46.143445], [5.989927, 46.143445], [5.989623, 46.143511], [5.989266, 46.143644], [5.989166, 46.143695], [5.989129, 46.143747], [5.988979, 46.143839], [5.988864, 46.143825], [5.988802, 46.143781], [5.988667, 46.143485], [5.988635, 46.143381], [5.988584, 46.143305], [5.988502, 46.14327], [5.988394, 46.143272], [5.988118, 46.143328], [5.988001, 46.143323], [5.987899, 46.143288], [5.98784, 46.143182], [5.987712, 46.143036], [5.987587, 46.14296], [5.987085, 46.14259], [5.98699, 46.142568], [5.986871, 46.142605], [5.98671, 46.142744], [5.986673, 46.142816], [5.986549, 46.142934], [5.986388, 46.142909], [5.986264, 46.14283], [5.98616, 46.142806], [5.985953, 46.142872], [5.985752, 46.143068], [5.98561, 46.143299], [5.985481, 46.14341], [5.985204, 46.143391], [5.98507, 46.143334], [5.984924, 46.14336], [5.98468, 46.143283], [5.98403, 46.143202], [5.983845, 46.143158], [5.983705, 46.143076], [5.983503, 46.142989], [5.983492, 46.142927], [5.983329, 46.14272], [5.983215, 46.142607], [5.983122, 46.142544], [5.983013, 46.142517], [5.982446, 46.142291], [5.982604, 46.14337], [5.98285, 46.144662], [5.982772, 46.144711], [5.983226, 46.145231], [5.983201, 46.145253], [5.98345, 46.145438], [5.983788, 46.145728], [5.984471, 46.14875], [5.98483, 46.148944], [5.984977, 46.149055], [5.985174, 46.149271], [5.985246, 46.149328], [5.98568, 46.149841], [5.985533, 46.149884], [5.985758, 46.150057], [5.985864, 46.150214], [5.985891, 46.150385], [5.985867, 46.150587], [5.985873, 46.150808], [5.985857, 46.150994], [5.985784, 46.151186], [5.987304, 46.151916], [5.988109, 46.152014], [5.988886, 46.152186], [5.989064, 46.152246], [5.989199, 46.152319], [5.989147, 46.152358], [5.989966, 46.152638], [5.990575, 46.152936], [5.991083, 46.15311], [5.990557, 46.153876], [5.99105, 46.154013], [5.990415, 46.155009], [5.990374, 46.155259], [5.990623, 46.15556], [5.990664, 46.155953], [5.99077, 46.156466], [5.991167, 46.156352], [5.991688, 46.156085], [5.993066, 46.155162], [5.993412, 46.155012], [5.9956, 46.154552], [5.996729, 46.154339], [5.998164, 46.154732], [6.000118, 46.155299], [6.000832, 46.155551], [6.002237, 46.156086], [6.002647, 46.156271], [6.002716, 46.156327], [6.003285, 46.156625], [6.004946, 46.157222], [6.005263, 46.157351], [6.005658, 46.157545], [6.005889, 46.157682], [6.006324, 46.157883], [6.007715, 46.158476], [6.008518, 46.158794], [6.008597, 46.158805], [6.009135, 46.159046], [6.010528, 46.159615], [6.01307, 46.160707], [6.016986, 46.162325], [6.019684, 46.1635], [6.019849, 46.163348], [6.019548, 46.162965], [6.019412, 46.162609], [6.019117, 46.161229], [6.02005, 46.161028]]]}, "properties": {"npa": 1285, "nom": "Athenaz (Avusy)", "lat": 46.149578, "lon": 6.008566}}, {"type": "Feature", "geometry": {"type": "Polygon", "coordinates": [[[6.107916, 46.2296], [6.109407, 46.227854], [6.10895, 46.227667], [6.108879, 46.227679], [6.10945, 46.227012], [6.109491, 46.226909], [6.111425, 46.225299], [6.111909, 46.224935], [6.111891, 46.224922], [6.113324, 46.223827], [6.114049, 46.22418], [6.114334, 46.224059], [6.114159, 46.22392], [6.11396, 46.22399], [6.113485, 46.223705], [6.114458, 46.222967], [6.114539, 46.223018], [6.114727, 46.222876], [6.115145, 46.22271], [6.115514, 46.222616], [6.115763, 46.222583], [6.11656, 46.222546], [6.117019, 46.222299], [6.117251, 46.22214], [6.117432, 46.222071], [6.117286, 46.221969], [6.116953, 46.221776], [6.115455, 46.221057], [6.113941, 46.220263], [6.113832, 46.220273], [6.113535, 46.22045], [6.11293, 46.220979], [6.112567, 46.221194], [6.111661, 46.221661], [6.111047, 46.222027], [6.110738, 46.222271], [6.109793, 46.223126], [6.109592, 46.223289], [6.109562, 46.223268], [6.109375, 46.223272], [6.109216, 46.223169], [6.108185, 46.222374], [6.107433, 46.222911], [6.10687, 46.222563], [6.105556, 46.221708], [6.104557, 46.220966], [6.105624, 46.220325], [6.105313, 46.219791], [6.103551, 46.220201], [6.102873, 46.220388], [6.102038, 46.220556], [6.10121, 46.220837], [6.094666, 46.222625], [6.095202, 46.222816], [6.096265, 46.223488], [6.097068, 46.224243], [6.098077, 46.223671], [6.0985, 46.223392], [6.098943, 46.223749], [6.099303, 46.223575], [6.099522, 46.2238], [6.099226, 46.223975], [6.099507, 46.224201], [6.099671, 46.2242], [6.100916, 46.223517], [6.101229, 46.223624], [6.101418, 46.224285], [6.101752, 46.225089], [6.102214, 46.225973], [6.102222, 46.226373], [6.103169, 46.227237], [6.104012, 46.227763], [6.105336, 46.228399], [6.106471, 46.229135], [6.10697, 46.229296], [6.107603, 46.229265], [6.107916, 46.2296]]]}, "properties": {"npa": 1216, "nom": "Cointrin", "lat": 46.224014, "lon": 6.106143}}, {"type": "Feature", "geometry": {"type": "Polygon", "coordinates": [[[6.241515, 46.304369], [6.241923, 46.304194], [6.242399, 46.303769], [6.242514, 46.303692], [6.242752, 46.303555], [6.243246, 46.303363], [6.243481, 46.303379], [6.243639, 46.303438], [6.244106, 46.303842], [6.244224, 46.303932], [6.244342, 46.303995], [6.244585, 46.304051], [6.244701, 46.304041], [6.244813, 46.303957], [6.244908, 46.30378], [6.245083, 46.303254], [6.24515, 46.303144], [6.245288, 46.303026], [6.245838, 46.30283], [6.246166, 46.302732], [6.246616, 46.302636], [6.246738, 46.302636], [6.247232, 46.302754], [6.247339, 46.302758], [6.247488, 46.30274], [6.247678, 46.302669], [6.247774, 46.302514], [6.247802, 46.302341], [6.247846, 46.302208], [6.24805, 46.30196], [6.248122, 46.301925], [6.248307, 46.301908], [6.248578, 46.301945], [6.248697, 46.30199], [6.248893, 46.302027], [6.249024, 46.301897], [6.249036, 46.301822], [6.248988, 46.301656], [6.248626, 46.30131], [6.248529, 46.301168], [6.248461, 46.301009], [6.248308, 46.300778], [6.24822, 46.300725], [6.248078, 46.300687], [6.247855, 46.300689], [6.247773, 46.300731], [6.247671, 46.300755], [6.247265, 46.300685], [6.24723, 46.300653], [6.247219, 46.300594], [6.247224, 46.300354], [6.247184, 46.300266], [6.247018, 46.300089], [6.246973, 46.300015], [6.247004, 46.299954], [6.247435, 46.299839], [6.247559, 46.299868], [6.247773, 46.300023], [6.247896, 46.300031], [6.247964, 46.299989], [6.248042, 46.299842], [6.248139, 46.299749], [6.248185, 46.299647], [6.248197, 46.299544], [6.248307, 46.29943], [6.248448, 46.299383], [6.248603, 46.299273], [6.248654, 46.299226], [6.248717, 46.29912], [6.248786, 46.29906], [6.248805, 46.299024], [6.248788, 46.298998], [6.248928, 46.298968], [6.248948, 46.299018], [6.248944, 46.299059], [6.249086, 46.299059], [6.24917, 46.299014], [6.249308, 46.2989], [6.249333, 46.298758], [6.249223, 46.298666], [6.249135, 46.298618], [6.248777, 46.298526], [6.2484, 46.29829], [6.248084, 46.298055], [6.247989, 46.298008], [6.247972, 46.297945], [6.247989, 46.29789], [6.248068, 46.297819], [6.248673, 46.297692], [6.24876, 46.29765], [6.24895, 46.297486], [6.248965, 46.297451], [6.248945, 46.2974], [6.248788, 46.297316], [6.248674, 46.297235], [6.248059, 46.297023], [6.248045, 46.297001], [6.248051, 46.296957], [6.248166, 46.296879], [6.248257, 46.29679], [6.248308, 46.296708], [6.248306, 46.296657], [6.248251, 46.296583], [6.248245, 46.296539], [6.248264, 46.296516], [6.248315, 46.296482], [6.248413, 46.296468], [6.24911, 46.29649], [6.249581, 46.296449], [6.249806, 46.296476], [6.24998, 46.296532], [6.250047, 46.296538], [6.250158, 46.296425], [6.250135, 46.296332], [6.250079, 46.296258], [6.250011, 46.296117], [6.249866, 46.295969], [6.249706, 46.295854], [6.249584, 46.295741], [6.249547, 46.295657], [6.249537, 46.295592], [6.249596, 46.295464], [6.24961, 46.295388], [6.249764, 46.295299], [6.249793, 46.295266], [6.249797, 46.295235], [6.249773, 46.295196], [6.249711, 46.295164], [6.249531, 46.295173], [6.249385, 46.295226], [6.249116, 46.295289], [6.248962, 46.295246], [6.248786, 46.295147], [6.248606, 46.295014], [6.248533, 46.294918], [6.248509, 46.294565], [6.24853, 46.294413], [6.248578, 46.294254], [6.248649, 46.294118], [6.24881, 46.29394], [6.248973, 46.293787], [6.24917, 46.293657], [6.249378, 46.293404], [6.249431, 46.293388], [6.249559, 46.293389], [6.249683, 46.293411], [6.249881, 46.293553], [6.250204, 46.293654], [6.250328, 46.293671], [6.250387, 46.293662], [6.250489, 46.293606], [6.25057, 46.293592], [6.250663, 46.293618], [6.250704, 46.293606], [6.250737, 46.293588], [6.250875, 46.293444], [6.250899, 46.293393], [6.250912, 46.293302], [6.250978, 46.293264], [6.251068, 46.293282], [6.251165, 46.293274], [6.251249, 46.29323], [6.251274, 46.2932], [6.251281, 46.293162], [6.251252, 46.293006], [6.251139, 46.292872], [6.25097, 46.292713], [6.250893, 46.292605], [6.250719, 46.292568], [6.250619, 46.29249], [6.25048, 46.292288], [6.250447, 46.292176], [6.250346, 46.292104], [6.250326, 46.292072], [6.250371, 46.291916], [6.250484, 46.291843], [6.25061, 46.291797], [6.250701, 46.291803], [6.250897, 46.291866], [6.251235, 46.291852], [6.251382, 46.291784], [6.251429, 46.291741], [6.25147, 46.291671], [6.251506, 46.291651], [6.251584, 46.291652], [6.251665, 46.291679], [6.251724, 46.291726], [6.251781, 46.291875], [6.251836, 46.291921], [6.252031, 46.291873], [6.252155, 46.291863], [6.252277, 46.291807], [6.252329, 46.291747], [6.252317, 46.2917], [6.252298, 46.291676], [6.252155, 46.291628], [6.252117, 46.291599], [6.25211, 46.291573], [6.252197, 46.291478], [6.252392, 46.29134], [6.252431, 46.291096], [6.252482, 46.291011], [6.252481, 46.290967], [6.252431, 46.290852], [6.252472, 46.290824], [6.252689, 46.29078], [6.252827, 46.290731], [6.252944, 46.290666], [6.252988, 46.290592], [6.253002, 46.290503], [6.252969, 46.290426], [6.252767, 46.290276], [6.252564, 46.290088], [6.252105, 46.289905], [6.251993, 46.28983], [6.251894, 46.289719], [6.251651, 46.289138], [6.251671, 46.288971], [6.251757, 46.288827], [6.251755, 46.288705], [6.251604, 46.288322], [6.251607, 46.288269], [6.251547, 46.28815], [6.251468, 46.288067], [6.251214, 46.288001], [6.250908, 46.287957], [6.25063, 46.287867], [6.250193, 46.287694], [6.25005, 46.28767], [6.2499, 46.287674], [6.249699, 46.287772], [6.249581, 46.287792], [6.249165, 46.287733], [6.248924, 46.287654], [6.248778, 46.287566], [6.248673, 46.287465], [6.24867, 46.287426], [6.248764, 46.287323], [6.248973, 46.287199], [6.249037, 46.287055], [6.249038, 46.286936], [6.249012, 46.2869], [6.249003, 46.286811], [6.249104, 46.286705], [6.249008, 46.286626], [6.248888, 46.286467], [6.248421, 46.286445], [6.248099, 46.286585], [6.247996, 46.286586], [6.247871, 46.286537], [6.247837, 46.286443], [6.247884, 46.286277], [6.24789, 46.286203], [6.247853, 46.286135], [6.247767, 46.28612], [6.247099, 46.286186], [6.247061, 46.286171], [6.247008, 46.28612], [6.247074, 46.285923], [6.247067, 46.285874], [6.246981, 46.28566], [6.24687, 46.285542], [6.24672, 46.285436], [6.246504, 46.285332], [6.246242, 46.285259], [6.245892, 46.285217], [6.245214, 46.285171], [6.244931, 46.285187], [6.244521, 46.285287], [6.244071, 46.285263], [6.243589, 46.285965], [6.242901, 46.286568], [6.242528, 46.286819], [6.242515, 46.286884], [6.240068, 46.287913], [6.239987, 46.287916], [6.23854, 46.288636], [6.237935, 46.289016], [6.237567, 46.289215], [6.236119, 46.289939], [6.210102, 46.299421], [6.219551, 46.311884], [6.241515, 46.304369]]]}, "properties": {"npa": 1248, "nom": "Hermance", "lat": 46.298823, "lon": 6.232475}}, {"type": "Feature", "geometry": {"type": "Polygon", "coordinates": [[[6.136838, 46.28133], [6.137141, 46.281162], [6.137521, 46.280797], [6.137693, 46.280796], [6.13792, 46.280535], [6.138374, 46.280387], [6.138125, 46.280164], [6.137949, 46.280165], [6.137604, 46.279753], [6.137537, 46.279582], [6.137252, 46.279457], [6.137173, 46.279621], [6.136267, 46.280423], [6.13548, 46.28007], [6.134732, 46.279136], [6.13437, 46.278573], [6.133839, 46.277993], [6.136375, 46.27651], [6.138725, 46.275715], [6.138463, 46.275229], [6.140344, 46.27498], [6.140382, 46.274829], [6.137387, 46.270278], [6.119747, 46.260839], [6.119307, 46.261259], [6.120057, 46.261657], [6.118083, 46.263448], [6.120079, 46.264647], [6.119982, 46.264831], [6.117317, 46.265881], [6.116428, 46.266187], [6.116353, 46.266196], [6.116211, 46.266285], [6.115426, 46.265942], [6.113475, 46.2677], [6.111654, 46.269039], [6.111895, 46.269169], [6.109899, 46.270575], [6.110503, 46.270902], [6.11161, 46.271569], [6.112379, 46.271992], [6.112776, 46.272159], [6.112831, 46.272164], [6.112843, 46.272261], [6.11326, 46.272368], [6.113514, 46.272552], [6.111659, 46.273307], [6.111796, 46.273501], [6.111171, 46.273713], [6.111132, 46.274012], [6.110243, 46.274182], [6.110283, 46.27435], [6.110177, 46.274381], [6.110053, 46.274462], [6.109751, 46.274548], [6.109555, 46.274658], [6.109121, 46.274758], [6.109015, 46.274768], [6.108838, 46.274777], [6.108797, 46.274743], [6.108646, 46.274769], [6.108591, 46.274731], [6.108534, 46.274742], [6.1085, 46.274818], [6.10841, 46.274834], [6.108371, 46.274927], [6.10821, 46.274964], [6.108238, 46.275067], [6.10813, 46.275097], [6.107917, 46.275338], [6.107922, 46.275384], [6.107872, 46.275428], [6.107906, 46.275486], [6.107855, 46.275515], [6.107871, 46.275581], [6.107817, 46.275586], [6.107781, 46.275653], [6.107788, 46.275719], [6.107723, 46.275778], [6.107705, 46.275871], [6.107652, 46.275874], [6.107638, 46.276035], [6.107561, 46.276065], [6.10756, 46.276141], [6.107498, 46.276208], [6.107442, 46.276217], [6.107446, 46.276261], [6.107321, 46.276402], [6.107281, 46.276368], [6.107234, 46.276378], [6.107168, 46.276471], [6.107154, 46.276538], [6.107046, 46.276605], [6.107, 46.276598], [6.10697, 46.27665], [6.106883, 46.276691], [6.106732, 46.276718], [6.1067, 46.276751], [6.106625, 46.276782], [6.106527, 46.27675], [6.106378, 46.276785], [6.106239, 46.276724], [6.106158, 46.276744], [6.106093, 46.276842], [6.106044, 46.276848], [6.105988, 46.276887], [6.105831, 46.276857], [6.105779, 46.2769], [6.105739, 46.276866], [6.105708, 46.276887], [6.105672, 46.276875], [6.105678, 46.276934], [6.105621, 46.277008], [6.10568, 46.27704], [6.105657, 46.277109], [6.105612, 46.277116], [6.105632, 46.27723], [6.105559, 46.277304], [6.105541, 46.277363], [6.105463, 46.277423], [6.105371, 46.27746], [6.10535, 46.277546], [6.105242, 46.277588], [6.105256, 46.277648], [6.105171, 46.277737], [6.105157, 46.277788], [6.104995, 46.277956], [6.105012, 46.278009], [6.104921, 46.278091], [6.104813, 46.278234], [6.104628, 46.278301], [6.103809, 46.278532], [6.103464, 46.278603], [6.103386, 46.278647], [6.103265, 46.278666], [6.103764, 46.279285], [6.104036, 46.279649], [6.104092, 46.279694], [6.104168, 46.279848], [6.104204, 46.279885], [6.104427, 46.280324], [6.104518, 46.280564], [6.104584, 46.280954], [6.104639, 46.281129], [6.104663, 46.281354], [6.104713, 46.281554], [6.104721, 46.281706], [6.10469, 46.282092], [6.104887, 46.282604], [6.105084, 46.282961], [6.10437, 46.283534], [6.104686, 46.283847], [6.104426, 46.284205], [6.104412, 46.28419], [6.103605, 46.284541], [6.10239, 46.28492], [6.10239, 46.28494], [6.102778, 46.285077], [6.103499, 46.285581], [6.103877, 46.286149], [6.104415, 46.286569], [6.10456, 46.286941], [6.10454, 46.286976], [6.106081, 46.287767], [6.107365, 46.288697], [6.108873, 46.289345], [6.109775, 46.290131], [6.111618, 46.291499], [6.112265, 46.292559], [6.11305, 46.293291], [6.112741, 46.293525], [6.113257, 46.294127], [6.113932, 46.294344], [6.114075, 46.294716], [6.114549, 46.294482], [6.114774, 46.294587], [6.115034, 46.294531], [6.115308, 46.29443], [6.11542, 46.294355], [6.115452, 46.294371], [6.115648, 46.294311], [6.115681, 46.29427], [6.115858, 46.294244], [6.115944, 46.29421], [6.115968, 46.294218], [6.116034, 46.294187], [6.116072, 46.294144], [6.116131, 46.294138], [6.116229, 46.294095], [6.116318, 46.294013], [6.116392, 46.294032], [6.116474, 46.294008], [6.116563, 46.294015], [6.116636, 46.294001], [6.1167, 46.294029], [6.116813, 46.294143], [6.116879, 46.294148], [6.116911, 46.294195], [6.116913, 46.294237], [6.117011, 46.294251], [6.11703, 46.294277], [6.117076, 46.294281], [6.117269, 46.294376], [6.11731, 46.294363], [6.117358, 46.294405], [6.117527, 46.294459], [6.117582, 46.294451], [6.11784, 46.294544], [6.117924, 46.294538], [6.118007, 46.294562], [6.118044, 46.294591], [6.118112, 46.294567], [6.11816, 46.294591], [6.1183, 46.294552], [6.118558, 46.294531], [6.118637, 46.29449], [6.118703, 46.294481], [6.118752, 46.29443], [6.118901, 46.294426], [6.118932, 46.294475], [6.119021, 46.294451], [6.119113, 46.294452], [6.119149, 46.294411], [6.119264, 46.294412], [6.119274, 46.294379], [6.119301, 46.294363], [6.119386, 46.294384], [6.119484, 46.294335], [6.119637, 46.294317], [6.119729, 46.294546], [6.119732, 46.29465], [6.119779, 46.294731], [6.11978, 46.294816], [6.11975, 46.294885], [6.119608, 46.294982], [6.119259, 46.295063], [6.118959, 46.295199], [6.118855, 46.295296], [6.118793, 46.295382], [6.118675, 46.295595], [6.118656, 46.295702], [6.118597, 46.29578], [6.118561, 46.295909], [6.118776, 46.296125], [6.118921, 46.296206], [6.119104, 46.296283], [6.119396, 46.296359], [6.119911, 46.296426], [6.120063, 46.296466], [6.12051, 46.296729], [6.12087, 46.297008], [6.120866, 46.297136], [6.120518, 46.297397], [6.120477, 46.297443], [6.121701, 46.297083], [6.126056, 46.294632], [6.133196, 46.291415], [6.13317, 46.29134], [6.133024, 46.291327], [6.132978, 46.291251], [6.133018, 46.291176], [6.132999, 46.291118], [6.132916, 46.291036], [6.132865, 46.291028], [6.132875, 46.29089], [6.132947, 46.290857], [6.133043, 46.290899], [6.133219, 46.290875], [6.133264, 46.290853], [6.133248, 46.290801], [6.133096, 46.290716], [6.133058, 46.290611], [6.133151, 46.290609], [6.133232, 46.290481], [6.133324, 46.290386], [6.133305, 46.290291], [6.133255, 46.290233], [6.133212, 46.290112], [6.133244, 46.29005], [6.133353, 46.290084], [6.133399, 46.290068], [6.133399, 46.289936], [6.133488, 46.289927], [6.133596, 46.289817], [6.133564, 46.289745], [6.133471, 46.289727], [6.133383, 46.289674], [6.133381, 46.28962], [6.133446, 46.289556], [6.133516, 46.289542], [6.133543, 46.28952], [6.133407, 46.289459], [6.133535, 46.289393], [6.133675, 46.289279], [6.133697, 46.289235], [6.13367, 46.289202], [6.133723, 46.289145], [6.133745, 46.289146], [6.133775, 46.28918], [6.133849, 46.289177], [6.133866, 46.289124], [6.133802, 46.289023], [6.133723, 46.289017], [6.133684, 46.288972], [6.133759, 46.288924], [6.133777, 46.288892], [6.133729, 46.288856], [6.133745, 46.288729], [6.133782, 46.288688], [6.133874, 46.288694], [6.133894, 46.288674], [6.133886, 46.288619], [6.133833, 46.288588], [6.133796, 46.288601], [6.133737, 46.288562], [6.13372, 46.288505], [6.133805, 46.288405], [6.133815, 46.288306], [6.133796, 46.288186], [6.133764, 46.288151], [6.133449, 46.288154], [6.133328, 46.288175], [6.133153, 46.288122], [6.133078, 46.288076], [6.132996, 46.287968], [6.133, 46.287908], [6.132954, 46.287841], [6.1328, 46.287796], [6.132713, 46.287799], [6.132665, 46.287872], [6.132527, 46.28786], [6.132457, 46.287802], [6.132494, 46.287691], [6.132459, 46.287609], [6.132237, 46.287558], [6.132169, 46.2875], [6.132144, 46.287404], [6.132259, 46.287362], [6.132202, 46.287205], [6.132098, 46.287074], [6.131736, 46.287095], [6.130067, 46.28864], [6.129328, 46.288252], [6.129455, 46.288068], [6.129516, 46.287875], [6.129545, 46.287604], [6.129056, 46.287498], [6.129656, 46.286699], [6.128797, 46.285713], [6.128724, 46.285503], [6.129582, 46.285149], [6.130075, 46.285093], [6.13062, 46.284696], [6.130399, 46.284609], [6.130112, 46.284931], [6.129461, 46.285039], [6.12931, 46.284844], [6.128816, 46.284931], [6.128315, 46.284855], [6.127852, 46.284602], [6.127744, 46.283974], [6.129352, 46.283038], [6.129709, 46.282924], [6.130115, 46.282973], [6.130568, 46.282891], [6.131278, 46.28304], [6.131463, 46.282824], [6.131564, 46.282641], [6.131628, 46.282483], [6.131655, 46.282301], [6.131703, 46.282133], [6.131731, 46.281905], [6.131724, 46.281699], [6.131774, 46.281532], [6.131927, 46.28132], [6.132059, 46.281272], [6.132207, 46.281173], [6.132294, 46.281141], [6.132478, 46.281111], [6.132568, 46.281123], [6.132757, 46.281301], [6.13274, 46.281369], [6.132896, 46.281671], [6.132984, 46.281767], [6.133086, 46.281833], [6.133165, 46.281863], [6.133277, 46.281842], [6.133539, 46.281632], [6.133673, 46.281585], [6.133797, 46.281563], [6.134385, 46.281533], [6.134523, 46.28149], [6.134605, 46.281446], [6.13468, 46.281379], [6.134717, 46.281324], [6.134758, 46.281144], [6.134797, 46.281069], [6.134942, 46.280939], [6.135097, 46.280906], [6.135394, 46.281001], [6.135488, 46.280989], [6.135583, 46.280952], [6.135671, 46.280866], [6.135713, 46.280721], [6.135825, 46.280633], [6.136014, 46.280647], [6.136189, 46.280751], [6.136248, 46.280763], [6.136457, 46.280878], [6.136838, 46.28133]]]}, "properties": {"npa": 1239, "nom": "Collex", "lat": 46.279562, "lon": 6.121148}}, {"type": "Feature", "geometry": {"type": "Polygon", "coordinates": [[[6.249312, 46.262489], [6.249718, 46.262634], [6.249737, 46.262605], [6.249749, 46.262517], [6.24985, 46.262197], [6.249912, 46.262157], [6.249863, 46.262138], [6.249508, 46.261597], [6.249323, 46.261111], [6.249096, 46.260666], [6.248907, 46.26035], [6.248656, 46.26011], [6.248513, 46.259925], [6.248323, 46.259611], [6.248246, 46.259637], [6.248009, 46.259273], [6.247307, 46.258398], [6.24656, 46.257405], [6.245752, 46.25653], [6.245063, 46.25606], [6.243204, 46.256889], [6.242555, 46.257039], [6.242524, 46.257025], [6.242227, 46.257075], [6.241867, 46.257228], [6.241603, 46.257364], [6.234614, 46.25694], [6.234097, 46.25627], [6.234056, 46.256184], [6.233695, 46.255652], [6.23104, 46.256362], [6.230512, 46.256068], [6.229713, 46.255652], [6.229499, 46.25536], [6.229093, 46.254863], [6.228906, 46.254688], [6.228622, 46.254556], [6.228249, 46.253924], [6.228214, 46.253779], [6.228139, 46.253803], [6.228057, 46.253868], [6.227922, 46.253935], [6.227756, 46.253993], [6.227504, 46.254021], [6.227163, 46.254024], [6.226475, 46.253943], [6.225905, 46.253919], [6.225601, 46.253938], [6.225257, 46.253991], [6.225078, 46.254036], [6.225763, 46.254998], [6.22355, 46.255816], [6.223574, 46.255833], [6.222626, 46.256294], [6.222828, 46.256583], [6.221793, 46.257054], [6.222133, 46.257268], [6.220999, 46.25808], [6.22113, 46.258268], [6.220192, 46.260315], [6.220144, 46.260344], [6.219323, 46.260431], [6.2187, 46.260569], [6.21868, 46.260552], [6.218441, 46.260632], [6.218188, 46.260691], [6.217241, 46.260969], [6.216826, 46.261113], [6.216074, 46.261418], [6.215625, 46.261568], [6.215302, 46.261695], [6.215098, 46.261751], [6.215031, 46.26174], [6.213424, 46.2625], [6.213434, 46.262562], [6.213602, 46.26276], [6.213184, 46.262949], [6.213405, 46.263309], [6.212879, 46.263524], [6.212965, 46.263654], [6.211873, 46.264127], [6.211743, 46.26414], [6.211387, 46.264458], [6.211173, 46.264566], [6.210897, 46.264758], [6.21061, 46.264915], [6.210089, 46.265145], [6.209915, 46.26528], [6.209805, 46.265502], [6.189899, 46.272752], [6.195092, 46.27961], [6.216434, 46.271836], [6.216657, 46.271694], [6.216687, 46.271656], [6.216727, 46.271552], [6.216739, 46.271473], [6.216798, 46.271463], [6.216871, 46.271477], [6.216932, 46.271451], [6.216973, 46.271298], [6.216947, 46.271223], [6.216962, 46.27119], [6.21717, 46.271057], [6.217265, 46.271018], [6.217336, 46.270969], [6.217377, 46.270908], [6.217437, 46.270873], [6.217667, 46.270838], [6.217912, 46.270842], [6.217974, 46.270791], [6.21802, 46.270831], [6.218058, 46.270828], [6.218079, 46.270714], [6.218055, 46.270648], [6.218108, 46.270619], [6.21823, 46.270623], [6.218248, 46.270583], [6.218253, 46.270458], [6.218268, 46.270442], [6.21835, 46.270431], [6.218394, 46.270361], [6.218793, 46.270107], [6.218826, 46.2701], [6.218946, 46.270121], [6.219021, 46.270108], [6.219183, 46.269984], [6.219417, 46.269997], [6.219552, 46.269965], [6.219622, 46.269923], [6.219848, 46.269978], [6.219939, 46.269975], [6.220028, 46.269957], [6.22018, 46.269879], [6.220227, 46.26987], [6.220325, 46.269887], [6.220548, 46.269878], [6.220618, 46.269862], [6.22064, 46.269795], [6.220868, 46.269677], [6.221264, 46.269577], [6.221408, 46.269474], [6.221415, 46.269445], [6.221468, 46.269422], [6.221489, 46.269362], [6.221534, 46.269307], [6.221616, 46.269267], [6.221717, 46.26917], [6.22176, 46.269099], [6.221918, 46.268928], [6.22204, 46.268833], [6.222155, 46.268691], [6.222252, 46.268617], [6.222344, 46.268508], [6.22238, 46.268408], [6.222453, 46.268334], [6.222472, 46.268273], [6.222522, 46.268212], [6.222735, 46.26806], [6.222953, 46.267951], [6.223076, 46.267863], [6.223133, 46.267843], [6.223287, 46.267841], [6.223554, 46.267754], [6.223715, 46.267715], [6.223851, 46.267703], [6.223977, 46.267642], [6.224109, 46.26762], [6.224288, 46.267541], [6.224362, 46.267465], [6.224435, 46.267433], [6.224573, 46.267425], [6.224716, 46.267385], [6.224868, 46.267289], [6.22502, 46.267259], [6.225076, 46.267263], [6.225124, 46.267217], [6.225191, 46.267185], [6.225326, 46.267197], [6.225458, 46.267134], [6.225476, 46.267076], [6.225424, 46.266931], [6.225353, 46.266927], [6.225322, 46.266891], [6.225353, 46.266853], [6.225418, 46.266819], [6.225583, 46.266807], [6.225654, 46.266779], [6.225677, 46.266745], [6.225681, 46.266705], [6.225631, 46.266631], [6.225602, 46.266617], [6.225603, 46.266576], [6.225669, 46.266474], [6.225694, 46.266346], [6.225851, 46.266275], [6.225892, 46.266212], [6.225828, 46.265971], [6.225988, 46.265917], [6.226043, 46.265872], [6.226128, 46.265737], [6.226154, 46.26562], [6.226213, 46.265552], [6.226298, 46.265516], [6.226367, 46.265384], [6.226416, 46.265335], [6.226996, 46.265685], [6.227376, 46.265953], [6.22808, 46.26628], [6.228395, 46.266474], [6.228639, 46.266648], [6.235443, 46.266174], [6.235468, 46.26617], [6.235958, 46.265728], [6.23779, 46.264724], [6.238767, 46.264147], [6.238661, 46.263525], [6.238694, 46.26347], [6.238888, 46.263442], [6.239986, 46.262977], [6.240009, 46.262939], [6.239883, 46.26258], [6.240118, 46.26253], [6.240574, 46.262357], [6.240798, 46.262298], [6.241138, 46.262295], [6.243134, 46.262374], [6.244264, 46.262373], [6.244852, 46.262241], [6.245771, 46.26191], [6.246264, 46.26175], [6.247695, 46.261459], [6.247816, 46.261504], [6.248475, 46.261979], [6.249019, 46.262334], [6.249312, 46.262489]]]}, "properties": {"npa": 1246, "nom": "Corsier GE", "lat": 46.265862, "lon": 6.219108}}, {"type": "Feature", "geometry": {"type": "Polygon", "coordinates": [[[6.149883, 46.206842], [6.154337, 46.204406], [6.15483, 46.203888], [6.154616, 46.203385], [6.154335, 46.203268], [6.154249, 46.20305], [6.154333, 46.202915], [6.155219, 46.202733], [6.155153, 46.202572], [6.15463, 46.202423], [6.154338, 46.201734], [6.154642, 46.201392], [6.154518, 46.201096], [6.153988, 46.20121], [6.153622, 46.201063], [6.153371, 46.200495], [6.153174, 46.200339], [6.153193, 46.200053], [6.152085, 46.19926], [6.151337, 46.199745], [6.151241, 46.199669], [6.151038, 46.199794], [6.150379, 46.199321], [6.150564, 46.199209], [6.149937, 46.198748], [6.15005, 46.198675], [6.150362, 46.198681], [6.15083, 46.198369], [6.150575, 46.198192], [6.149849, 46.198683], [6.14965, 46.198539], [6.148665, 46.198453], [6.148389, 46.198487], [6.148218, 46.198556], [6.147817, 46.198812], [6.14774, 46.198922], [6.147175, 46.198514], [6.144456, 46.200203], [6.145017, 46.200737], [6.144312, 46.201078], [6.144192, 46.201085], [6.144069, 46.201058], [6.143631, 46.200724], [6.143358, 46.2009], [6.143108, 46.200712], [6.143055, 46.200523], [6.143017, 46.199477], [6.142632, 46.199407], [6.142662, 46.19935], [6.142653, 46.198721], [6.142706, 46.198718], [6.142687, 46.198496], [6.142601, 46.198312], [6.142444, 46.198131], [6.142149, 46.198118], [6.142036, 46.198023], [6.1416, 46.198026], [6.141627, 46.198541], [6.141616, 46.198706], [6.141571, 46.198846], [6.141099, 46.199526], [6.140736, 46.2001], [6.141027, 46.200165], [6.140453, 46.20097], [6.140199, 46.201047], [6.14, 46.201068], [6.139657, 46.201004], [6.139224, 46.201133], [6.139314, 46.201274], [6.139369, 46.201255], [6.13944, 46.20144], [6.139265, 46.201593], [6.138821, 46.201576], [6.138605, 46.201494], [6.138504, 46.201573], [6.138163, 46.201574], [6.138157, 46.201623], [6.136781, 46.201558], [6.136802, 46.20137], [6.135025, 46.201341], [6.134906, 46.202329], [6.135299, 46.202371], [6.135172, 46.203154], [6.134082, 46.203081], [6.133945, 46.203678], [6.134389, 46.20389], [6.136072, 46.204837], [6.136706, 46.205113], [6.136805, 46.205118], [6.138925, 46.204853], [6.139832, 46.204991], [6.14091, 46.204993], [6.141854, 46.205115], [6.144809, 46.205868], [6.146359, 46.206239], [6.147709, 46.206478], [6.149191, 46.206657], [6.149883, 46.206842]]]}, "properties": {"npa": 1204, "nom": "Genève", "lat": 46.202708, "lon": 6.14569}}, {"type": "Feature", "geometry": {"type": "Polygon", "coordinates": [[[6.068973, 46.21676], [6.068849, 46.216761], [6.068687, 46.216702], [6.068446, 46.216705], [6.068149, 46.216602], [6.066926, 46.216627], [6.062535, 46.216795], [6.057662, 46.216933], [6.057257, 46.216971], [6.056808, 46.21671], [6.05761, 46.215895], [6.059734, 46.214218], [6.059903, 46.214116], [6.060191, 46.213976], [6.060635, 46.213827], [6.060925, 46.213758], [6.061414, 46.213678], [6.061779, 46.213268], [6.061957, 46.213134], [6.062587, 46.212779], [6.062769, 46.212653], [6.063297, 46.212205], [6.063564, 46.211954], [6.064519, 46.210869], [6.063343, 46.21017], [6.064009, 46.209565], [6.061871, 46.208239], [6.057778, 46.206075], [6.058259, 46.205495], [6.058531, 46.204859], [6.05995, 46.204938], [6.060551, 46.204868], [6.060806, 46.204894], [6.060383, 46.204519], [6.060242, 46.203939], [6.059929, 46.203581], [6.058439, 46.202321], [6.060864, 46.202522], [6.061879, 46.202649], [6.063104, 46.203218], [6.063279, 46.202804], [6.063688, 46.202447], [6.063768, 46.202779], [6.064315, 46.203534], [6.064727, 46.20394], [6.06551, 46.204582], [6.066255, 46.204984], [6.066395, 46.205147], [6.066875, 46.206193], [6.06719, 46.206335], [6.068807, 46.205783], [6.069001, 46.206211], [6.067982, 46.206491], [6.068216, 46.206749], [6.069062, 46.206496], [6.069572, 46.206798], [6.070738, 46.2063], [6.070964, 46.206586], [6.071569, 46.206282], [6.072047, 46.206496], [6.072386, 46.206044], [6.07222, 46.205748], [6.072149, 46.205504], [6.072141, 46.205374], [6.072159, 46.205245], [6.072264, 46.204989], [6.071852, 46.204783], [6.0719, 46.204565], [6.071602, 46.204352], [6.071625, 46.204285], [6.071815, 46.204045], [6.071847, 46.203972], [6.071894, 46.203931], [6.071972, 46.203765], [6.072015, 46.203723], [6.072051, 46.203596], [6.072121, 46.203485], [6.072299, 46.203298], [6.072289, 46.203241], [6.072416, 46.203212], [6.072444, 46.203177], [6.072644, 46.203152], [6.072713, 46.203181], [6.072784, 46.203156], [6.072936, 46.203203], [6.073019, 46.203179], [6.073088, 46.203187], [6.073147, 46.203159], [6.07315, 46.203097], [6.073208, 46.203053], [6.073762, 46.202939], [6.073854, 46.202412], [6.073521, 46.202375], [6.072873, 46.202247], [6.072563, 46.202157], [6.072263, 46.202049], [6.071977, 46.201925], [6.071276, 46.201581], [6.071024, 46.201426], [6.070793, 46.201256], [6.070285, 46.200785], [6.06972, 46.200195], [6.069223, 46.199576], [6.068798, 46.198932], [6.068346, 46.198058], [6.067597, 46.196448], [6.067355, 46.19605], [6.067066, 46.19567], [6.066731, 46.195309], [6.066352, 46.19497], [6.065933, 46.194654], [6.065475, 46.194366], [6.064983, 46.194105], [6.06446, 46.193876], [6.064016, 46.193713], [6.063556, 46.193572], [6.063083, 46.193455], [6.062599, 46.19336], [6.059212, 46.192787], [6.058814, 46.192732], [6.058412, 46.192698], [6.058007, 46.192687], [6.057602, 46.192697], [6.057199, 46.19273], [6.056801, 46.192784], [6.05641, 46.192859], [6.056029, 46.192956], [6.054083, 46.193497], [6.053687, 46.193573], [6.053284, 46.193627], [6.052877, 46.193659], [6.052466, 46.193668], [6.050281, 46.193565], [6.049621, 46.193578], [6.048963, 46.193625], [6.048312, 46.193706], [6.047672, 46.193821], [6.046994, 46.193968], [6.046642, 46.194083], [6.04632, 46.194234], [6.042447, 46.196346], [6.042062, 46.196486], [6.041296, 46.196626], [6.041084, 46.19668], [6.040684, 46.196825], [6.0405, 46.196914], [6.038648, 46.198078], [6.038192, 46.198328], [6.037613, 46.198598], [6.037002, 46.198832], [6.036365, 46.199029], [6.035706, 46.199187], [6.035029, 46.199304], [6.034231, 46.199418], [6.033682, 46.199466], [6.033405, 46.199468], [6.032855, 46.199426], [6.03232, 46.199326], [6.032063, 46.199255], [6.031431, 46.199025], [6.031021, 46.199455], [6.030919, 46.199499], [6.030745, 46.199509], [6.030517, 46.199461], [6.030293, 46.199515], [6.030034, 46.199476], [6.029942, 46.199446], [6.029682, 46.199449], [6.029515, 46.199401], [6.029406, 46.199422], [6.029328, 46.199467], [6.029139, 46.199419], [6.028859, 46.199276], [6.028638, 46.199199], [6.028368, 46.199187], [6.028184, 46.199146], [6.027962, 46.199142], [6.027729, 46.199086], [6.027551, 46.199149], [6.027347, 46.19915], [6.027243, 46.199131], [6.026766, 46.199179], [6.026666, 46.199162], [6.026552, 46.199185], [6.02646, 46.199279], [6.026306, 46.199326], [6.026227, 46.199474], [6.02594, 46.199545], [6.025875, 46.1996], [6.025704, 46.199611], [6.02563, 46.199638], [6.025459, 46.199652], [6.024966, 46.199817], [6.02486, 46.199756], [6.024699, 46.199851], [6.0246, 46.199789], [6.024412, 46.199888], [6.02433, 46.199883], [6.023838, 46.200024], [6.023752, 46.200016], [6.023666, 46.200099], [6.023492, 46.200047], [6.023281, 46.200065], [6.023077, 46.199983], [6.022639, 46.200069], [6.022447, 46.200053], [6.022254, 46.200006], [6.02209, 46.200046], [6.021869, 46.200144], [6.021705, 46.200153], [6.021575, 46.200121], [6.020924, 46.200334], [6.02084, 46.2004], [6.020657, 46.20038], [6.020484, 46.200324], [6.02037, 46.200344], [6.020414, 46.200197], [6.02034, 46.200115], [6.020323, 46.200057], [6.020115, 46.200062], [6.020059, 46.200124], [6.019943, 46.200119], [6.019912, 46.200174], [6.019831, 46.200097], [6.019754, 46.200134], [6.019797, 46.20018], [6.019731, 46.200196], [6.019658, 46.200156], [6.01945, 46.200256], [6.019284, 46.200252], [6.019263, 46.200286], [6.018819, 46.200239], [6.018677, 46.200164], [6.01753, 46.200239], [6.017381, 46.2002], [6.01711, 46.200193], [6.016978, 46.200167], [6.01686, 46.200087], [6.016848, 46.200133], [6.01687, 46.200168], [6.016902, 46.200178], [6.016913, 46.200275], [6.016768, 46.200283], [6.016735, 46.200299], [6.016744, 46.200314], [6.01665, 46.20033], [6.016597, 46.200387], [6.016625, 46.200406], [6.016706, 46.200416], [6.016818, 46.200389], [6.016931, 46.200435], [6.016758, 46.200516], [6.016712, 46.200564], [6.016625, 46.200603], [6.016422, 46.200651], [6.016414, 46.200589], [6.016322, 46.200631], [6.01631, 46.200656], [6.016232, 46.200682], [6.016185, 46.200654], [6.016027, 46.200709], [6.015977, 46.200799], [6.015994, 46.200945], [6.015952, 46.201041], [6.015988, 46.20108], [6.015917, 46.201187], [6.015418, 46.201414], [6.015317, 46.201619], [6.015242, 46.201876], [6.014982, 46.202113], [6.01483, 46.202116], [6.014807, 46.202272], [6.014625, 46.202332], [6.014599, 46.202294], [6.014418, 46.202333], [6.014401, 46.202386], [6.014334, 46.2024], [6.01431, 46.202378], [6.014201, 46.202355], [6.014083, 46.202365], [6.013867, 46.202551], [6.013736, 46.202599], [6.013645, 46.202566], [6.013545, 46.202684], [6.013459, 46.202694], [6.013392, 46.202772], [6.01334, 46.202732], [6.013243, 46.202792], [6.013182, 46.202916], [6.012807, 46.203042], [6.012824, 46.20308], [6.012755, 46.203093], [6.012796, 46.203154], [6.012674, 46.203196], [6.01262, 46.203235], [6.012571, 46.203315], [6.012578, 46.203407], [6.012349, 46.203539], [6.012335, 46.203619], [6.012273, 46.203646], [6.012344, 46.20387], [6.011803, 46.203844], [6.011248, 46.203761], [6.009937, 46.203484], [6.00975, 46.203429], [6.009714, 46.203297], [6.009714, 46.203056], [6.009671, 46.202805], [6.009589, 46.202784], [6.00892, 46.203032], [6.008546, 46.203226], [6.008477, 46.203335], [6.008279, 46.204732], [6.008328, 46.204802], [6.009625, 46.205386], [6.009507, 46.20609], [6.009449, 46.206193], [6.007912, 46.207942], [6.007876, 46.208018], [6.009209, 46.2085], [6.009233, 46.208557], [6.008139, 46.209801], [6.008048, 46.209817], [6.008021, 46.209848], [6.007204, 46.209515], [6.006367, 46.209097], [6.00211, 46.207326], [6.00222, 46.207687], [6.000743, 46.209061], [6.000275, 46.208627], [5.999579, 46.2085], [5.998957, 46.208431], [5.998841, 46.208399], [5.998347, 46.208488], [5.998084, 46.208519], [5.997979, 46.208572], [5.997782, 46.20844], [5.997535, 46.208324], [5.997109, 46.208244], [5.996799, 46.208227], [5.996204, 46.208458], [5.995964, 46.208571], [5.995728, 46.208721], [5.99475, 46.209254], [5.994834, 46.209412], [5.994682, 46.210187], [5.995636, 46.211379], [5.995196, 46.212168], [5.994853, 46.212547], [5.994906, 46.21293], [5.996071, 46.21404], [5.996376, 46.214578], [5.996506, 46.215271], [5.996613, 46.215557], [5.996735, 46.216083], [5.996979, 46.216306], [5.997914, 46.216678], [5.998606, 46.217037], [5.998855, 46.217296], [5.998858, 46.217837], [5.998768, 46.218446], [5.998476, 46.219168], [5.998583, 46.219447], [5.99891, 46.219665], [5.999466, 46.219881], [6.000025, 46.220055], [6.000036, 46.220031], [6.00017, 46.22007], [6.000294, 46.220125], [6.000374, 46.22014], [6.001111, 46.220393], [6.001328, 46.220427], [6.001539, 46.2205], [6.001796, 46.220721], [6.002014, 46.221122], [6.002316, 46.221528], [6.002526, 46.221775], [6.002569, 46.221907], [6.002609, 46.221971], [6.002853, 46.222223], [6.002907, 46.222311], [6.003058, 46.22242], [6.003122, 46.222487], [6.003194, 46.222529], [6.003212, 46.222561], [6.003515, 46.222775], [6.003644, 46.222822], [6.003777, 46.222905], [6.004039, 46.22303], [6.004069, 46.223029], [6.004414, 46.223251], [6.004606, 46.22335], [6.004873, 46.223447], [6.00534, 46.22356], [6.005462, 46.22361], [6.005652, 46.22364], [6.005804, 46.223704], [6.006431, 46.223749], [6.00656, 46.223772], [6.006639, 46.223805], [6.006912, 46.223854], [6.007011, 46.223849], [6.007043, 46.22383], [6.007108, 46.223838], [6.007189, 46.223881], [6.00724, 46.223936], [6.007243, 46.223966], [6.00721, 46.223978], [6.007136, 46.224239], [6.007046, 46.224373], [6.007002, 46.224497], [6.007002, 46.224588], [6.007029, 46.224647], [6.007038, 46.224997], [6.006993, 46.225369], [6.006975, 46.225388], [6.00697, 46.225549], [6.006888, 46.225693], [6.006691, 46.225916], [6.006627, 46.226021], [6.006594, 46.22619], [6.006572, 46.226232], [6.006581, 46.226352], [6.006559, 46.226469], [6.006571, 46.226541], [6.006618, 46.226615], [6.006721, 46.226674], [6.006779, 46.226688], [6.006904, 46.22667], [6.007178, 46.226554], [6.007743, 46.226395], [6.007904, 46.226387], [6.008061, 46.226402], [6.008286, 46.226469], [6.008605, 46.226648], [6.009044, 46.226827], [6.009402, 46.227033], [6.009747, 46.22727], [6.00998, 46.227478], [6.010114, 46.227705], [6.010257, 46.227881], [6.010267, 46.227937], [6.010256, 46.22799], [6.010206, 46.228074], [6.009932, 46.228272], [6.00981, 46.228399], [6.009608, 46.228556], [6.009563, 46.22861], [6.009507, 46.228726], [6.009488, 46.228852], [6.009561, 46.228995], [6.009693, 46.229045], [6.009805, 46.229046], [6.009936, 46.229025], [6.010357, 46.228904], [6.01058, 46.228804], [6.011144, 46.228618], [6.011777, 46.228516], [6.011918, 46.228526], [6.012279, 46.228481], [6.012491, 46.228545], [6.012785, 46.228687], [6.012946, 46.228737], [6.013341, 46.229053], [6.013389, 46.229123], [6.013421, 46.229232], [6.013407, 46.229414], [6.013298, 46.22967], [6.013205, 46.229795], [6.01295, 46.229964], [6.012763, 46.230058], [6.012621, 46.230165], [6.012552, 46.230301], [6.012649, 46.230607], [6.012839, 46.230938], [6.012956, 46.231049], [6.013093, 46.231101], [6.013181, 46.231119], [6.013344, 46.231079], [6.013541, 46.230994], [6.013759, 46.230852], [6.01402, 46.230729], [6.014851, 46.230468], [6.014928, 46.230467], [6.01511, 46.230423], [6.015261, 46.230443], [6.015368, 46.230481], [6.015484, 46.230551], [6.015914, 46.231112], [6.015983, 46.231177], [6.015977, 46.231191], [6.016142, 46.231378], [6.016282, 46.231755], [6.016396, 46.231951], [6.016434, 46.231984], [6.017418, 46.231577], [6.017431, 46.231599], [6.017601, 46.231565], [6.017637, 46.23162], [6.017785, 46.23158], [6.018032, 46.23157], [6.018082, 46.231626], [6.018264, 46.231655], [6.018452, 46.231571], [6.018484, 46.231572], [6.018485, 46.231656], [6.018676, 46.231627], [6.018815, 46.231634], [6.018835, 46.231654], [6.018761, 46.231697], [6.018829, 46.231777], [6.018938, 46.231812], [6.019373, 46.231805], [6.0194, 46.231827], [6.019367, 46.231876], [6.019427, 46.231882], [6.019526, 46.231767], [6.019596, 46.23175], [6.019761, 46.231857], [6.01983, 46.231819], [6.019908, 46.231833], [6.019953, 46.231895], [6.020008, 46.232044], [6.019984, 46.232106], [6.019923, 46.232157], [6.01997, 46.232192], [6.020103, 46.232191], [6.020189, 46.23224], [6.020241, 46.232247], [6.020382, 46.232153], [6.02064, 46.232179], [6.020658, 46.232265], [6.020792, 46.232298], [6.02094, 46.23229], [6.021009, 46.232361], [6.021063, 46.232364], [6.021173, 46.232306], [6.0214, 46.232307], [6.021431, 46.232321], [6.021403, 46.232463], [6.021452, 46.232534], [6.021457, 46.232611], [6.021664, 46.232624], [6.02179, 46.232551], [6.021804, 46.232495], [6.021858, 46.232469], [6.021872, 46.232421], [6.021902, 46.232421], [6.02195, 46.232486], [6.021977, 46.232496], [6.022071, 46.232472], [6.022128, 46.23248], [6.0222, 46.232457], [6.022214, 46.232459], [6.02228, 46.232589], [6.022345, 46.232639], [6.02241, 46.232642], [6.022478, 46.232614], [6.022602, 46.232595], [6.022944, 46.232673], [6.023112, 46.232681], [6.0232, 46.232878], [6.023234, 46.232912], [6.023359, 46.232987], [6.023411, 46.232992], [6.023439, 46.233055], [6.023654, 46.233125], [6.02372, 46.233138], [6.02381, 46.233122], [6.023938, 46.233125], [6.024016, 46.233091], [6.024175, 46.233092], [6.024295, 46.233055], [6.02444, 46.23311], [6.024612, 46.233147], [6.024694, 46.233122], [6.024754, 46.233081], [6.024835, 46.23308], [6.024922, 46.233095], [6.025071, 46.233219], [6.025399, 46.2332], [6.025496, 46.233226], [6.025714, 46.233475], [6.025741, 46.233549], [6.02573, 46.233685], [6.025818, 46.2339], [6.025828, 46.233985], [6.025875, 46.234085], [6.02597, 46.234147], [6.026192, 46.234237], [6.026337, 46.234339], [6.026439, 46.234353], [6.026643, 46.234307], [6.026837, 46.234243], [6.026972, 46.234278], [6.027607, 46.234741], [6.028689, 46.235235], [6.029361, 46.235719], [6.030134, 46.236453], [6.032238, 46.237595], [6.033653, 46.238551], [6.038892, 46.235172], [6.042128, 46.233309], [6.046111, 46.231394], [6.047547, 46.230782], [6.047898, 46.230573], [6.048032, 46.230511], [6.048249, 46.230462], [6.0489, 46.230243], [6.049798, 46.229886], [6.050182, 46.229759], [6.052725, 46.22925], [6.053524, 46.229211], [6.05559, 46.227775], [6.057716, 46.226087], [6.059476, 46.224732], [6.061232, 46.223618], [6.062871, 46.222331], [6.063683, 46.221793], [6.067134, 46.219337], [6.067899, 46.218658], [6.068962, 46.217807], [6.068244, 46.2173], [6.068709, 46.217012], [6.068812, 46.216932], [6.068809, 46.216846], [6.068973, 46.21676]]]}, "properties": {"npa": 1242, "nom": "Satigny", "lat": 46.214298, "lon": 6.03502}}, {"type": "Feature", "geometry": {"type": "Polygon", "coordinates": [[[6.087885, 46.224461], [6.100902, 46.220921], [6.100532, 46.219972], [6.100174, 46.219206], [6.099992, 46.218696], [6.100522, 46.218444], [6.101011, 46.218135], [6.101527, 46.217854], [6.10199, 46.217506], [6.102203, 46.217232], [6.102537, 46.216529], [6.102544, 46.216242], [6.102483, 46.215926], [6.102482, 46.215955], [6.102352, 46.215638], [6.102099, 46.215301], [6.101763, 46.214991], [6.101455, 46.214773], [6.101351, 46.214854], [6.100931, 46.214625], [6.100583, 46.21423], [6.100067, 46.213751], [6.099565, 46.213379], [6.09899, 46.213206], [6.098352, 46.212867], [6.097335, 46.212596], [6.097187, 46.21252], [6.097126, 46.212378], [6.097131, 46.212184], [6.09703, 46.211945], [6.096802, 46.211629], [6.096348, 46.211319], [6.095839, 46.211067], [6.095265, 46.210874], [6.094571, 46.21077], [6.094047, 46.210711], [6.093103, 46.210222], [6.092819, 46.210513], [6.092652, 46.210645], [6.092276, 46.210879], [6.091849, 46.211067], [6.091621, 46.211142], [6.091141, 46.211254], [6.090642, 46.211309], [6.09039, 46.211316], [6.08987, 46.211284], [6.089365, 46.211193], [6.089123, 46.211126], [6.088667, 46.210949], [6.087394, 46.210251], [6.086922, 46.209971], [6.08648, 46.209668], [6.086068, 46.209346], [6.085013, 46.20846], [6.084612, 46.208103], [6.08424, 46.207731], [6.083898, 46.207345], [6.081813, 46.204835], [6.081548, 46.204541], [6.081254, 46.20426], [6.080933, 46.203994], [6.079886, 46.203187], [6.079477, 46.202915], [6.079252, 46.202795], [6.078767, 46.202591], [6.078217, 46.202431], [6.077607, 46.202329], [6.076982, 46.202295], [6.074705, 46.202422], [6.074421, 46.202432], [6.073854, 46.202412], [6.073762, 46.202939], [6.073208, 46.203053], [6.07315, 46.203097], [6.073147, 46.203159], [6.073088, 46.203187], [6.073019, 46.203179], [6.072936, 46.203203], [6.072784, 46.203156], [6.072713, 46.203181], [6.072644, 46.203152], [6.072444, 46.203177], [6.072416, 46.203212], [6.072289, 46.203241], [6.072299, 46.203298], [6.072121, 46.203485], [6.072051, 46.203596], [6.072015, 46.203723], [6.071972, 46.203765], [6.071894, 46.203931], [6.071847, 46.203972], [6.071815, 46.204045], [6.071625, 46.204285], [6.071602, 46.204352], [6.0719, 46.204565], [6.071852, 46.204783], [6.072264, 46.204989], [6.072159, 46.205245], [6.072141, 46.205374], [6.072149, 46.205504], [6.07222, 46.205748], [6.072386, 46.206044], [6.072047, 46.206496], [6.071569, 46.206282], [6.070964, 46.206586], [6.070738, 46.2063], [6.069572, 46.206798], [6.069062, 46.206496], [6.068216, 46.206749], [6.067982, 46.206491], [6.069001, 46.206211], [6.068807, 46.205783], [6.06719, 46.206335], [6.066875, 46.206193], [6.066395, 46.205147], [6.066255, 46.204984], [6.06551, 46.204582], [6.064727, 46.20394], [6.064315, 46.203534], [6.063768, 46.202779], [6.063688, 46.202447], [6.063279, 46.202804], [6.063104, 46.203218], [6.061879, 46.202649], [6.060864, 46.202522], [6.058439, 46.202321], [6.059929, 46.203581], [6.060242, 46.203939], [6.060383, 46.204519], [6.060806, 46.204894], [6.060551, 46.204868], [6.05995, 46.204938], [6.058531, 46.204859], [6.058259, 46.205495], [6.057778, 46.206075], [6.061871, 46.208239], [6.064009, 46.209565], [6.063343, 46.21017], [6.064519, 46.210869], [6.063564, 46.211954], [6.063297, 46.212205], [6.062769, 46.212653], [6.062587, 46.212779], [6.061957, 46.213134], [6.061779, 46.213268], [6.061414, 46.213678], [6.060925, 46.213758], [6.060635, 46.213827], [6.060191, 46.213976], [6.059903, 46.214116], [6.059734, 46.214218], [6.05761, 46.215895], [6.056808, 46.21671], [6.057257, 46.216971], [6.057662, 46.216933], [6.062535, 46.216795], [6.066926, 46.216627], [6.068149, 46.216602], [6.068446, 46.216705], [6.068687, 46.216702], [6.068849, 46.216761], [6.068973, 46.21676], [6.068809, 46.216846], [6.068812, 46.216932], [6.068709, 46.217012], [6.068244, 46.2173], [6.068962, 46.217807], [6.067899, 46.218658], [6.067134, 46.219337], [6.066599, 46.219719], [6.066949, 46.219959], [6.068156, 46.220856], [6.068485, 46.221045], [6.06898, 46.221254], [6.069578, 46.221447], [6.069998, 46.22156], [6.07303, 46.221919], [6.077756, 46.22241], [6.078978, 46.222504], [6.080225, 46.222528], [6.081831, 46.222515], [6.082883, 46.222487], [6.08382, 46.222427], [6.086286, 46.222224], [6.087082, 46.222145], [6.087129, 46.222318], [6.087118, 46.222462], [6.087295, 46.222341], [6.087271, 46.222414], [6.087254, 46.222737], [6.087071, 46.223868], [6.087128, 46.223945], [6.087885, 46.224461]]]}, "properties": {"npa": 1214, "nom": "Vernier", "lat": 46.213905, "lon": 6.079541}}, {"type": "Feature", "geometry": {"type": "Polygon", "coordinates": [[[6.162444, 46.164009], [6.160137, 46.161899], [6.160066, 46.161893], [6.159639, 46.162136], [6.156818, 46.164011], [6.158356, 46.165417], [6.157417, 46.16578], [6.156438, 46.165983], [6.156194, 46.166122], [6.154807, 46.167098], [6.154717, 46.167088], [6.15418, 46.166332], [6.153961, 46.166432], [6.153637, 46.166618], [6.153547, 46.166649], [6.152947, 46.166942], [6.152734, 46.167076], [6.152434, 46.167196], [6.1522, 46.16732], [6.151916, 46.167442], [6.151899, 46.167468], [6.151645, 46.167608], [6.151552, 46.167644], [6.15147, 46.167707], [6.151378, 46.167721], [6.151262, 46.167766], [6.151124, 46.167858], [6.150808, 46.167994], [6.150658, 46.168088], [6.150576, 46.168101], [6.150406, 46.168171], [6.150251, 46.16827], [6.149875, 46.168432], [6.149646, 46.168553], [6.14954, 46.168633], [6.149435, 46.168656], [6.149181, 46.168775], [6.149084, 46.168805], [6.148795, 46.168857], [6.148413, 46.168834], [6.148182, 46.168792], [6.148064, 46.168787], [6.147869, 46.168814], [6.14782, 46.168804], [6.147721, 46.168746], [6.147529, 46.168698], [6.147476, 46.168666], [6.147432, 46.1686], [6.147368, 46.168572], [6.14721, 46.168536], [6.147069, 46.168526], [6.147012, 46.168542], [6.146984, 46.168607], [6.14694, 46.16863], [6.146794, 46.168622], [6.146648, 46.168673], [6.146551, 46.168686], [6.14656, 46.168672], [6.146522, 46.168626], [6.14649, 46.168618], [6.146453, 46.168635], [6.146422, 46.168699], [6.146369, 46.168722], [6.14619, 46.168717], [6.145901, 46.168747], [6.145775, 46.168705], [6.145692, 46.168708], [6.14561, 46.168738], [6.145429, 46.168735], [6.14505, 46.168698], [6.144916, 46.168734], [6.144848, 46.168727], [6.144752, 46.168768], [6.144551, 46.168766], [6.144273, 46.168676], [6.144143, 46.168582], [6.143984, 46.168551], [6.143735, 46.168597], [6.143578, 46.168568], [6.143428, 46.168571], [6.143325, 46.16853], [6.143115, 46.16858], [6.14288, 46.168591], [6.142802, 46.168542], [6.142569, 46.168503], [6.142336, 46.168417], [6.142109, 46.168395], [6.142043, 46.16833], [6.141944, 46.168297], [6.141803, 46.168281], [6.141741, 46.168296], [6.141624, 46.168386], [6.141592, 46.168546], [6.141542, 46.168641], [6.141458, 46.168674], [6.141372, 46.16865], [6.141353, 46.168608], [6.141341, 46.168494], [6.141277, 46.168364], [6.141232, 46.168324], [6.140739, 46.168256], [6.140368, 46.168258], [6.14048, 46.168406], [6.140536, 46.168578], [6.140557, 46.168823], [6.140555, 46.168965], [6.140384, 46.169532], [6.140287, 46.169749], [6.139794, 46.170721], [6.139549, 46.171265], [6.13938, 46.171598], [6.139278, 46.171789], [6.138933, 46.17231], [6.139048, 46.172389], [6.139109, 46.172357], [6.139182, 46.172352], [6.139256, 46.172369], [6.139313, 46.172403], [6.14072, 46.173425], [6.140725, 46.173445], [6.140706, 46.173461], [6.140769, 46.173519], [6.140962, 46.173441], [6.141018, 46.173431], [6.141051, 46.173445], [6.141394, 46.173752], [6.141625, 46.173983], [6.142665, 46.174791], [6.143568, 46.175717], [6.143585, 46.17573], [6.143648, 46.175696], [6.144037, 46.176006], [6.145405, 46.177019], [6.145851, 46.177315], [6.145971, 46.177362], [6.146083, 46.177329], [6.146344, 46.177187], [6.147325, 46.176587], [6.147729, 46.176397], [6.147803, 46.176458], [6.147889, 46.176426], [6.147987, 46.176436], [6.148034, 46.176418], [6.148084, 46.176358], [6.148244, 46.176304], [6.148872, 46.176762], [6.149156, 46.176577], [6.149943, 46.17716], [6.149602, 46.177302], [6.149753, 46.177403], [6.150031, 46.17751], [6.150434, 46.177611], [6.150631, 46.177644], [6.150834, 46.177607], [6.150973, 46.177556], [6.151151, 46.177573], [6.151327, 46.177532], [6.151842, 46.177815], [6.152187, 46.178104], [6.152344, 46.178372], [6.152357, 46.178554], [6.152448, 46.178598], [6.152431, 46.178652], [6.15257, 46.178901], [6.152628, 46.17905], [6.152671, 46.179284], [6.152793, 46.179366], [6.153826, 46.179841], [6.153959, 46.179558], [6.154121, 46.179283], [6.154311, 46.179016], [6.154528, 46.17876], [6.154771, 46.178515], [6.15513, 46.178272], [6.15533, 46.178166], [6.155763, 46.177989], [6.155994, 46.17792], [6.156475, 46.17782], [6.156722, 46.177791], [6.157224, 46.177774], [6.157737, 46.177824], [6.158382, 46.178025], [6.158771, 46.178205], [6.159097, 46.178439], [6.159333, 46.178673], [6.159474, 46.178853], [6.159633, 46.179173], [6.159694, 46.179885], [6.159715, 46.180551], [6.159816, 46.18101], [6.160026, 46.181503], [6.16133, 46.183512], [6.161972, 46.184356], [6.162261, 46.18491], [6.162374, 46.185321], [6.162389, 46.185794], [6.162276, 46.186166], [6.162269, 46.186484], [6.162346, 46.186926], [6.162414, 46.187144], [6.16255, 46.187317], [6.162972, 46.18768], [6.163265, 46.187842], [6.163564, 46.187975], [6.163899, 46.188064], [6.164225, 46.18812], [6.164743, 46.188172], [6.165045, 46.188179], [6.165648, 46.188122], [6.166326, 46.187941], [6.167097, 46.187637], [6.167471, 46.187468], [6.167864, 46.187266], [6.168697, 46.186639], [6.169497, 46.185767], [6.169888, 46.185185], [6.170115, 46.184757], [6.17036, 46.184216], [6.17064, 46.183907], [6.170918, 46.183429], [6.17119, 46.182813], [6.171368, 46.182229], [6.171514, 46.181017], [6.171555, 46.180443], [6.171485, 46.179831], [6.171484, 46.179266], [6.171371, 46.178904], [6.171111, 46.178603], [6.170133, 46.177777], [6.169335, 46.177444], [6.169067, 46.177074], [6.169029, 46.176772], [6.169186, 46.176356], [6.169515, 46.176084], [6.16992, 46.175864], [6.170705, 46.175686], [6.171234, 46.175675], [6.171759, 46.175715], [6.171668, 46.174642], [6.170728, 46.17192], [6.171219, 46.171706], [6.170711, 46.170392], [6.171939, 46.16973], [6.171675, 46.16873], [6.170419, 46.169], [6.169498, 46.168222], [6.165835, 46.165978], [6.164247, 46.165037], [6.162444, 46.164009]]]}, "properties": {"npa": 1234, "nom": "Vessy", "lat": 46.17418, "lon": 6.158976}}, {"type": "Feature", "geometry": {"type": "Polygon", "coordinates": [[[6.141437, 46.189082], [6.141886, 46.188095], [6.141946, 46.188], [6.142759, 46.187345], [6.143569, 46.187037], [6.143913, 46.186935], [6.144836, 46.186801], [6.145401, 46.186764], [6.145965, 46.186753], [6.148192, 46.186865], [6.148864, 46.186804], [6.151091, 46.186654], [6.151774, 46.186652], [6.152248, 46.186618], [6.152583, 46.186559], [6.153085, 46.186441], [6.153438, 46.186288], [6.153749, 46.186109], [6.154181, 46.185664], [6.154407, 46.185236], [6.154527, 46.184706], [6.154171, 46.182502], [6.153826, 46.179841], [6.152793, 46.179366], [6.152671, 46.179284], [6.152628, 46.17905], [6.15257, 46.178901], [6.152431, 46.178652], [6.152448, 46.178598], [6.152357, 46.178554], [6.152344, 46.178372], [6.152187, 46.178104], [6.151842, 46.177815], [6.151327, 46.177532], [6.151151, 46.177573], [6.150973, 46.177556], [6.150834, 46.177607], [6.150631, 46.177644], [6.150434, 46.177611], [6.150031, 46.17751], [6.149753, 46.177403], [6.149602, 46.177302], [6.149943, 46.17716], [6.149156, 46.176577], [6.148872, 46.176762], [6.148244, 46.176304], [6.148084, 46.176358], [6.148034, 46.176418], [6.147987, 46.176436], [6.147889, 46.176426], [6.147803, 46.176458], [6.147729, 46.176397], [6.147612, 46.176446], [6.147325, 46.176587], [6.146178, 46.17728], [6.146012, 46.177359], [6.145928, 46.177351], [6.145851, 46.177315], [6.145405, 46.177019], [6.144037, 46.176006], [6.143648, 46.175696], [6.143585, 46.17573], [6.143568, 46.175717], [6.142665, 46.174791], [6.141625, 46.173983], [6.141394, 46.173752], [6.141051, 46.173445], [6.141018, 46.173431], [6.140962, 46.173441], [6.140769, 46.173519], [6.140706, 46.173461], [6.140725, 46.173445], [6.14072, 46.173425], [6.139313, 46.172403], [6.139256, 46.172369], [6.139182, 46.172352], [6.139109, 46.172357], [6.139048, 46.172389], [6.138933, 46.17231], [6.139278, 46.171789], [6.13938, 46.171598], [6.139954, 46.170394], [6.140287, 46.169749], [6.140384, 46.169532], [6.140555, 46.168965], [6.140536, 46.168578], [6.14048, 46.168406], [6.140368, 46.168258], [6.140173, 46.168313], [6.140032, 46.168334], [6.139974, 46.168317], [6.139935, 46.168248], [6.139839, 46.168158], [6.139785, 46.16813], [6.139728, 46.168122], [6.139686, 46.168131], [6.139703, 46.16822], [6.139667, 46.168302], [6.13961, 46.168352], [6.139445, 46.168439], [6.139419, 46.168526], [6.139355, 46.168574], [6.139263, 46.168595], [6.139005, 46.168601], [6.138934, 46.168652], [6.138915, 46.168683], [6.138913, 46.168786], [6.138944, 46.168883], [6.138946, 46.168971], [6.138906, 46.169025], [6.138718, 46.169069], [6.138533, 46.169067], [6.138434, 46.16909], [6.13833, 46.169166], [6.138158, 46.169243], [6.138146, 46.169313], [6.138212, 46.16942], [6.138327, 46.169484], [6.138433, 46.169606], [6.138606, 46.1697], [6.138725, 46.169697], [6.138862, 46.169744], [6.13885, 46.169808], [6.138647, 46.16989], [6.138396, 46.17008], [6.138118, 46.17022], [6.138039, 46.170293], [6.13803, 46.170325], [6.138099, 46.170548], [6.138045, 46.17068], [6.138037, 46.170808], [6.137988, 46.171023], [6.137992, 46.171185], [6.137948, 46.171291], [6.13783, 46.171457], [6.137734, 46.171552], [6.137603, 46.171784], [6.137414, 46.172028], [6.137303, 46.172142], [6.137179, 46.172219], [6.137096, 46.172253], [6.137022, 46.172258], [6.136926, 46.17229], [6.136914, 46.172342], [6.136812, 46.172464], [6.136796, 46.17251], [6.136827, 46.172554], [6.136944, 46.172632], [6.13698, 46.172689], [6.136971, 46.17288], [6.137064, 46.17307], [6.137065, 46.173129], [6.137027, 46.173183], [6.136764, 46.173306], [6.13661, 46.173338], [6.136205, 46.173549], [6.135853, 46.17371], [6.13578, 46.173729], [6.135362, 46.17377], [6.135074, 46.173759], [6.135031, 46.173795], [6.135067, 46.173904], [6.135052, 46.173956], [6.135018, 46.17401], [6.13493, 46.17409], [6.134875, 46.174174], [6.134861, 46.174305], [6.134747, 46.174468], [6.13475, 46.174509], [6.134722, 46.174591], [6.134716, 46.174728], [6.134677, 46.174833], [6.134502, 46.175067], [6.133695, 46.175826], [6.133551, 46.176003], [6.133285, 46.176272], [6.133093, 46.176423], [6.132899, 46.176288], [6.132434, 46.176015], [6.130874, 46.174988], [6.130113, 46.174505], [6.129889, 46.174675], [6.129632, 46.174825], [6.129465, 46.175289], [6.129626, 46.175307], [6.129994, 46.175393], [6.130003, 46.175384], [6.130416, 46.175571], [6.130702, 46.175756], [6.13094, 46.175967], [6.131129, 46.176201], [6.131265, 46.176456], [6.131342, 46.17672], [6.131361, 46.1769], [6.131351, 46.17721], [6.131249, 46.177145], [6.131278, 46.177351], [6.131273, 46.17749], [6.131182, 46.177487], [6.131223, 46.177631], [6.131249, 46.177817], [6.131228, 46.178489], [6.131124, 46.178508], [6.13118, 46.178661], [6.131222, 46.178918], [6.1312, 46.180016], [6.131255, 46.180465], [6.131189, 46.181776], [6.131118, 46.181776], [6.131131, 46.182023], [6.130906, 46.182017], [6.130809, 46.18199], [6.129201, 46.180961], [6.129125, 46.180952], [6.12908, 46.180969], [6.129052, 46.180999], [6.129035, 46.181057], [6.12844, 46.181043], [6.128257, 46.184461], [6.128162, 46.185523], [6.128016, 46.186347], [6.127845, 46.186327], [6.127692, 46.187152], [6.127678, 46.187151], [6.127635, 46.187381], [6.127642, 46.1876], [6.126325, 46.187503], [6.124968, 46.187489], [6.124934, 46.189286], [6.125036, 46.189658], [6.125597, 46.19065], [6.126899, 46.192153], [6.127123, 46.192477], [6.127237, 46.192744], [6.12729, 46.193024], [6.127271, 46.193844], [6.126604, 46.194075], [6.126069, 46.19412], [6.125907, 46.19454], [6.12611, 46.194597], [6.12635, 46.194741], [6.126514, 46.194588], [6.126858, 46.19466], [6.126918, 46.194968], [6.126635, 46.194991], [6.12672, 46.195117], [6.126844, 46.195407], [6.127577, 46.197795], [6.127945, 46.198833], [6.128523, 46.199413], [6.130122, 46.19857], [6.133323, 46.196427], [6.134095, 46.196122], [6.135565, 46.195481], [6.138167, 46.194104], [6.138914, 46.193671], [6.139262, 46.193355], [6.139644, 46.192804], [6.140479, 46.190985], [6.141437, 46.189082]]]}, "properties": {"npa": 1227, "nom": "Les Acacias", "lat": 46.184404, "lon": 6.138295}}, {"type": "Feature", "geometry": {"type": "Polygon", "coordinates": [[[6.175053, 46.206765], [6.175845, 46.205787], [6.175654, 46.205817], [6.174683, 46.205187], [6.173983, 46.204466], [6.174957, 46.204015], [6.174795, 46.203874], [6.17476, 46.203875], [6.174481, 46.203676], [6.174507, 46.203662], [6.174226, 46.203407], [6.174144, 46.20345], [6.17339, 46.202956], [6.173853, 46.202608], [6.173734, 46.202478], [6.175823, 46.201332], [6.174977, 46.200529], [6.174318, 46.199836], [6.174218, 46.199571], [6.174686, 46.199482], [6.174729, 46.199442], [6.174647, 46.199178], [6.174666, 46.199175], [6.174452, 46.198508], [6.174354, 46.198307], [6.173454, 46.197], [6.173144, 46.196585], [6.172465, 46.195801], [6.171238, 46.194506], [6.171336, 46.194459], [6.171348, 46.194397], [6.171403, 46.194347], [6.172087, 46.194097], [6.172375, 46.193962], [6.172633, 46.193893], [6.172591, 46.193808], [6.172511, 46.193724], [6.170642, 46.192286], [6.169308, 46.191233], [6.169026, 46.191068], [6.168382, 46.190577], [6.167899, 46.190261], [6.167051, 46.19087], [6.167278, 46.191016], [6.16767, 46.191312], [6.167912, 46.191546], [6.167246, 46.191732], [6.168517, 46.192767], [6.167902, 46.193122], [6.1671, 46.192465], [6.166371, 46.192908], [6.165813, 46.192495], [6.166221, 46.192262], [6.165712, 46.191862], [6.165004, 46.191895], [6.164505, 46.192144], [6.164864, 46.192437], [6.164573, 46.192601], [6.164884, 46.192863], [6.164666, 46.192988], [6.165001, 46.193409], [6.165081, 46.193684], [6.164468, 46.193895], [6.164257, 46.193584], [6.163292, 46.194021], [6.162531, 46.19434], [6.162378, 46.194303], [6.161959, 46.193883], [6.161074, 46.194273], [6.160634, 46.194103], [6.160451, 46.194335], [6.160997, 46.194898], [6.159592, 46.195528], [6.158417, 46.196017], [6.158633, 46.196248], [6.157427, 46.196683], [6.158248, 46.197684], [6.157631, 46.197936], [6.158002, 46.198392], [6.157837, 46.198429], [6.157775, 46.198322], [6.15757, 46.198261], [6.157462, 46.198145], [6.157429, 46.198159], [6.157284, 46.197992], [6.157352, 46.197578], [6.15778, 46.1974], [6.157253, 46.196755], [6.156784, 46.196935], [6.157243, 46.197486], [6.15694, 46.197608], [6.156338, 46.198367], [6.15646, 46.198734], [6.15666, 46.19877], [6.157161, 46.199315], [6.157528, 46.199676], [6.160084, 46.199991], [6.160347, 46.199996], [6.160632, 46.199946], [6.160694, 46.199732], [6.162023, 46.199944], [6.162216, 46.199772], [6.163861, 46.199794], [6.163858, 46.199745], [6.166481, 46.199811], [6.166752, 46.199961], [6.167173, 46.199967], [6.167536, 46.200064], [6.167521, 46.200446], [6.167818, 46.200451], [6.16781, 46.200668], [6.167513, 46.200663], [6.167505, 46.200849], [6.167587, 46.200881], [6.167751, 46.200886], [6.167749, 46.20098], [6.168029, 46.201138], [6.16759, 46.201484], [6.16932, 46.202524], [6.169547, 46.202709], [6.168244, 46.203598], [6.168181, 46.203653], [6.168714, 46.203885], [6.168584, 46.203983], [6.168852, 46.204169], [6.16899, 46.204071], [6.16964, 46.204566], [6.170855, 46.20538], [6.171415, 46.205723], [6.17173, 46.205882], [6.174208, 46.206736], [6.174876, 46.207026], [6.174831, 46.206833], [6.174982, 46.2068], [6.175053, 46.206765]]]}, "properties": {"npa": 1208, "nom": "Genève", "lat": 46.198199, "lon": 6.167634}}, {"type": "Feature", "geometry": {"type": "Polygon", "coordinates": [[[6.15485, 46.199195], [6.15646, 46.198734], [6.156338, 46.198367], [6.15694, 46.197608], [6.157243, 46.197486], [6.156784, 46.196935], [6.157253, 46.196755], [6.15778, 46.1974], [6.157352, 46.197578], [6.157284, 46.197992], [6.157429, 46.198159], [6.157462, 46.198145], [6.15757, 46.198261], [6.157775, 46.198322], [6.157837, 46.198429], [6.158002, 46.198392], [6.157631, 46.197936], [6.158248, 46.197684], [6.157427, 46.196683], [6.158633, 46.196248], [6.158417, 46.196017], [6.159592, 46.195528], [6.160997, 46.194898], [6.160451, 46.194335], [6.160634, 46.194103], [6.161074, 46.194273], [6.161959, 46.193883], [6.162378, 46.194303], [6.162531, 46.19434], [6.163292, 46.194021], [6.164257, 46.193584], [6.164468, 46.193895], [6.165081, 46.193684], [6.165001, 46.193409], [6.164666, 46.192988], [6.164884, 46.192863], [6.164573, 46.192601], [6.164864, 46.192437], [6.164505, 46.192144], [6.165004, 46.191895], [6.165712, 46.191862], [6.166221, 46.192262], [6.165813, 46.192495], [6.166371, 46.192908], [6.1671, 46.192465], [6.167902, 46.193122], [6.168517, 46.192767], [6.167246, 46.191732], [6.167912, 46.191546], [6.16767, 46.191312], [6.167278, 46.191016], [6.167051, 46.19087], [6.167899, 46.190261], [6.167454, 46.189966], [6.167367, 46.189865], [6.167349, 46.189811], [6.167393, 46.189609], [6.16762, 46.189058], [6.16754, 46.18897], [6.16757, 46.188878], [6.167864, 46.187266], [6.167471, 46.187468], [6.167097, 46.187637], [6.166326, 46.187941], [6.165648, 46.188122], [6.165045, 46.188179], [6.164743, 46.188172], [6.164225, 46.18812], [6.163899, 46.188064], [6.163564, 46.187975], [6.163265, 46.187842], [6.162972, 46.18768], [6.16255, 46.187317], [6.162414, 46.187144], [6.162346, 46.186926], [6.162269, 46.186484], [6.162276, 46.186166], [6.162389, 46.185794], [6.162374, 46.185321], [6.162261, 46.18491], [6.161972, 46.184356], [6.16133, 46.183512], [6.160026, 46.181503], [6.159816, 46.18101], [6.159715, 46.180551], [6.159694, 46.179885], [6.159633, 46.179173], [6.159474, 46.178853], [6.159333, 46.178673], [6.159097, 46.178439], [6.158771, 46.178205], [6.158382, 46.178025], [6.157737, 46.177824], [6.157224, 46.177774], [6.156722, 46.177791], [6.156475, 46.17782], [6.155994, 46.17792], [6.155763, 46.177989], [6.15533, 46.178166], [6.154944, 46.178388], [6.154771, 46.178515], [6.154528, 46.17876], [6.154311, 46.179016], [6.154121, 46.179283], [6.153959, 46.179558], [6.153826, 46.179841], [6.154171, 46.182502], [6.154527, 46.184706], [6.154407, 46.185236], [6.154181, 46.185664], [6.153749, 46.186109], [6.153438, 46.186288], [6.153085, 46.186441], [6.152583, 46.186559], [6.152248, 46.186618], [6.151774, 46.186652], [6.151091, 46.186654], [6.149688, 46.186753], [6.149771, 46.187452], [6.149651, 46.187561], [6.148964, 46.187609], [6.149012, 46.187874], [6.149461, 46.189179], [6.149407, 46.189199], [6.14976, 46.189765], [6.149483, 46.189839], [6.149578, 46.189977], [6.149717, 46.190022], [6.15004, 46.18994], [6.150042, 46.19022], [6.149527, 46.190228], [6.149526, 46.190631], [6.149676, 46.191055], [6.149725, 46.191744], [6.149952, 46.191744], [6.150058, 46.192471], [6.150231, 46.192613], [6.150348, 46.192731], [6.150542, 46.193065], [6.150611, 46.193266], [6.150627, 46.193477], [6.150594, 46.193663], [6.150516, 46.193825], [6.150401, 46.193972], [6.151747, 46.194655], [6.151463, 46.194864], [6.151155, 46.195197], [6.150807, 46.195627], [6.15141, 46.19586], [6.151218, 46.196082], [6.150951, 46.195976], [6.150777, 46.196033], [6.150585, 46.196139], [6.150192, 46.196429], [6.150325, 46.196516], [6.150518, 46.196553], [6.151019, 46.196918], [6.150281, 46.197418], [6.150658, 46.197679], [6.150411, 46.197853], [6.151908, 46.198926], [6.151579, 46.199129], [6.151315, 46.199317], [6.15165, 46.199539], [6.152085, 46.19926], [6.152207, 46.199136], [6.152437, 46.199002], [6.153789, 46.199909], [6.15485, 46.199195]]]}, "properties": {"npa": 1206, "nom": "Genève", "lat": 46.189423, "lon": 6.157356}}, {"type": "Feature", "geometry": {"type": "Polygon", "coordinates": [[[6.12872, 46.228056], [6.128255, 46.228364], [6.128217, 46.228448], [6.128247, 46.228523], [6.129168, 46.229203], [6.129864, 46.229653], [6.129888, 46.229719], [6.130104, 46.229873], [6.130156, 46.230081], [6.130287, 46.230139], [6.131004, 46.230645], [6.131211, 46.230302], [6.131733, 46.230257], [6.132606, 46.230318], [6.132768, 46.230537], [6.133546, 46.231009], [6.133119, 46.231583], [6.13308, 46.231614], [6.133028, 46.231607], [6.132808, 46.231513], [6.13271, 46.231592], [6.132651, 46.231662], [6.132062, 46.232115], [6.132336, 46.232319], [6.131997, 46.232603], [6.132238, 46.232774], [6.131869, 46.233055], [6.132281, 46.233307], [6.132955, 46.23278], [6.134405, 46.233908], [6.134913, 46.233953], [6.135986, 46.234248], [6.136307, 46.234193], [6.137361, 46.233404], [6.13613, 46.232762], [6.136964, 46.231991], [6.137027, 46.231984], [6.138166, 46.231296], [6.135953, 46.230657], [6.135923, 46.230627], [6.136339, 46.230357], [6.13653, 46.230165], [6.136604, 46.230069], [6.136659, 46.229936], [6.136731, 46.229682], [6.136838, 46.229468], [6.136854, 46.229472], [6.136952, 46.229229], [6.137183, 46.228917], [6.137304, 46.228688], [6.13744, 46.228493], [6.137511, 46.228424], [6.137943, 46.228181], [6.138256, 46.228121], [6.138376, 46.228126], [6.139237, 46.228034], [6.13947, 46.228662], [6.138837, 46.228839], [6.138862, 46.229017], [6.138858, 46.229317], [6.138821, 46.22961], [6.138766, 46.229818], [6.138533, 46.230292], [6.139347, 46.230158], [6.140227, 46.229963], [6.142864, 46.2293], [6.142961, 46.229575], [6.143428, 46.230636], [6.143464, 46.230515], [6.143634, 46.230166], [6.143698, 46.230099], [6.144075, 46.229894], [6.145631, 46.228925], [6.145883, 46.228727], [6.145842, 46.228259], [6.145756, 46.227823], [6.145576, 46.227293], [6.146152, 46.226945], [6.146293, 46.227101], [6.146697, 46.226731], [6.146995, 46.226353], [6.148206, 46.226053], [6.148941, 46.227792], [6.149472, 46.227664], [6.166701, 46.224467], [6.165925, 46.222455], [6.162738, 46.216614], [6.1619, 46.215224], [6.155766, 46.217359], [6.151244, 46.216282], [6.151086, 46.215332], [6.150602, 46.215274], [6.150552, 46.215213], [6.150484, 46.215169], [6.150809, 46.214486], [6.1509, 46.214227], [6.15081, 46.214036], [6.149756, 46.214172], [6.149379, 46.214311], [6.14915, 46.214004], [6.1494, 46.213891], [6.148977, 46.213334], [6.149199, 46.213246], [6.14911, 46.213092], [6.148457, 46.213299], [6.14861, 46.213478], [6.148302, 46.213595], [6.148046, 46.213725], [6.147909, 46.213552], [6.146977, 46.213946], [6.146289, 46.214207], [6.146402, 46.214354], [6.146021, 46.214516], [6.145856, 46.214388], [6.145229, 46.214795], [6.145364, 46.214889], [6.145213, 46.21499], [6.145212, 46.215045], [6.144523, 46.215536], [6.140424, 46.215467], [6.140431, 46.214992], [6.140001, 46.214473], [6.140496, 46.21431], [6.140345, 46.21346], [6.139858, 46.212737], [6.139154, 46.211823], [6.138298, 46.212118], [6.1379, 46.212056], [6.137611, 46.212103], [6.137077, 46.212714], [6.136788, 46.212579], [6.136173, 46.21166], [6.136503, 46.211518], [6.136419, 46.211418], [6.136793, 46.21125], [6.136433, 46.210877], [6.136014, 46.210872], [6.135918, 46.210767], [6.136631, 46.210466], [6.136455, 46.210278], [6.135873, 46.210503], [6.135521, 46.210381], [6.135201, 46.210337], [6.135143, 46.210281], [6.135855, 46.209982], [6.135851, 46.209774], [6.135933, 46.20897], [6.135134, 46.20892], [6.135137, 46.20837], [6.134899, 46.208432], [6.134884, 46.208719], [6.133399, 46.209087], [6.13329, 46.208891], [6.133175, 46.208924], [6.13303, 46.209026], [6.132354, 46.209084], [6.132296, 46.20901], [6.13201, 46.209077], [6.131403, 46.209387], [6.131373, 46.209693], [6.130356, 46.210561], [6.129696, 46.210564], [6.12969, 46.210818], [6.129369, 46.21082], [6.129375, 46.211045], [6.129688, 46.211046], [6.129688, 46.211504], [6.12927, 46.211496], [6.129271, 46.212405], [6.129008, 46.212523], [6.129182, 46.212701], [6.129267, 46.212711], [6.129763, 46.213246], [6.129716, 46.213667], [6.129537, 46.213744], [6.128841, 46.213665], [6.128102, 46.213968], [6.127625, 46.214193], [6.126371, 46.214217], [6.126112, 46.214342], [6.125747, 46.214032], [6.123964, 46.214867], [6.124292, 46.215172], [6.121795, 46.215659], [6.121815, 46.215732], [6.119726, 46.216991], [6.120624, 46.217769], [6.122338, 46.216739], [6.123393, 46.21744], [6.124565, 46.217508], [6.125149, 46.21783], [6.125727, 46.218289], [6.126099, 46.218014], [6.127509, 46.219169], [6.128248, 46.219659], [6.128824, 46.220001], [6.129044, 46.219815], [6.129532, 46.219521], [6.129983, 46.219778], [6.129575, 46.22013], [6.130436, 46.220747], [6.130256, 46.220853], [6.130676, 46.221195], [6.130523, 46.221425], [6.130621, 46.221461], [6.130656, 46.22158], [6.130758, 46.221648], [6.130902, 46.221833], [6.130962, 46.221811], [6.131297, 46.221597], [6.131759, 46.221235], [6.132017, 46.221063], [6.13211, 46.221023], [6.13235, 46.221201], [6.132201, 46.221296], [6.132466, 46.221493], [6.132528, 46.221453], [6.133093, 46.221871], [6.132963, 46.221989], [6.133836, 46.222724], [6.132913, 46.223371], [6.133216, 46.223656], [6.133168, 46.223687], [6.133926, 46.224313], [6.132755, 46.22515], [6.132183, 46.224803], [6.13222, 46.224689], [6.132154, 46.224583], [6.131471, 46.22413], [6.131008, 46.224101], [6.129367, 46.225315], [6.128872, 46.225032], [6.127637, 46.22607], [6.127785, 46.226156], [6.127951, 46.226179], [6.128114, 46.22612], [6.128475, 46.225855], [6.130178, 46.227029], [6.12872, 46.228056]]]}, "properties": {"npa": 1202, "nom": "Genève", "lat": 46.220955, "lon": 6.143171}}, {"type": "Feature", "geometry": {"type": "Polygon", "coordinates": [[[6.133271, 46.203397], [6.133945, 46.203678], [6.134082, 46.203081], [6.135172, 46.203154], [6.135299, 46.202371], [6.134906, 46.202329], [6.135025, 46.201341], [6.136802, 46.20137], [6.136781, 46.201558], [6.138157, 46.201623], [6.138163, 46.201574], [6.138504, 46.201573], [6.138605, 46.201494], [6.138821, 46.201576], [6.139265, 46.201593], [6.13944, 46.20144], [6.139369, 46.201255], [6.139314, 46.201274], [6.139224, 46.201133], [6.139657, 46.201004], [6.14, 46.201068], [6.140199, 46.201047], [6.140453, 46.20097], [6.141027, 46.200165], [6.140736, 46.2001], [6.141099, 46.199526], [6.141571, 46.198846], [6.141616, 46.198706], [6.141627, 46.198541], [6.1416, 46.198026], [6.142036, 46.198023], [6.142149, 46.198118], [6.142444, 46.198131], [6.142601, 46.198312], [6.142687, 46.198496], [6.142706, 46.198718], [6.142653, 46.198721], [6.142662, 46.19935], [6.142632, 46.199407], [6.143017, 46.199477], [6.143055, 46.200523], [6.143108, 46.200712], [6.143358, 46.2009], [6.143631, 46.200724], [6.144069, 46.201058], [6.144192, 46.201085], [6.144312, 46.201078], [6.145017, 46.200737], [6.144456, 46.200203], [6.147175, 46.198514], [6.14774, 46.198922], [6.147817, 46.198812], [6.148218, 46.198556], [6.148389, 46.198487], [6.148665, 46.198453], [6.14965, 46.198539], [6.149849, 46.198683], [6.150575, 46.198192], [6.15083, 46.198369], [6.150362, 46.198681], [6.15005, 46.198675], [6.149937, 46.198748], [6.150564, 46.199209], [6.150379, 46.199321], [6.151038, 46.199794], [6.151241, 46.199669], [6.151337, 46.199745], [6.15165, 46.199539], [6.151315, 46.199317], [6.151579, 46.199129], [6.151908, 46.198926], [6.150411, 46.197853], [6.150658, 46.197679], [6.150281, 46.197418], [6.151019, 46.196918], [6.150518, 46.196553], [6.150325, 46.196516], [6.150192, 46.196429], [6.150585, 46.196139], [6.150777, 46.196033], [6.150951, 46.195976], [6.151218, 46.196082], [6.15141, 46.19586], [6.150807, 46.195627], [6.151155, 46.195197], [6.151463, 46.194864], [6.151747, 46.194655], [6.150401, 46.193972], [6.150516, 46.193825], [6.150594, 46.193663], [6.150627, 46.193477], [6.150611, 46.193266], [6.150542, 46.193065], [6.150348, 46.192731], [6.150231, 46.192613], [6.150058, 46.192471], [6.149952, 46.191744], [6.149725, 46.191744], [6.149676, 46.191055], [6.149526, 46.190631], [6.149527, 46.190228], [6.150042, 46.19022], [6.15004, 46.18994], [6.149717, 46.190022], [6.149578, 46.189977], [6.149483, 46.189839], [6.14976, 46.189765], [6.149407, 46.189199], [6.149461, 46.189179], [6.149012, 46.187874], [6.148964, 46.187609], [6.149651, 46.187561], [6.149771, 46.187452], [6.149688, 46.186753], [6.148864, 46.186804], [6.148192, 46.186865], [6.145965, 46.186753], [6.145401, 46.186764], [6.144836, 46.186801], [6.143913, 46.186935], [6.143569, 46.187037], [6.142759, 46.187345], [6.141946, 46.188], [6.141886, 46.188095], [6.141437, 46.189082], [6.140479, 46.190985], [6.139644, 46.192804], [6.139262, 46.193355], [6.138914, 46.193671], [6.138167, 46.194104], [6.135565, 46.195481], [6.134095, 46.196122], [6.133323, 46.196427], [6.130122, 46.19857], [6.128523, 46.199413], [6.127459, 46.199931], [6.126752, 46.20018], [6.126001, 46.200355], [6.125307, 46.200507], [6.123151, 46.200886], [6.122352, 46.20093], [6.121555, 46.200921], [6.120178, 46.200995], [6.120467, 46.201081], [6.121673, 46.201537], [6.122044, 46.201663], [6.125432, 46.202674], [6.125878, 46.202794], [6.126335, 46.202891], [6.128132, 46.203136], [6.12882, 46.203188], [6.13164, 46.20311], [6.132127, 46.203123], [6.132604, 46.203193], [6.132834, 46.203248], [6.133271, 46.203397]]]}, "properties": {"npa": 1205, "nom": "Genève", "lat": 46.196078, "lon": 6.140332}}, {"type": "Feature", "geometry": {"type": "Polygon", "coordinates": [[[6.089902, 46.186659], [6.090062, 46.186988], [6.090227, 46.187271], [6.09033, 46.187368], [6.090501, 46.187476], [6.090508, 46.187541], [6.090112, 46.188443], [6.090135, 46.188546], [6.090241, 46.18864], [6.088714, 46.189977], [6.088648, 46.190177], [6.088172, 46.190591], [6.08731, 46.191585], [6.086522, 46.192397], [6.086973, 46.192444], [6.087015, 46.192531], [6.087115, 46.192567], [6.087238, 46.192552], [6.087282, 46.192619], [6.087276, 46.192655], [6.087292, 46.192687], [6.087439, 46.192759], [6.087559, 46.192742], [6.08915, 46.193381], [6.09011, 46.192985], [6.090712, 46.192758], [6.09134, 46.192566], [6.091988, 46.192411], [6.092651, 46.192292], [6.093327, 46.192212], [6.09401, 46.19217], [6.094652, 46.192165], [6.095293, 46.192195], [6.09593, 46.192259], [6.097348, 46.192463], [6.097722, 46.192549], [6.098083, 46.192658], [6.09843, 46.192787], [6.098977, 46.193059], [6.099227, 46.193215], [6.09946, 46.193383], [6.100525, 46.194345], [6.10106, 46.194906], [6.102357, 46.196364], [6.103143, 46.197176], [6.103835, 46.197829], [6.10601, 46.199805], [6.106321, 46.200183], [6.10674, 46.200778], [6.10701, 46.201054], [6.107847, 46.201716], [6.108303, 46.202036], [6.109023, 46.202448], [6.109315, 46.202579], [6.109636, 46.202674], [6.109951, 46.202744], [6.11136, 46.202883], [6.111763, 46.2029], [6.111965, 46.202891], [6.112362, 46.202843], [6.113142, 46.202663], [6.113741, 46.202485], [6.114298, 46.20225], [6.115518, 46.201647], [6.115859, 46.201494], [6.116792, 46.201174], [6.11716, 46.201066], [6.11754, 46.200979], [6.117928, 46.200914], [6.118323, 46.200871], [6.118722, 46.200851], [6.119461, 46.200873], [6.119943, 46.200942], [6.120178, 46.200995], [6.121555, 46.200921], [6.122352, 46.20093], [6.123151, 46.200886], [6.125307, 46.200507], [6.126752, 46.20018], [6.127459, 46.199931], [6.128523, 46.199413], [6.127945, 46.198833], [6.127577, 46.197795], [6.126844, 46.195407], [6.12672, 46.195117], [6.126635, 46.194991], [6.126918, 46.194968], [6.126858, 46.19466], [6.126514, 46.194588], [6.12635, 46.194741], [6.12611, 46.194597], [6.125907, 46.19454], [6.126069, 46.19412], [6.126604, 46.194075], [6.127271, 46.193844], [6.12729, 46.193024], [6.127237, 46.192744], [6.127123, 46.192477], [6.126899, 46.192153], [6.125597, 46.19065], [6.125036, 46.189658], [6.124934, 46.189286], [6.124969, 46.187428], [6.1236, 46.187532], [6.122947, 46.18749], [6.122706, 46.187533], [6.122198, 46.187665], [6.121923, 46.187719], [6.121617, 46.187733], [6.121378, 46.187678], [6.121108, 46.187578], [6.120913, 46.187437], [6.120572, 46.18714], [6.120476, 46.186978], [6.12043, 46.186834], [6.120467, 46.186668], [6.120563, 46.186473], [6.120699, 46.186308], [6.120902, 46.186127], [6.121192, 46.185768], [6.121212, 46.185625], [6.121166, 46.185498], [6.120987, 46.185352], [6.120767, 46.185234], [6.119722, 46.184992], [6.119344, 46.184878], [6.117639, 46.184209], [6.116779, 46.18408], [6.116622, 46.184197], [6.11627, 46.184374], [6.115752, 46.184491], [6.115242, 46.1845], [6.114598, 46.184047], [6.114061, 46.184124], [6.113541, 46.184024], [6.11344, 46.18395], [6.113127, 46.183836], [6.112304, 46.183692], [6.111828, 46.183793], [6.111532, 46.183934], [6.111138, 46.184008], [6.110842, 46.183839], [6.110469, 46.183583], [6.110732, 46.183387], [6.110215, 46.183097], [6.11009, 46.182896], [6.109867, 46.182481], [6.109815, 46.182348], [6.109787, 46.182002], [6.109724, 46.181913], [6.109835, 46.181256], [6.109893, 46.181002], [6.110201, 46.180344], [6.110396, 46.179987], [6.109831, 46.17991], [6.109734, 46.179817], [6.110009, 46.179418], [6.110166, 46.179224], [6.110415, 46.179317], [6.110805, 46.178888], [6.110884, 46.178921], [6.111184, 46.178597], [6.111537, 46.17825], [6.111803, 46.178376], [6.112305, 46.177846], [6.112316, 46.177814], [6.112197, 46.177806], [6.11199, 46.177826], [6.111878, 46.177789], [6.11178, 46.177706], [6.111749, 46.177487], [6.111617, 46.177377], [6.111481, 46.177321], [6.111287, 46.177342], [6.111148, 46.17741], [6.110977, 46.177429], [6.110882, 46.177338], [6.110914, 46.176998], [6.110954, 46.176917], [6.110828, 46.176741], [6.110766, 46.176703], [6.110609, 46.176749], [6.110479, 46.176835], [6.110449, 46.176818], [6.110336, 46.176899], [6.110094, 46.176982], [6.109927, 46.177032], [6.109538, 46.177073], [6.108794, 46.177352], [6.108594, 46.177413], [6.108437, 46.177422], [6.108297, 46.177403], [6.108086, 46.177205], [6.107973, 46.177124], [6.107841, 46.177076], [6.10751, 46.177101], [6.107318, 46.177173], [6.106757, 46.177459], [6.106421, 46.177662], [6.106343, 46.177782], [6.106234, 46.177844], [6.106043, 46.177894], [6.105869, 46.177903], [6.105738, 46.177867], [6.10569, 46.177797], [6.105778, 46.177563], [6.105707, 46.177419], [6.105554, 46.177227], [6.105157, 46.176889], [6.105078, 46.176727], [6.105032, 46.176571], [6.104953, 46.176421], [6.104725, 46.176251], [6.104626, 46.175923], [6.104454, 46.175817], [6.104201, 46.175705], [6.104012, 46.175657], [6.103747, 46.175654], [6.10344, 46.175674], [6.102953, 46.175651], [6.102754, 46.175671], [6.102628, 46.175756], [6.102517, 46.175893], [6.102473, 46.175996], [6.102477, 46.176145], [6.102424, 46.176294], [6.1024, 46.176609], [6.102165, 46.176733], [6.102155, 46.176802], [6.101957, 46.176788], [6.101718, 46.176734], [6.101454, 46.176702], [6.100734, 46.176704], [6.100462, 46.176672], [6.100149, 46.1766], [6.099747, 46.176474], [6.099485, 46.176351], [6.099282, 46.176193], [6.099089, 46.175978], [6.099067, 46.175849], [6.098124, 46.176145], [6.097968, 46.176239], [6.097743, 46.176422], [6.097707, 46.17647], [6.096748, 46.176164], [6.096033, 46.175848], [6.095949, 46.175865], [6.095067, 46.177014], [6.095096, 46.177073], [6.095377, 46.177153], [6.09486, 46.177826], [6.094851, 46.177864], [6.094662, 46.178125], [6.093918, 46.177967], [6.09309, 46.179294], [6.093554, 46.17946], [6.093347, 46.179746], [6.093372, 46.180123], [6.09464, 46.180656], [6.094861, 46.180734], [6.094775, 46.180837], [6.094789, 46.18091], [6.093834, 46.180932], [6.093094, 46.181039], [6.092563, 46.181184], [6.092314, 46.181295], [6.091853, 46.181578], [6.092159, 46.181723], [6.092258, 46.181794], [6.092588, 46.182134], [6.092718, 46.182204], [6.091931, 46.183736], [6.09125, 46.183554], [6.090381, 46.184798], [6.09032, 46.184836], [6.090229, 46.184838], [6.090149, 46.18493], [6.090212, 46.184982], [6.09021, 46.185042], [6.089823, 46.185593], [6.089714, 46.18571], [6.089624, 46.185779], [6.089527, 46.185832], [6.089378, 46.185881], [6.089486, 46.186058], [6.089571, 46.186116], [6.089902, 46.186659]], [[6.106304, 46.192992], [6.106257, 46.192971], [6.106234, 46.19296], [6.106304, 46.192992]], [[6.106218, 46.19295], [6.10619, 46.192928], [6.106178, 46.192916], [6.106167, 46.192904], [6.106218, 46.19295]], [[6.106153, 46.192731], [6.106184, 46.192674], [6.106202, 46.192646], [6.106153, 46.192731]], [[6.10733, 46.191265], [6.107373, 46.191278], [6.107394, 46.191286], [6.10733, 46.191265]]]}, "properties": {"npa": 1213, "nom": "Onex", "lat": 46.189731, "lon": 6.10824}}, {"type": "Feature", "geometry": {"type": "Polygon", "coordinates": [[[6.119254, 46.216208], [6.121795, 46.215659], [6.124292, 46.215172], [6.123964, 46.214867], [6.125747, 46.214032], [6.126112, 46.214342], [6.126371, 46.214217], [6.127625, 46.214193], [6.128102, 46.213968], [6.128841, 46.213665], [6.129537, 46.213744], [6.129716, 46.213667], [6.129763, 46.213246], [6.129267, 46.212711], [6.129182, 46.212701], [6.129008, 46.212523], [6.129271, 46.212405], [6.12927, 46.211496], [6.129688, 46.211504], [6.129688, 46.211046], [6.129375, 46.211045], [6.129369, 46.21082], [6.12969, 46.210818], [6.129696, 46.210564], [6.130356, 46.210561], [6.131373, 46.209693], [6.131403, 46.209387], [6.13201, 46.209077], [6.132296, 46.20901], [6.132354, 46.209084], [6.13303, 46.209026], [6.133175, 46.208924], [6.13329, 46.208891], [6.133399, 46.209087], [6.134884, 46.208719], [6.134899, 46.208432], [6.135137, 46.20837], [6.134704, 46.20798], [6.134965, 46.207885], [6.134659, 46.207511], [6.134348, 46.207615], [6.134253, 46.207503], [6.134693, 46.207369], [6.134435, 46.206977], [6.134223, 46.207039], [6.133329, 46.205832], [6.134623, 46.20595], [6.134688, 46.205694], [6.134213, 46.205107], [6.13367, 46.204575], [6.133422, 46.204419], [6.13119, 46.204018], [6.131547, 46.203113], [6.12882, 46.203188], [6.128132, 46.203136], [6.126335, 46.202891], [6.125878, 46.202794], [6.125432, 46.202674], [6.122137, 46.201691], [6.121673, 46.201537], [6.120467, 46.201081], [6.120178, 46.200995], [6.119704, 46.200901], [6.119216, 46.200857], [6.118722, 46.200851], [6.118323, 46.200871], [6.117928, 46.200914], [6.11754, 46.200979], [6.11716, 46.201066], [6.116792, 46.201174], [6.115973, 46.20145], [6.115629, 46.201594], [6.114025, 46.202375], [6.113446, 46.202581], [6.112555, 46.202802], [6.112165, 46.202872], [6.111965, 46.202891], [6.111561, 46.202897], [6.110823, 46.20283], [6.110659, 46.203761], [6.110531, 46.203928], [6.110415, 46.204589], [6.110328, 46.204971], [6.110232, 46.205568], [6.110241, 46.205678], [6.110288, 46.205809], [6.11035, 46.205886], [6.110439, 46.205951], [6.110619, 46.206006], [6.110987, 46.206497], [6.111162, 46.206702], [6.112041, 46.207959], [6.112286, 46.208375], [6.11247, 46.208621], [6.112876, 46.209033], [6.113495, 46.209626], [6.113541, 46.209612], [6.113638, 46.209757], [6.114145, 46.210257], [6.114523, 46.210663], [6.114616, 46.210709], [6.114731, 46.2107], [6.114913, 46.210952], [6.114627, 46.211078], [6.11467, 46.211077], [6.114714, 46.211102], [6.114809, 46.211304], [6.114866, 46.211293], [6.115512, 46.211918], [6.115859, 46.212284], [6.116086, 46.212562], [6.116313, 46.21287], [6.116275, 46.212945], [6.117892, 46.215168], [6.118432, 46.216027], [6.118786, 46.215974], [6.119254, 46.216208]]]}, "properties": {"npa": 1203, "nom": "Genève", "lat": 46.20785, "lon": 6.122106}}, {"type": "Feature", "geometry": {"type": "Polygon", "coordinates": [[[6.133271, 46.203397], [6.132834, 46.203248], [6.132367, 46.203151], [6.131884, 46.20311], [6.131547, 46.203113], [6.13119, 46.204018], [6.133422, 46.204419], [6.13367, 46.204575], [6.134213, 46.205107], [6.134688, 46.205694], [6.134623, 46.20595], [6.133329, 46.205832], [6.134223, 46.207039], [6.134435, 46.206977], [6.134693, 46.207369], [6.134253, 46.207503], [6.134348, 46.207615], [6.134659, 46.207511], [6.134965, 46.207885], [6.134704, 46.20798], [6.135137, 46.20837], [6.135134, 46.20892], [6.135933, 46.20897], [6.135851, 46.209774], [6.135855, 46.209982], [6.135143, 46.210281], [6.135201, 46.210337], [6.135521, 46.210381], [6.135873, 46.210503], [6.136455, 46.210278], [6.136631, 46.210466], [6.135918, 46.210767], [6.136014, 46.210872], [6.136433, 46.210877], [6.136793, 46.21125], [6.136419, 46.211418], [6.136503, 46.211518], [6.136173, 46.21166], [6.136788, 46.212579], [6.137077, 46.212714], [6.137611, 46.212103], [6.1379, 46.212056], [6.138298, 46.212118], [6.139154, 46.211823], [6.139858, 46.212737], [6.140345, 46.21346], [6.140496, 46.21431], [6.140001, 46.214473], [6.140431, 46.214992], [6.140424, 46.215467], [6.144523, 46.215536], [6.145212, 46.215045], [6.145213, 46.21499], [6.145364, 46.214889], [6.145229, 46.214795], [6.145856, 46.214388], [6.146021, 46.214516], [6.146402, 46.214354], [6.146289, 46.214207], [6.146977, 46.213946], [6.147909, 46.213552], [6.148046, 46.213725], [6.148302, 46.213595], [6.14861, 46.213478], [6.148457, 46.213299], [6.14911, 46.213092], [6.149199, 46.213246], [6.148977, 46.213334], [6.1494, 46.213891], [6.14915, 46.214004], [6.149379, 46.214311], [6.149756, 46.214172], [6.15081, 46.214036], [6.1509, 46.214227], [6.150809, 46.214486], [6.150484, 46.215169], [6.150552, 46.215213], [6.150602, 46.215274], [6.151086, 46.215332], [6.151244, 46.216282], [6.155766, 46.217359], [6.1619, 46.215224], [6.159807, 46.212549], [6.15798, 46.210549], [6.157405, 46.209956], [6.156954, 46.209996], [6.149883, 46.206842], [6.149191, 46.206657], [6.147709, 46.206478], [6.146359, 46.206239], [6.144809, 46.205868], [6.141854, 46.205115], [6.14091, 46.204993], [6.139832, 46.204991], [6.138925, 46.204853], [6.136805, 46.205118], [6.136706, 46.205113], [6.136072, 46.204837], [6.134263, 46.203826], [6.133271, 46.203397]]]}, "properties": {"npa": 1201, "nom": "Genève", "lat": 46.210746, "lon": 6.146921}}, {"type": "Feature", "geometry": {"type": "Polygon", "coordinates": [[[6.149948, 46.258271], [6.150009, 46.258269], [6.150551, 46.258103], [6.151396, 46.257789], [6.152196, 46.257395], [6.153313, 46.256749], [6.153694, 46.256612], [6.15421, 46.256354], [6.15549, 46.255809], [6.155774, 46.255707], [6.156018, 46.255673], [6.156352, 46.255549], [6.177193, 46.251682], [6.173441, 46.241952], [6.153599, 46.245634], [6.152339, 46.246284], [6.152065, 46.24636], [6.151951, 46.246375], [6.151753, 46.246373], [6.150422, 46.246301], [6.150137, 46.246375], [6.149696, 46.246646], [6.149238, 46.246899], [6.148198, 46.247324], [6.14766, 46.247722], [6.14768, 46.247759], [6.147664, 46.247775], [6.14717, 46.247984], [6.1469, 46.247986], [6.146344, 46.248219], [6.145796, 46.248473], [6.144784, 46.248995], [6.143928, 46.249512], [6.143528, 46.249782], [6.143128, 46.250063], [6.142862, 46.250302], [6.142106, 46.250894], [6.141939, 46.25096], [6.141798, 46.250964], [6.141042, 46.250843], [6.140454, 46.250666], [6.139445, 46.250245], [6.13917, 46.250116], [6.138916, 46.249945], [6.138411, 46.249687], [6.138034, 46.249513], [6.137639, 46.249357], [6.137106, 46.249201], [6.13708, 46.24922], [6.137052, 46.249209], [6.137059, 46.249185], [6.13677, 46.249104], [6.136171, 46.248975], [6.135713, 46.248814], [6.135202, 46.248573], [6.135145, 46.24861], [6.133709, 46.248075], [6.131941, 46.247388], [6.131387, 46.247122], [6.130327, 46.246552], [6.129879, 46.24626], [6.129378, 46.245929], [6.128763, 46.245472], [6.128518, 46.24523], [6.128473, 46.245094], [6.128405, 46.245785], [6.128444, 46.245996], [6.128506, 46.246202], [6.12876, 46.246855], [6.128596, 46.246893], [6.128643, 46.246941], [6.128905, 46.247592], [6.129057, 46.247904], [6.128704, 46.247883], [6.127653, 46.247512], [6.127151, 46.247229], [6.127031, 46.247195], [6.126879, 46.247095], [6.126705, 46.247017], [6.126014, 46.247711], [6.125265, 46.248812], [6.12522, 46.2488], [6.125158, 46.249155], [6.125187, 46.249165], [6.124765, 46.250144], [6.124743, 46.250165], [6.12413, 46.250381], [6.123578, 46.250648], [6.124468, 46.251254], [6.123843, 46.251837], [6.124457, 46.252593], [6.124279, 46.25264], [6.12409, 46.252665], [6.123996, 46.252611], [6.123916, 46.252608], [6.123808, 46.252678], [6.123459, 46.252718], [6.123438, 46.252825], [6.123343, 46.252906], [6.123157, 46.252902], [6.123079, 46.252919], [6.123038, 46.252992], [6.123082, 46.253089], [6.123047, 46.253133], [6.122585, 46.253273], [6.122239, 46.253413], [6.122154, 46.253399], [6.122109, 46.25341], [6.121813, 46.253602], [6.121753, 46.253597], [6.121378, 46.253895], [6.121289, 46.253891], [6.121203, 46.253969], [6.121133, 46.254133], [6.12108, 46.25415], [6.121042, 46.254281], [6.121016, 46.254291], [6.12095, 46.254399], [6.120888, 46.254436], [6.12083, 46.254556], [6.120903, 46.254907], [6.12082, 46.254927], [6.12083, 46.254967], [6.121041, 46.255132], [6.121101, 46.255225], [6.121233, 46.255353], [6.121532, 46.255728], [6.12192, 46.256044], [6.122123, 46.256081], [6.122139, 46.256109], [6.122255, 46.256119], [6.122502, 46.2562], [6.122644, 46.256372], [6.122753, 46.256404], [6.122755, 46.256452], [6.122493, 46.256679], [6.122336, 46.256847], [6.122304, 46.256933], [6.122179, 46.257033], [6.121987, 46.257236], [6.121996, 46.257266], [6.12186, 46.257334], [6.12177, 46.257456], [6.121514, 46.257702], [6.121746, 46.257852], [6.122044, 46.258008], [6.122164, 46.258031], [6.122535, 46.258178], [6.119747, 46.260839], [6.141176, 46.272314], [6.141161, 46.272237], [6.14119, 46.272143], [6.141295, 46.272087], [6.142755, 46.27173], [6.142879, 46.271713], [6.14114, 46.268895], [6.141151, 46.268853], [6.14178, 46.268234], [6.143475, 46.2657], [6.143751, 46.265157], [6.14383, 46.264596], [6.14379, 46.264322], [6.143784, 46.26369], [6.143819, 46.263328], [6.143905, 46.262891], [6.144109, 46.262144], [6.14412, 46.261936], [6.144086, 46.261837], [6.144012, 46.261724], [6.143321, 46.260921], [6.143334, 46.260842], [6.144526, 46.260072], [6.145049, 46.259805], [6.145457, 46.259659], [6.149948, 46.258271]]]}, "properties": {"npa": 1293, "nom": "Bellevue", "lat": 46.254665, "lon": 6.145282}}, {"type": "Feature", "geometry": {"type": "Polygon", "coordinates": [[[6.12872, 46.228056], [6.130178, 46.227029], [6.128475, 46.225855], [6.128114, 46.22612], [6.127951, 46.226179], [6.127785, 46.226156], [6.127637, 46.22607], [6.128872, 46.225032], [6.129367, 46.225315], [6.131008, 46.224101], [6.131471, 46.22413], [6.132154, 46.224583], [6.13222, 46.224689], [6.132183, 46.224803], [6.132755, 46.22515], [6.133926, 46.224313], [6.133168, 46.223687], [6.133216, 46.223656], [6.132913, 46.223371], [6.133836, 46.222724], [6.132963, 46.221989], [6.133093, 46.221871], [6.132528, 46.221453], [6.132466, 46.221493], [6.132201, 46.221296], [6.13235, 46.221201], [6.13211, 46.221023], [6.132017, 46.221063], [6.131759, 46.221235], [6.131297, 46.221597], [6.130962, 46.221811], [6.130902, 46.221833], [6.130758, 46.221648], [6.130656, 46.22158], [6.130621, 46.221461], [6.130523, 46.221425], [6.130676, 46.221195], [6.130256, 46.220853], [6.130436, 46.220747], [6.129575, 46.22013], [6.129983, 46.219778], [6.129532, 46.219521], [6.129044, 46.219815], [6.128824, 46.220001], [6.128248, 46.219659], [6.127509, 46.219169], [6.126099, 46.218014], [6.125727, 46.218289], [6.125149, 46.21783], [6.124565, 46.217508], [6.123393, 46.21744], [6.122338, 46.216739], [6.120624, 46.217769], [6.119726, 46.216991], [6.121815, 46.215732], [6.121795, 46.215659], [6.11922, 46.216213], [6.118651, 46.216403], [6.117295, 46.216533], [6.115813, 46.216966], [6.112348, 46.217907], [6.11063, 46.2184], [6.110858, 46.218698], [6.111193, 46.218883], [6.11172, 46.21921], [6.113717, 46.220222], [6.113832, 46.220273], [6.113941, 46.220263], [6.115455, 46.221057], [6.116953, 46.221776], [6.117286, 46.221969], [6.117432, 46.222071], [6.117667, 46.221928], [6.117794, 46.222024], [6.117781, 46.222121], [6.117809, 46.222164], [6.118562, 46.22264], [6.118518, 46.222656], [6.119879, 46.223514], [6.120072, 46.223676], [6.121755, 46.22484], [6.122091, 46.225148], [6.121292, 46.225845], [6.121239, 46.225908], [6.12121, 46.225975], [6.121244, 46.22608], [6.121436, 46.226291], [6.121888, 46.226707], [6.12198, 46.226755], [6.122061, 46.226736], [6.123251, 46.226086], [6.123839, 46.225875], [6.124524, 46.226526], [6.124874, 46.226359], [6.125387, 46.226843], [6.125332, 46.226873], [6.125494, 46.227115], [6.125781, 46.227348], [6.12617, 46.227103], [6.126977, 46.227792], [6.127686, 46.227353], [6.12872, 46.228056]]]}, "properties": {"npa": 1209, "nom": "Genève", "lat": 46.221473, "lon": 6.123191}}, {"type": "Feature", "geometry": {"type": "Polygon", "coordinates": [[[6.151253, 46.272897], [6.153693, 46.272594], [6.157532, 46.273841], [6.162264, 46.272549], [6.169019, 46.270363], [6.169343, 46.270309], [6.184009, 46.264971], [6.180562, 46.260415], [6.177193, 46.251682], [6.156352, 46.255549], [6.156018, 46.255673], [6.155774, 46.255707], [6.15549, 46.255809], [6.15421, 46.256354], [6.153694, 46.256612], [6.153313, 46.256749], [6.151991, 46.257504], [6.151396, 46.257789], [6.15086, 46.257997], [6.150009, 46.258269], [6.149975, 46.258263], [6.145457, 46.259659], [6.145049, 46.259805], [6.144526, 46.260072], [6.143334, 46.260842], [6.143321, 46.260921], [6.144012, 46.261724], [6.144086, 46.261837], [6.14412, 46.261936], [6.144109, 46.262144], [6.143905, 46.262891], [6.143819, 46.263328], [6.143784, 46.26369], [6.14379, 46.264322], [6.14383, 46.264596], [6.143751, 46.265157], [6.143475, 46.2657], [6.14178, 46.268234], [6.141151, 46.268853], [6.14114, 46.268895], [6.142879, 46.271713], [6.142755, 46.27173], [6.141295, 46.272087], [6.14119, 46.272143], [6.141161, 46.272237], [6.146078, 46.274865], [6.146908, 46.275245], [6.147239, 46.275369], [6.147569, 46.275457], [6.151253, 46.272897]]]}, "properties": {"npa": 1294, "nom": "Genthod", "lat": 46.263597, "lon": 6.161787}}, {"type": "Feature", "geometry": {"type": "Polygon", "coordinates": [[[6.076113, 46.169408], [6.076033, 46.169428], [6.076156, 46.169639], [6.076967, 46.169367], [6.07711, 46.169293], [6.077068, 46.169234], [6.077089, 46.169192], [6.077461, 46.16932], [6.077756, 46.16948], [6.078056, 46.16968], [6.079349, 46.168705], [6.079413, 46.168709], [6.079465, 46.168595], [6.080268, 46.168003], [6.080333, 46.167985], [6.080702, 46.168227], [6.080854, 46.168283], [6.080856, 46.168236], [6.081183, 46.168023], [6.081244, 46.167951], [6.081242, 46.167897], [6.081096, 46.167669], [6.081087, 46.167615], [6.081119, 46.167559], [6.081522, 46.167261], [6.081752, 46.167], [6.081823, 46.166988], [6.08204, 46.166793], [6.082043, 46.166762], [6.082858, 46.166513], [6.082948, 46.166515], [6.085432, 46.167431], [6.085462, 46.167401], [6.085535, 46.167389], [6.086582, 46.166304], [6.086566, 46.166255], [6.086582, 46.16624], [6.08186, 46.16405], [6.082787, 46.163297], [6.080154, 46.161265], [6.079538, 46.1617], [6.077777, 46.160454], [6.076739, 46.161164], [6.076955, 46.159398], [6.076984, 46.158949], [6.076856, 46.157017], [6.07662, 46.154174], [6.076563, 46.153878], [6.076311, 46.153052], [6.076149, 46.152352], [6.075566, 46.150873], [6.075549, 46.150672], [6.07541, 46.15024], [6.074961, 46.149672], [6.074666, 46.14939], [6.073847, 46.150216], [6.07347, 46.150552], [6.073068, 46.151063], [6.073019, 46.151259], [6.072905, 46.151548], [6.072538, 46.152179], [6.07236, 46.15252], [6.07225, 46.152669], [6.072148, 46.152764], [6.071701, 46.153071], [6.067938, 46.155499], [6.067899, 46.155469], [6.066158, 46.156503], [6.064668, 46.157352], [6.063401, 46.158203], [6.061318, 46.159512], [6.061153, 46.159588], [6.055577, 46.157349], [6.055044, 46.157122], [6.054408, 46.156806], [6.054111, 46.156628], [6.053639, 46.156303], [6.053657, 46.156234], [6.053552, 46.156237], [6.053523, 46.156256], [6.053444, 46.156235], [6.053146, 46.156052], [6.053071, 46.156048], [6.052729, 46.156171], [6.052682, 46.156207], [6.052585, 46.156193], [6.052425, 46.156132], [6.050849, 46.155306], [6.05056, 46.15508], [6.049989, 46.154507], [6.048484, 46.156125], [6.049624, 46.157343], [6.049521, 46.157433], [6.048367, 46.158171], [6.048306, 46.158173], [6.048255, 46.158245], [6.046362, 46.159629], [6.046296, 46.159658], [6.046248, 46.159713], [6.045188, 46.160493], [6.044081, 46.161405], [6.043995, 46.161462], [6.044004, 46.161517], [6.045553, 46.162075], [6.045226, 46.162289], [6.044875, 46.162625], [6.044936, 46.162788], [6.045191, 46.16333], [6.044845, 46.163957], [6.045428, 46.164292], [6.044912, 46.164638], [6.044762, 46.16478], [6.044195, 46.166147], [6.044075, 46.166208], [6.043181, 46.166933], [6.043123, 46.166957], [6.04287, 46.167122], [6.042603, 46.167354], [6.04257, 46.167419], [6.040545, 46.169096], [6.040014, 46.169432], [6.039305, 46.169934], [6.038512, 46.170521], [6.038275, 46.17074], [6.038461, 46.170866], [6.039183, 46.171244], [6.039677, 46.171444], [6.040213, 46.171621], [6.041315, 46.171869], [6.043107, 46.172171], [6.04314, 46.172097], [6.043496, 46.172172], [6.043485, 46.17195], [6.043535, 46.171842], [6.044237, 46.171464], [6.044784, 46.170728], [6.044966, 46.170589], [6.045048, 46.170546], [6.045083, 46.170509], [6.046112, 46.169997], [6.046261, 46.169969], [6.046991, 46.169608], [6.047074, 46.169607], [6.049233, 46.170694], [6.051377, 46.17163], [6.051394, 46.171682], [6.050908, 46.172274], [6.05083, 46.1723], [6.048806, 46.172165], [6.048071, 46.172135], [6.047019, 46.172201], [6.046798, 46.17223], [6.046782, 46.172331], [6.046606, 46.172393], [6.046595, 46.172468], [6.046694, 46.172568], [6.045949, 46.174151], [6.046602, 46.174365], [6.046769, 46.1744], [6.046794, 46.174427], [6.0472, 46.174598], [6.047884, 46.174958], [6.047945, 46.175048], [6.048024, 46.175079], [6.048022, 46.175122], [6.048105, 46.175203], [6.048144, 46.175275], [6.048416, 46.175508], [6.048543, 46.175569], [6.048574, 46.175596], [6.048586, 46.175647], [6.048652, 46.175662], [6.048769, 46.175722], [6.048936, 46.17576], [6.049116, 46.175969], [6.049111, 46.17598], [6.049188, 46.176076], [6.049244, 46.176198], [6.049341, 46.176253], [6.049513, 46.17642], [6.049487, 46.17654], [6.049616, 46.17659], [6.049614, 46.176615], [6.049684, 46.17668], [6.049653, 46.176766], [6.049749, 46.176849], [6.049829, 46.177026], [6.049799, 46.177058], [6.049786, 46.177109], [6.049825, 46.177171], [6.049793, 46.177189], [6.049807, 46.177217], [6.049923, 46.177199], [6.049938, 46.177298], [6.049972, 46.177368], [6.049922, 46.17739], [6.049949, 46.177436], [6.050026, 46.177473], [6.050014, 46.1775], [6.050131, 46.177497], [6.050226, 46.177601], [6.050205, 46.177692], [6.050303, 46.177792], [6.050252, 46.177875], [6.050303, 46.177877], [6.05046, 46.177839], [6.05046, 46.178044], [6.050715, 46.178044], [6.050719, 46.178117], [6.05068, 46.178183], [6.050828, 46.178355], [6.050719, 46.178417], [6.05084, 46.178475], [6.050954, 46.178438], [6.050944, 46.178574], [6.051162, 46.178643], [6.051126, 46.178681], [6.051206, 46.178712], [6.051245, 46.17886], [6.051168, 46.178911], [6.051239, 46.179015], [6.051368, 46.178986], [6.051495, 46.179012], [6.05168, 46.179101], [6.051682, 46.179177], [6.051761, 46.179191], [6.051628, 46.179274], [6.051611, 46.179237], [6.051477, 46.179295], [6.051514, 46.179332], [6.051522, 46.17946], [6.051482, 46.179457], [6.051475, 46.179558], [6.051406, 46.179544], [6.051421, 46.179611], [6.051319, 46.179595], [6.051324, 46.179633], [6.051294, 46.179644], [6.051268, 46.179596], [6.051194, 46.179644], [6.051147, 46.179626], [6.051112, 46.179689], [6.051139, 46.179711], [6.051174, 46.179709], [6.051241, 46.179759], [6.051313, 46.179878], [6.051351, 46.179894], [6.051419, 46.179881], [6.051456, 46.17991], [6.051432, 46.179955], [6.051347, 46.180019], [6.0514, 46.180054], [6.051366, 46.180081], [6.051211, 46.180105], [6.051349, 46.180217], [6.051345, 46.180258], [6.051259, 46.180253], [6.051318, 46.180392], [6.051228, 46.180442], [6.05124, 46.180497], [6.0512, 46.180528], [6.051114, 46.180554], [6.051096, 46.180601], [6.051124, 46.180616], [6.051096, 46.180665], [6.051125, 46.180714], [6.051237, 46.180819], [6.051218, 46.180856], [6.051228, 46.180897], [6.051264, 46.180918], [6.05127, 46.181026], [6.051165, 46.181169], [6.051055, 46.181223], [6.050956, 46.181301], [6.050828, 46.181445], [6.050855, 46.181526], [6.050859, 46.181621], [6.050925, 46.181631], [6.050938, 46.181728], [6.050995, 46.181762], [6.050956, 46.181856], [6.050851, 46.181928], [6.050692, 46.181962], [6.050571, 46.18212], [6.050585, 46.1822], [6.050668, 46.182252], [6.050681, 46.182382], [6.050717, 46.182481], [6.050678, 46.182605], [6.050689, 46.182625], [6.050759, 46.182654], [6.050763, 46.182684], [6.05081, 46.182707], [6.05102, 46.182674], [6.051257, 46.182607], [6.051418, 46.182593], [6.051506, 46.18254], [6.051661, 46.182608], [6.051749, 46.182622], [6.051791, 46.182651], [6.051946, 46.18265], [6.052028, 46.182603], [6.052212, 46.182561], [6.052253, 46.182531], [6.052341, 46.182502], [6.052584, 46.182494], [6.052648, 46.182475], [6.052953, 46.182478], [6.053035, 46.182493], [6.053152, 46.182455], [6.053213, 46.182481], [6.053233, 46.182517], [6.053237, 46.182568], [6.053351, 46.182523], [6.053568, 46.18237], [6.053743, 46.182325], [6.054381, 46.182767], [6.055005, 46.183647], [6.056083, 46.185093], [6.056115, 46.185202], [6.053005, 46.186327], [6.053, 46.186376], [6.055367, 46.187487], [6.058653, 46.189695], [6.058622, 46.18972], [6.058876, 46.189884], [6.058894, 46.190043], [6.058922, 46.190088], [6.058965, 46.19013], [6.059033, 46.190164], [6.059083, 46.190227], [6.05924, 46.190333], [6.059299, 46.190409], [6.059575, 46.190577], [6.059665, 46.190729], [6.059665, 46.190772], [6.059881, 46.191016], [6.059887, 46.191136], [6.059997, 46.191336], [6.060167, 46.191472], [6.060374, 46.191682], [6.060313, 46.191759], [6.060318, 46.191837], [6.060241, 46.191903], [6.060204, 46.191986], [6.059847, 46.192895], [6.062599, 46.19336], [6.063083, 46.193455], [6.063556, 46.193572], [6.064016, 46.193713], [6.06446, 46.193876], [6.064983, 46.194105], [6.065475, 46.194366], [6.065933, 46.194654], [6.066352, 46.19497], [6.066731, 46.195309], [6.067066, 46.19567], [6.067355, 46.19605], [6.067482, 46.196247], [6.067699, 46.196652], [6.068448, 46.198267], [6.068798, 46.198932], [6.069223, 46.199576], [6.06972, 46.200195], [6.070285, 46.200785], [6.070793, 46.201256], [6.071024, 46.201426], [6.071276, 46.201581], [6.071545, 46.201721], [6.072263, 46.202049], [6.072873, 46.202247], [6.073521, 46.202375], [6.073854, 46.202412], [6.074421, 46.202432], [6.076669, 46.202305], [6.077296, 46.202303], [6.077915, 46.202371], [6.078217, 46.202431], [6.078767, 46.202591], [6.079252, 46.202795], [6.079688, 46.203046], [6.079886, 46.203187], [6.080933, 46.203994], [6.081254, 46.20426], [6.081548, 46.204541], [6.081813, 46.204835], [6.083898, 46.207345], [6.08424, 46.207731], [6.084612, 46.208103], [6.085013, 46.20846], [6.086068, 46.209346], [6.08648, 46.209668], [6.086922, 46.209971], [6.087394, 46.210251], [6.088667, 46.210949], [6.089123, 46.211126], [6.089365, 46.211193], [6.08987, 46.211284], [6.090129, 46.211308], [6.090642, 46.211309], [6.091141, 46.211254], [6.091384, 46.211205], [6.091849, 46.211067], [6.092276, 46.210879], [6.092471, 46.210767], [6.092819, 46.210513], [6.093103, 46.210222], [6.093585, 46.209637], [6.093681, 46.209479], [6.093757, 46.209317], [6.093812, 46.20915], [6.093847, 46.208981], [6.09386, 46.20881], [6.093852, 46.208639], [6.093823, 46.208469], [6.093772, 46.208302], [6.093696, 46.208129], [6.093597, 46.207961], [6.092675, 46.206828], [6.092426, 46.206464], [6.09233, 46.206274], [6.090805, 46.202801], [6.090689, 46.202461], [6.090594, 46.202118], [6.090452, 46.201537], [6.090382, 46.201155], [6.09036, 46.20077], [6.090385, 46.200386], [6.09053, 46.199205], [6.09051, 46.199014], [6.090482, 46.19892], [6.090395, 46.198738], [6.090336, 46.198652], [6.090188, 46.19849], [6.089899, 46.198285], [6.08826, 46.197512], [6.088055, 46.197407], [6.08769, 46.197163], [6.087532, 46.197025], [6.08727, 46.196722], [6.087169, 46.196561], [6.087088, 46.196393], [6.087028, 46.196222], [6.086991, 46.196047], [6.086975, 46.195871], [6.086981, 46.195695], [6.08701, 46.19552], [6.08706, 46.195347], [6.087132, 46.195178], [6.087225, 46.195013], [6.087643, 46.194375], [6.087913, 46.194083], [6.088244, 46.193824], [6.088629, 46.193604], [6.08915, 46.193381], [6.087559, 46.192742], [6.087439, 46.192759], [6.087292, 46.192687], [6.087276, 46.192655], [6.087282, 46.192619], [6.087238, 46.192552], [6.087115, 46.192567], [6.087015, 46.192531], [6.086973, 46.192444], [6.086463, 46.192393], [6.086321, 46.192272], [6.086157, 46.192258], [6.085926, 46.192128], [6.08587, 46.192014], [6.085861, 46.191944], [6.08588, 46.19192], [6.085861, 46.191728], [6.08572, 46.191664], [6.085747, 46.191572], [6.085677, 46.191455], [6.08568, 46.191373], [6.085645, 46.191291], [6.085649, 46.191225], [6.085493, 46.191087], [6.084904, 46.190766], [6.08482, 46.190625], [6.084696, 46.190527], [6.084601, 46.19048], [6.084284, 46.190455], [6.084158, 46.190408], [6.08408, 46.190311], [6.083833, 46.190229], [6.083664, 46.189791], [6.083673, 46.189581], [6.083714, 46.189477], [6.083963, 46.189048], [6.084054, 46.188859], [6.084705, 46.187277], [6.084777, 46.18717], [6.084861, 46.187093], [6.084985, 46.187028], [6.085108, 46.186987], [6.085307, 46.186838], [6.08564, 46.186573], [6.086234, 46.186032], [6.086999, 46.185245], [6.087063, 46.185207], [6.087514, 46.184711], [6.087999, 46.184114], [6.088138, 46.183884], [6.088074, 46.183869], [6.088364, 46.182942], [6.088499, 46.182577], [6.08854, 46.182434], [6.088567, 46.182243], [6.088573, 46.182055], [6.088531, 46.181737], [6.088443, 46.18129], [6.088547, 46.180829], [6.088611, 46.180249], [6.088681, 46.17988], [6.088726, 46.179503], [6.088708, 46.178547], [6.088657, 46.178409], [6.087705, 46.178417], [6.087766, 46.178369], [6.087717, 46.178369], [6.087717, 46.178383], [6.08745, 46.178389], [6.087406, 46.178427], [6.086869, 46.178444], [6.086331, 46.178431], [6.084841, 46.178381], [6.083549, 46.178319], [6.081855, 46.178223], [6.081423, 46.178184], [6.080726, 46.178089], [6.079974, 46.177942], [6.079448, 46.177759], [6.079186, 46.177696], [6.078707, 46.177625], [6.078455, 46.177471], [6.078281, 46.177313], [6.07812, 46.177263], [6.078739, 46.176856], [6.079066, 46.176527], [6.079165, 46.176376], [6.079264, 46.17597], [6.07742, 46.174857], [6.077314, 46.174855], [6.075627, 46.173956], [6.075618, 46.173894], [6.075902, 46.173665], [6.075955, 46.173567], [6.07606, 46.173238], [6.076416, 46.172604], [6.076485, 46.172588], [6.076396, 46.172538], [6.076857, 46.171707], [6.076861, 46.171628], [6.076834, 46.171555], [6.076462, 46.170982], [6.076532, 46.170845], [6.076159, 46.170602], [6.075755, 46.17038], [6.075281, 46.170177], [6.075265, 46.170145], [6.075349, 46.169962], [6.075422, 46.169895], [6.075482, 46.169861], [6.075725, 46.169786], [6.075631, 46.169485], [6.07515, 46.169565], [6.075119, 46.169677], [6.074358, 46.169566], [6.074583, 46.169352], [6.074569, 46.169319], [6.074743, 46.169352], [6.075297, 46.169352], [6.076001, 46.169003], [6.075995, 46.168962], [6.076503, 46.169091], [6.076113, 46.169408]]]}, "properties": {"npa": 1233, "nom": "Bernex", "lat": 46.178639, "lon": 6.068707}}, {"type": "Feature", "geometry": {"type": "Polygon", "coordinates": [[[6.220144, 46.260344], [6.220192, 46.260315], [6.220129, 46.260116], [6.219997, 46.259835], [6.219795, 46.259533], [6.219666, 46.259457], [6.219601, 46.259443], [6.219591, 46.259464], [6.217151, 46.260211], [6.216121, 46.259112], [6.216092, 46.259124], [6.215766, 46.258771], [6.215387, 46.258856], [6.214302, 46.259244], [6.214287, 46.259284], [6.214207, 46.259284], [6.212679, 46.25961], [6.212509, 46.259593], [6.212381, 46.259528], [6.212183, 46.259306], [6.211868, 46.259044], [6.211847, 46.258894], [6.211879, 46.258823], [6.212803, 46.257956], [6.212909, 46.257891], [6.213764, 46.257606], [6.21358, 46.257297], [6.213107, 46.256626], [6.21296, 46.256287], [6.21295, 46.256236], [6.21307, 46.255184], [6.212828, 46.254741], [6.208689, 46.248988], [6.207868, 46.249212], [6.20726, 46.248548], [6.206814, 46.248111], [6.205564, 46.248746], [6.204358, 46.248118], [6.204332, 46.24764], [6.204263, 46.247381], [6.204123, 46.247202], [6.203401, 46.246587], [6.200661, 46.247841], [6.200769, 46.248182], [6.19954, 46.248775], [6.200628, 46.249851], [6.199653, 46.25059], [6.198022, 46.248987], [6.199757, 46.248285], [6.199095, 46.24752], [6.197497, 46.248126], [6.197517, 46.248361], [6.197149, 46.248312], [6.19708, 46.24827], [6.196902, 46.248241], [6.196964, 46.247909], [6.197094, 46.247907], [6.197038, 46.247506], [6.197282, 46.247498], [6.197249, 46.247194], [6.19657, 46.247245], [6.196528, 46.247383], [6.195856, 46.247341], [6.195817, 46.247745], [6.194657, 46.247666], [6.194582, 46.248128], [6.194429, 46.248268], [6.194162, 46.248207], [6.192597, 46.248432], [6.177193, 46.251682], [6.180562, 46.260415], [6.189899, 46.272752], [6.209805, 46.265502], [6.209915, 46.26528], [6.210089, 46.265145], [6.21061, 46.264915], [6.210897, 46.264758], [6.211173, 46.264566], [6.211387, 46.264458], [6.211743, 46.26414], [6.211873, 46.264127], [6.212965, 46.263654], [6.212879, 46.263524], [6.213405, 46.263309], [6.213184, 46.262949], [6.213602, 46.26276], [6.213434, 46.262562], [6.213424, 46.2625], [6.215031, 46.26174], [6.215098, 46.261751], [6.215302, 46.261695], [6.215625, 46.261568], [6.216074, 46.261418], [6.216826, 46.261113], [6.217241, 46.260969], [6.218188, 46.260691], [6.218441, 46.260632], [6.21868, 46.260552], [6.2187, 46.260569], [6.219323, 46.260431], [6.220144, 46.260344]]]}, "properties": {"npa": 1245, "nom": "Collonge-Bellerive", "lat": 46.258668, "lon": 6.196523}}, {"type": "Feature", "geometry": {"type": "Polygon", "coordinates": [[[6.044978, 46.170579], [6.044784, 46.170728], [6.044237, 46.171464], [6.043535, 46.171842], [6.043485, 46.17195], [6.043496, 46.172172], [6.04314, 46.172097], [6.043107, 46.172171], [6.041315, 46.171869], [6.040213, 46.171621], [6.039677, 46.171444], [6.039183, 46.171244], [6.038461, 46.170866], [6.038275, 46.17074], [6.038052, 46.170522], [6.037928, 46.17044], [6.037027, 46.169905], [6.036401, 46.169593], [6.035568, 46.169284], [6.03411, 46.16886], [6.029653, 46.167398], [6.024495, 46.16542], [6.023026, 46.164822], [6.021567, 46.164205], [6.020681, 46.163809], [6.020849, 46.163701], [6.020979, 46.163669], [6.021196, 46.163418], [6.021315, 46.163201], [6.021429, 46.163168], [6.021927, 46.163321], [6.022041, 46.163305], [6.022373, 46.162966], [6.021961, 46.162343], [6.02005, 46.161028], [6.019117, 46.161229], [6.019412, 46.162609], [6.019548, 46.162965], [6.019849, 46.163348], [6.019684, 46.1635], [6.02002, 46.163667], [6.019847, 46.163907], [6.019352, 46.164471], [6.019686, 46.164539], [6.019681, 46.164588], [6.019624, 46.164648], [6.019635, 46.164695], [6.019605, 46.164773], [6.019601, 46.164857], [6.019629, 46.164921], [6.0196, 46.164994], [6.019568, 46.165005], [6.019558, 46.165181], [6.019579, 46.165202], [6.019721, 46.165157], [6.019761, 46.165164], [6.019846, 46.165228], [6.019849, 46.165246], [6.019902, 46.165268], [6.019896, 46.165302], [6.019812, 46.165343], [6.019797, 46.16539], [6.019688, 46.165509], [6.019658, 46.165518], [6.019659, 46.165551], [6.019708, 46.16562], [6.01971, 46.16569], [6.019733, 46.165741], [6.019718, 46.165777], [6.019569, 46.165845], [6.019534, 46.165876], [6.019443, 46.166006], [6.019455, 46.16609], [6.019301, 46.166195], [6.019287, 46.166223], [6.019301, 46.166303], [6.019237, 46.166334], [6.019264, 46.166421], [6.019187, 46.166524], [6.019188, 46.166551], [6.019244, 46.166608], [6.019245, 46.166633], [6.019216, 46.166668], [6.019224, 46.166758], [6.019159, 46.16681], [6.019136, 46.166849], [6.019147, 46.166917], [6.019012, 46.166979], [6.019005, 46.167014], [6.019033, 46.167036], [6.018992, 46.167199], [6.019035, 46.167211], [6.019009, 46.167296], [6.019033, 46.167384], [6.019004, 46.167428], [6.018964, 46.167417], [6.01891, 46.167458], [6.018876, 46.167555], [6.018816, 46.167617], [6.018777, 46.167631], [6.018767, 46.167774], [6.018732, 46.167814], [6.018657, 46.167832], [6.018622, 46.167896], [6.018648, 46.167956], [6.018638, 46.16799], [6.018555, 46.16806], [6.01856, 46.168114], [6.018505, 46.168186], [6.018547, 46.168222], [6.018553, 46.168252], [6.018464, 46.168309], [6.018497, 46.168358], [6.018476, 46.168414], [6.01841, 46.168478], [6.018402, 46.168506], [6.018425, 46.168543], [6.01839, 46.1686], [6.018437, 46.168623], [6.018407, 46.16868], [6.018295, 46.168828], [6.018247, 46.168862], [6.018195, 46.168946], [6.018072, 46.168981], [6.018034, 46.169037], [6.018027, 46.169118], [6.017983, 46.169158], [6.017891, 46.169184], [6.017872, 46.169277], [6.017816, 46.169297], [6.017732, 46.169375], [6.017694, 46.169437], [6.017628, 46.169443], [6.017607, 46.16949], [6.017512, 46.169546], [6.017503, 46.169579], [6.017438, 46.169607], [6.017385, 46.169657], [6.017332, 46.169745], [6.017332, 46.1698], [6.017198, 46.169903], [6.017141, 46.169992], [6.01715, 46.170053], [6.017126, 46.170093], [6.017073, 46.170123], [6.016949, 46.170131], [6.01692, 46.170185], [6.016788, 46.170213], [6.016754, 46.170264], [6.016566, 46.170402], [6.016387, 46.170454], [6.016382, 46.170493], [6.016291, 46.170536], [6.016201, 46.170552], [6.016093, 46.170629], [6.016013, 46.170647], [6.015941, 46.170718], [6.015827, 46.170726], [6.015741, 46.170817], [6.015557, 46.170834], [6.015468, 46.170871], [6.015366, 46.17095], [6.015326, 46.170926], [6.015296, 46.170935], [6.015237, 46.17106], [6.015158, 46.171129], [6.015022, 46.171199], [6.014937, 46.17132], [6.014804, 46.171345], [6.014742, 46.171404], [6.014514, 46.171508], [6.014422, 46.1716], [6.014295, 46.17169], [6.014175, 46.171716], [6.014113, 46.171752], [6.014079, 46.171801], [6.014025, 46.171825], [6.013946, 46.171832], [6.013864, 46.171872], [6.013542, 46.171977], [6.013087, 46.172319], [6.012955, 46.172367], [6.012832, 46.172442], [6.012776, 46.172499], [6.012764, 46.172572], [6.012707, 46.172649], [6.012706, 46.172675], [6.012645, 46.172717], [6.012569, 46.172879], [6.012496, 46.172894], [6.012396, 46.172959], [6.012381, 46.173014], [6.012306, 46.173087], [6.012259, 46.173213], [6.0122, 46.173284], [6.012227, 46.173376], [6.012173, 46.173433], [6.012112, 46.173671], [6.012079, 46.17372], [6.012095, 46.173848], [6.01204, 46.173916], [6.012053, 46.173975], [6.012118, 46.174072], [6.012067, 46.174125], [6.012092, 46.174198], [6.012074, 46.174263], [6.012087, 46.174288], [6.01197, 46.174359], [6.011883, 46.174519], [6.011826, 46.174563], [6.011722, 46.17458], [6.011702, 46.174609], [6.011705, 46.174658], [6.011744, 46.174746], [6.011737, 46.174778], [6.011659, 46.174803], [6.011605, 46.17493], [6.011553, 46.174933], [6.011563, 46.174952], [6.011553, 46.17497], [6.011514, 46.17499], [6.011487, 46.175043], [6.011486, 46.175078], [6.011516, 46.175132], [6.011476, 46.175178], [6.011474, 46.175211], [6.011417, 46.175262], [6.011374, 46.175279], [6.011357, 46.175319], [6.011421, 46.175398], [6.011365, 46.175456], [6.011362, 46.175507], [6.011408, 46.175592], [6.011395, 46.175646], [6.011329, 46.175696], [6.011316, 46.175723], [6.011327, 46.175777], [6.011274, 46.175821], [6.011265, 46.175867], [6.0113, 46.175942], [6.011293, 46.175957], [6.011214, 46.17596], [6.011157, 46.175995], [6.011171, 46.176117], [6.011046, 46.176259], [6.011085, 46.176272], [6.011101, 46.176324], [6.011056, 46.1764], [6.011097, 46.176455], [6.010771, 46.17688], [6.013417, 46.177394], [6.013864, 46.177533], [6.014276, 46.177718], [6.014644, 46.177944], [6.015411, 46.178581], [6.015641, 46.178834], [6.016699, 46.180194], [6.016907, 46.180437], [6.017143, 46.180667], [6.017407, 46.180882], [6.017695, 46.181081], [6.018006, 46.181263], [6.018339, 46.181426], [6.018689, 46.181569], [6.019056, 46.181691], [6.022096, 46.182598], [6.022728, 46.182808], [6.023333, 46.183055], [6.024129, 46.183458], [6.028705, 46.186168], [6.033824, 46.184397], [6.039758, 46.181858], [6.041618, 46.182865], [6.042077, 46.183156], [6.042592, 46.183543], [6.043272, 46.184023], [6.043619, 46.184231], [6.043819, 46.184333], [6.044609, 46.184671], [6.044766, 46.184821], [6.044901, 46.185042], [6.045033, 46.184989], [6.04499, 46.184884], [6.044997, 46.184736], [6.045239, 46.184566], [6.045584, 46.184631], [6.045927, 46.184777], [6.046263, 46.184731], [6.04645, 46.184674], [6.046958, 46.184682], [6.047227, 46.184669], [6.047382, 46.184579], [6.047522, 46.184551], [6.047623, 46.184498], [6.047603, 46.184409], [6.047637, 46.184377], [6.047803, 46.184118], [6.047825, 46.184059], [6.047947, 46.183915], [6.048056, 46.183829], [6.048169, 46.183697], [6.048246, 46.183559], [6.048334, 46.183324], [6.048463, 46.18324], [6.048605, 46.183118], [6.048797, 46.182984], [6.049002, 46.182889], [6.049033, 46.182858], [6.049124, 46.182837], [6.049282, 46.182718], [6.049533, 46.182614], [6.049782, 46.182621], [6.049893, 46.182574], [6.050047, 46.182565], [6.050142, 46.182507], [6.050329, 46.182507], [6.050386, 46.182486], [6.050525, 46.182367], [6.05058, 46.182148], [6.050571, 46.18212], [6.050692, 46.181962], [6.050851, 46.181928], [6.050956, 46.181856], [6.050995, 46.181762], [6.050938, 46.181728], [6.050925, 46.181631], [6.050859, 46.181621], [6.050855, 46.181526], [6.050828, 46.181445], [6.050956, 46.181301], [6.051055, 46.181223], [6.051165, 46.181169], [6.05127, 46.181026], [6.051264, 46.180918], [6.051228, 46.180897], [6.051218, 46.180856], [6.051237, 46.180819], [6.051125, 46.180714], [6.051096, 46.180665], [6.051124, 46.180616], [6.051096, 46.180601], [6.051114, 46.180554], [6.0512, 46.180528], [6.05124, 46.180497], [6.051228, 46.180442], [6.051318, 46.180392], [6.051259, 46.180253], [6.051345, 46.180258], [6.051349, 46.180217], [6.051211, 46.180105], [6.051366, 46.180081], [6.0514, 46.180054], [6.051347, 46.180019], [6.051432, 46.179955], [6.051456, 46.17991], [6.051419, 46.179881], [6.051351, 46.179894], [6.051313, 46.179878], [6.051241, 46.179759], [6.051174, 46.179709], [6.051139, 46.179711], [6.051112, 46.179689], [6.051147, 46.179626], [6.051194, 46.179644], [6.051268, 46.179596], [6.051294, 46.179644], [6.051324, 46.179633], [6.051319, 46.179595], [6.051421, 46.179611], [6.051406, 46.179544], [6.051475, 46.179558], [6.051482, 46.179457], [6.051522, 46.17946], [6.051514, 46.179332], [6.051477, 46.179295], [6.051611, 46.179237], [6.051628, 46.179274], [6.051761, 46.179191], [6.051682, 46.179177], [6.05168, 46.179101], [6.051495, 46.179012], [6.051368, 46.178986], [6.051239, 46.179015], [6.051168, 46.178911], [6.051245, 46.17886], [6.051206, 46.178712], [6.051126, 46.178681], [6.051162, 46.178643], [6.050944, 46.178574], [6.050954, 46.178438], [6.05084, 46.178475], [6.050719, 46.178417], [6.050828, 46.178355], [6.05068, 46.178183], [6.050719, 46.178117], [6.050715, 46.178044], [6.05046, 46.178044], [6.05046, 46.177839], [6.050303, 46.177877], [6.050252, 46.177875], [6.050303, 46.177792], [6.050205, 46.177692], [6.050226, 46.177601], [6.050131, 46.177497], [6.050014, 46.1775], [6.050026, 46.177473], [6.049949, 46.177436], [6.049922, 46.17739], [6.049972, 46.177368], [6.049938, 46.177298], [6.049923, 46.177199], [6.049807, 46.177217], [6.049793, 46.177189], [6.049825, 46.177171], [6.049786, 46.177109], [6.049799, 46.177058], [6.049829, 46.177026], [6.049749, 46.176849], [6.049653, 46.176766], [6.049684, 46.17668], [6.049614, 46.176615], [6.049616, 46.17659], [6.049487, 46.17654], [6.049513, 46.17642], [6.049341, 46.176253], [6.049244, 46.176198], [6.049188, 46.176076], [6.049111, 46.17598], [6.049116, 46.175969], [6.048936, 46.17576], [6.048769, 46.175722], [6.048652, 46.175662], [6.048586, 46.175647], [6.048574, 46.175596], [6.048543, 46.175569], [6.048416, 46.175508], [6.048144, 46.175275], [6.048105, 46.175203], [6.048022, 46.175122], [6.048024, 46.175079], [6.047945, 46.175048], [6.047884, 46.174958], [6.0472, 46.174598], [6.046794, 46.174427], [6.046769, 46.1744], [6.046602, 46.174365], [6.045949, 46.174151], [6.046694, 46.172568], [6.046595, 46.172468], [6.046606, 46.172393], [6.046782, 46.172331], [6.046798, 46.17223], [6.047019, 46.172201], [6.048071, 46.172135], [6.048806, 46.172165], [6.05083, 46.1723], [6.050908, 46.172274], [6.051394, 46.171682], [6.051377, 46.17163], [6.049233, 46.170694], [6.047074, 46.169607], [6.046991, 46.169608], [6.046261, 46.169969], [6.046112, 46.169997], [6.045083, 46.170509], [6.045048, 46.170546], [6.044978, 46.170579]]]}, "properties": {"npa": 1236, "nom": "Cartigny", "lat": 46.175828, "lon": 6.031016}}, {"type": "Feature", "geometry": {"type": "Polygon", "coordinates": [[[6.049492, 46.151176], [6.049745, 46.15147], [6.048959, 46.153561], [6.049133, 46.153651], [6.049121, 46.153669], [6.05001, 46.154496], [6.049989, 46.154507], [6.05056, 46.15508], [6.050849, 46.155306], [6.052425, 46.156132], [6.052585, 46.156193], [6.052682, 46.156207], [6.052729, 46.156171], [6.053071, 46.156048], [6.053146, 46.156052], [6.053215, 46.156083], [6.053444, 46.156235], [6.053523, 46.156256], [6.053552, 46.156237], [6.053657, 46.156234], [6.053639, 46.156303], [6.054111, 46.156628], [6.054408, 46.156806], [6.055044, 46.157122], [6.055577, 46.157349], [6.061153, 46.159588], [6.061318, 46.159512], [6.063401, 46.158203], [6.064668, 46.157352], [6.066158, 46.156503], [6.067899, 46.155469], [6.067938, 46.155499], [6.071701, 46.153071], [6.072148, 46.152764], [6.07225, 46.152669], [6.07236, 46.15252], [6.072538, 46.152179], [6.072905, 46.151548], [6.073019, 46.151259], [6.073068, 46.151063], [6.07347, 46.150552], [6.073847, 46.150216], [6.074666, 46.14939], [6.074341, 46.149088], [6.072339, 46.149944], [6.060668, 46.151179], [6.052263, 46.151343], [6.048522, 46.147117], [6.047039, 46.142572], [6.047293, 46.142434], [6.047614, 46.142201], [6.046899, 46.141756], [6.045078, 46.139967], [6.044913, 46.140086], [6.042824, 46.141239], [6.042478, 46.141411], [6.042157, 46.140942], [6.042042, 46.140803], [6.041321, 46.140188], [6.041041, 46.139979], [6.040906, 46.139922], [6.040742, 46.139887], [6.040076, 46.139847], [6.039671, 46.139788], [6.039488, 46.139726], [6.039297, 46.139639], [6.037974, 46.138627], [6.037168, 46.138058], [6.037012, 46.137923], [6.036838, 46.137733], [6.036459, 46.137231], [6.036192, 46.136827], [6.036106, 46.136624], [6.035976, 46.136075], [6.035886, 46.136082], [6.035597, 46.135129], [6.035466, 46.134821], [6.035462, 46.13464], [6.035394, 46.134333], [6.034938, 46.134724], [6.034858, 46.134868], [6.034823, 46.135165], [6.034758, 46.135354], [6.034672, 46.135516], [6.034655, 46.135581], [6.03456, 46.135727], [6.034357, 46.135894], [6.034284, 46.136045], [6.034282, 46.136158], [6.034433, 46.136316], [6.034628, 46.136681], [6.034593, 46.136752], [6.034423, 46.136854], [6.03434, 46.136877], [6.034165, 46.136769], [6.034013, 46.136739], [6.033809, 46.1366], [6.033668, 46.13653], [6.033483, 46.136542], [6.033432, 46.136618], [6.033595, 46.136785], [6.033677, 46.136972], [6.033648, 46.137099], [6.033559, 46.137184], [6.033451, 46.13722], [6.033405, 46.137284], [6.033408, 46.137415], [6.033441, 46.13754], [6.033543, 46.137663], [6.033667, 46.137861], [6.033675, 46.137928], [6.033635, 46.137973], [6.033481, 46.137992], [6.033386, 46.137982], [6.033084, 46.137774], [6.032908, 46.137706], [6.032747, 46.137723], [6.032558, 46.137812], [6.032477, 46.137917], [6.032544, 46.138015], [6.032621, 46.138065], [6.032851, 46.138302], [6.033026, 46.138587], [6.03303, 46.138667], [6.032977, 46.138734], [6.032748, 46.13877], [6.032627, 46.138713], [6.032536, 46.138623], [6.03199, 46.138386], [6.031876, 46.138308], [6.0316, 46.138047], [6.031486, 46.137974], [6.031451, 46.137984], [6.031403, 46.138027], [6.031405, 46.138067], [6.031456, 46.138104], [6.031482, 46.138217], [6.031617, 46.138455], [6.031673, 46.138667], [6.031555, 46.138894], [6.031539, 46.138966], [6.031569, 46.139076], [6.031619, 46.139112], [6.031697, 46.139216], [6.031703, 46.139286], [6.031655, 46.139396], [6.031586, 46.139445], [6.031491, 46.139475], [6.03123, 46.139476], [6.03091, 46.13945], [6.030805, 46.139405], [6.030736, 46.139334], [6.030728, 46.139254], [6.030638, 46.139137], [6.030515, 46.139074], [6.030478, 46.139069], [6.030056, 46.139116], [6.029921, 46.139157], [6.029855, 46.139213], [6.029881, 46.139351], [6.029947, 46.13945], [6.02995, 46.139512], [6.029907, 46.139566], [6.029834, 46.139614], [6.029653, 46.139614], [6.029407, 46.1395], [6.029291, 46.139377], [6.029208, 46.139356], [6.029037, 46.139377], [6.0289, 46.139499], [6.028857, 46.139597], [6.028811, 46.139657], [6.028626, 46.139759], [6.028551, 46.139786], [6.028469, 46.139766], [6.02838, 46.139703], [6.028276, 46.139708], [6.028226, 46.139735], [6.028308, 46.140124], [6.028341, 46.140155], [6.028403, 46.140166], [6.02849, 46.140208], [6.028522, 46.140315], [6.028504, 46.140373], [6.028452, 46.140437], [6.028297, 46.140445], [6.028031, 46.140385], [6.027959, 46.140273], [6.027877, 46.140203], [6.027695, 46.140137], [6.027293, 46.140033], [6.026857, 46.140083], [6.026438, 46.140084], [6.026235, 46.140107], [6.026185, 46.140121], [6.025855, 46.140302], [6.025753, 46.140327], [6.025566, 46.140337], [6.025247, 46.140411], [6.024531, 46.1404], [6.024358, 46.140377], [6.023959, 46.140371], [6.023902, 46.140382], [6.023824, 46.140429], [6.023762, 46.140551], [6.023901, 46.140637], [6.024, 46.140802], [6.024163, 46.140944], [6.024278, 46.140968], [6.024342, 46.141054], [6.024436, 46.141078], [6.024518, 46.141141], [6.024783, 46.141253], [6.024986, 46.141366], [6.025098, 46.141387], [6.02528, 46.141479], [6.025453, 46.141626], [6.025482, 46.141667], [6.025663, 46.141795], [6.02567, 46.141858], [6.025759, 46.142012], [6.025743, 46.142051], [6.025972, 46.142277], [6.026032, 46.142373], [6.026373, 46.142566], [6.026474, 46.142579], [6.026478, 46.142543], [6.026581, 46.142551], [6.026663, 46.14265], [6.026963, 46.142766], [6.027052, 46.142923], [6.027116, 46.143002], [6.027073, 46.143086], [6.027153, 46.143135], [6.027283, 46.143146], [6.027422, 46.143133], [6.027497, 46.143197], [6.027452, 46.143211], [6.028309, 46.143848], [6.029065, 46.14437], [6.029583, 46.144661], [6.03372, 46.146776], [6.036868, 46.148306], [6.036943, 46.148298], [6.03687, 46.148392], [6.036965, 46.148483], [6.036829, 46.148701], [6.036516, 46.149373], [6.036396, 46.149561], [6.036185, 46.14983], [6.038572, 46.151348], [6.039077, 46.150946], [6.039076, 46.150891], [6.039177, 46.150896], [6.039545, 46.151079], [6.040139, 46.151454], [6.040662, 46.151687], [6.040903, 46.151827], [6.04116, 46.152027], [6.041247, 46.152063], [6.04125, 46.152096], [6.041534, 46.152269], [6.042281, 46.152958], [6.043552, 46.152813], [6.044591, 46.152594], [6.044905, 46.152506], [6.045733, 46.152101], [6.046055, 46.151869], [6.046364, 46.151566], [6.047268, 46.150567], [6.047529, 46.150311], [6.048309, 46.149709], [6.048368, 46.149714], [6.049492, 46.151176]]]}, "properties": {"npa": 1286, "nom": "Soral", "lat": 46.148231, "lon": 6.047417}}, {"type": "Feature", "geometry": {"type": "Polygon", "coordinates": [[[6.076156, 46.169639], [6.076033, 46.169428], [6.076113, 46.169408], [6.076503, 46.169091], [6.075995, 46.168962], [6.076001, 46.169003], [6.075297, 46.169352], [6.074743, 46.169352], [6.074569, 46.169319], [6.074583, 46.169352], [6.074358, 46.169566], [6.075119, 46.169677], [6.07515, 46.169565], [6.075631, 46.169485], [6.075725, 46.169786], [6.075482, 46.169861], [6.075422, 46.169895], [6.075349, 46.169962], [6.075265, 46.170145], [6.075281, 46.170177], [6.075755, 46.17038], [6.076159, 46.170602], [6.076532, 46.170845], [6.076462, 46.170982], [6.076834, 46.171555], [6.076861, 46.171628], [6.076857, 46.171707], [6.076396, 46.172538], [6.076485, 46.172588], [6.076416, 46.172604], [6.07606, 46.173238], [6.075955, 46.173567], [6.075902, 46.173665], [6.075618, 46.173894], [6.075627, 46.173956], [6.077314, 46.174855], [6.07742, 46.174857], [6.079264, 46.17597], [6.079165, 46.176376], [6.079066, 46.176527], [6.078739, 46.176856], [6.07812, 46.177263], [6.078281, 46.177313], [6.078455, 46.177471], [6.078707, 46.177625], [6.079186, 46.177696], [6.079448, 46.177759], [6.079974, 46.177942], [6.080726, 46.178089], [6.081423, 46.178184], [6.081855, 46.178223], [6.083549, 46.178319], [6.084841, 46.178381], [6.086331, 46.178431], [6.086869, 46.178444], [6.087406, 46.178427], [6.08745, 46.178389], [6.087717, 46.178383], [6.087717, 46.178369], [6.087766, 46.178369], [6.087705, 46.178417], [6.088657, 46.178409], [6.088708, 46.178547], [6.088726, 46.179503], [6.088681, 46.17988], [6.088611, 46.180249], [6.088547, 46.180829], [6.088443, 46.18129], [6.088531, 46.181737], [6.088573, 46.182055], [6.088567, 46.182243], [6.08854, 46.182434], [6.088499, 46.182577], [6.088364, 46.182942], [6.088074, 46.183869], [6.088138, 46.183884], [6.087999, 46.184114], [6.087514, 46.184711], [6.087063, 46.185207], [6.086999, 46.185245], [6.086234, 46.186032], [6.08564, 46.186573], [6.085307, 46.186838], [6.085108, 46.186987], [6.084985, 46.187028], [6.084861, 46.187093], [6.084777, 46.18717], [6.084705, 46.187277], [6.084054, 46.188859], [6.083963, 46.189048], [6.08377, 46.18937], [6.083673, 46.189581], [6.083664, 46.189791], [6.083833, 46.190229], [6.08408, 46.190311], [6.084158, 46.190408], [6.084284, 46.190455], [6.084601, 46.19048], [6.084696, 46.190527], [6.08482, 46.190625], [6.084904, 46.190766], [6.085493, 46.191087], [6.085649, 46.191225], [6.085645, 46.191291], [6.08568, 46.191373], [6.085677, 46.191455], [6.085747, 46.191572], [6.08572, 46.191664], [6.085861, 46.191728], [6.08588, 46.19192], [6.085861, 46.191944], [6.08587, 46.192014], [6.085926, 46.192128], [6.086157, 46.192258], [6.086321, 46.192272], [6.086463, 46.192393], [6.086522, 46.192397], [6.08731, 46.191585], [6.088172, 46.190591], [6.088648, 46.190177], [6.088714, 46.189977], [6.090241, 46.18864], [6.090135, 46.188546], [6.090112, 46.188443], [6.090508, 46.187541], [6.090501, 46.187476], [6.09033, 46.187368], [6.090227, 46.187271], [6.090062, 46.186988], [6.089902, 46.186659], [6.089571, 46.186116], [6.089486, 46.186058], [6.089378, 46.185881], [6.089527, 46.185832], [6.089624, 46.185779], [6.089714, 46.18571], [6.089823, 46.185593], [6.09021, 46.185042], [6.090212, 46.184982], [6.090149, 46.18493], [6.090229, 46.184838], [6.09032, 46.184836], [6.090381, 46.184798], [6.09125, 46.183554], [6.091931, 46.183736], [6.092718, 46.182204], [6.092588, 46.182134], [6.092258, 46.181794], [6.092159, 46.181723], [6.091853, 46.181578], [6.092314, 46.181295], [6.092563, 46.181184], [6.093094, 46.181039], [6.093834, 46.180932], [6.094789, 46.18091], [6.094775, 46.180837], [6.094861, 46.180734], [6.09464, 46.180656], [6.093372, 46.180123], [6.093347, 46.179746], [6.093554, 46.17946], [6.09309, 46.179294], [6.093918, 46.177967], [6.094662, 46.178125], [6.094851, 46.177864], [6.09486, 46.177826], [6.095377, 46.177153], [6.095096, 46.177073], [6.095067, 46.177014], [6.095949, 46.175865], [6.096033, 46.175848], [6.096748, 46.176164], [6.097707, 46.17647], [6.097743, 46.176422], [6.097968, 46.176239], [6.098124, 46.176145], [6.099067, 46.175849], [6.099005, 46.175668], [6.098983, 46.175482], [6.099002, 46.175296], [6.099117, 46.174933], [6.099128, 46.174841], [6.099114, 46.174656], [6.09909, 46.174566], [6.099012, 46.174395], [6.098898, 46.17424], [6.098749, 46.174101], [6.098845, 46.17405], [6.098912, 46.173986], [6.099547, 46.17424], [6.099475, 46.173801], [6.099408, 46.173701], [6.099388, 46.173629], [6.09954, 46.173551], [6.099767, 46.173394], [6.100044, 46.173165], [6.100111, 46.173075], [6.100117, 46.173038], [6.100008, 46.17282], [6.099935, 46.172477], [6.099964, 46.172307], [6.101385, 46.171415], [6.102083, 46.170759], [6.100471, 46.170036], [6.101977, 46.168685], [6.102265, 46.168625], [6.102056, 46.16853], [6.097397, 46.165871], [6.095652, 46.167509], [6.091423, 46.165431], [6.088242, 46.163279], [6.086787, 46.164661], [6.087491, 46.165217], [6.08719, 46.165694], [6.086641, 46.166269], [6.086582, 46.16624], [6.086566, 46.166255], [6.086582, 46.166304], [6.085535, 46.167389], [6.085462, 46.167401], [6.085432, 46.167431], [6.082948, 46.166515], [6.082858, 46.166513], [6.082043, 46.166762], [6.08204, 46.166793], [6.081823, 46.166988], [6.081752, 46.167], [6.081522, 46.167261], [6.081119, 46.167559], [6.081087, 46.167615], [6.081096, 46.167669], [6.081242, 46.167897], [6.081244, 46.167951], [6.081183, 46.168023], [6.080856, 46.168236], [6.080854, 46.168283], [6.080702, 46.168227], [6.080333, 46.167985], [6.080268, 46.168003], [6.079465, 46.168595], [6.079413, 46.168709], [6.079349, 46.168705], [6.078056, 46.16968], [6.077756, 46.16948], [6.077461, 46.16932], [6.077089, 46.169192], [6.077068, 46.169234], [6.07711, 46.169293], [6.076967, 46.169367], [6.076156, 46.169639]]]}, "properties": {"npa": 1232, "nom": "Confignon", "lat": 46.174324, "lon": 6.08875}}, {"type": "Feature", "geometry": {"type": "Polygon", "coordinates": [[[6.049624, 46.157343], [6.048484, 46.156125], [6.05001, 46.154496], [6.049121, 46.153669], [6.049133, 46.153651], [6.048959, 46.153561], [6.049745, 46.15147], [6.049492, 46.151176], [6.048368, 46.149714], [6.048309, 46.149709], [6.047529, 46.150311], [6.047268, 46.150567], [6.046364, 46.151566], [6.046055, 46.151869], [6.045733, 46.152101], [6.044905, 46.152506], [6.044591, 46.152594], [6.043552, 46.152813], [6.042281, 46.152958], [6.041534, 46.152269], [6.04125, 46.152096], [6.041247, 46.152063], [6.04116, 46.152027], [6.040903, 46.151827], [6.040662, 46.151687], [6.040139, 46.151454], [6.039545, 46.151079], [6.039177, 46.150896], [6.039076, 46.150891], [6.039077, 46.150946], [6.038572, 46.151348], [6.036185, 46.14983], [6.036396, 46.149561], [6.036516, 46.149373], [6.036829, 46.148701], [6.036965, 46.148483], [6.03687, 46.148392], [6.036943, 46.148298], [6.036868, 46.148306], [6.035617, 46.147698], [6.035587, 46.147727], [6.035593, 46.147772], [6.033883, 46.148874], [6.033456, 46.149379], [6.029532, 46.15102], [6.028939, 46.150617], [6.02741, 46.151261], [6.027393, 46.15133], [6.027285, 46.151236], [6.027188, 46.15126], [6.026894, 46.151368], [6.026297, 46.151636], [6.025874, 46.151806], [6.025057, 46.152082], [6.023176, 46.152655], [6.021965, 46.152924], [6.021114, 46.153226], [6.020888, 46.153268], [6.020552, 46.153303], [6.01993, 46.153342], [6.018423, 46.153399], [6.018008, 46.153429], [6.017713, 46.153435], [6.017311, 46.153405], [6.016812, 46.153544], [6.01728, 46.15448], [6.017723, 46.155167], [6.017801, 46.155256], [6.018153, 46.155859], [6.018556, 46.156468], [6.018821, 46.156849], [6.019104, 46.157168], [6.019268, 46.15738], [6.019659, 46.158141], [6.020043, 46.159089], [6.020083, 46.159947], [6.019991, 46.160306], [6.019973, 46.16045], [6.01997, 46.16076], [6.020046, 46.160907], [6.02005, 46.161028], [6.021961, 46.162343], [6.022373, 46.162966], [6.022041, 46.163305], [6.021927, 46.163321], [6.021429, 46.163168], [6.021315, 46.163201], [6.021196, 46.163418], [6.020979, 46.163669], [6.020849, 46.163701], [6.020681, 46.163809], [6.021567, 46.164205], [6.023026, 46.164822], [6.024495, 46.16542], [6.029653, 46.167398], [6.03411, 46.16886], [6.035568, 46.169284], [6.036401, 46.169593], [6.037027, 46.169905], [6.037928, 46.17044], [6.038052, 46.170522], [6.038275, 46.17074], [6.038512, 46.170521], [6.039305, 46.169934], [6.040014, 46.169432], [6.040545, 46.169096], [6.04257, 46.167419], [6.042603, 46.167354], [6.04287, 46.167122], [6.043123, 46.166957], [6.043181, 46.166933], [6.044075, 46.166208], [6.044195, 46.166147], [6.044762, 46.16478], [6.044912, 46.164638], [6.045428, 46.164292], [6.044845, 46.163957], [6.045191, 46.16333], [6.044936, 46.162788], [6.044875, 46.162625], [6.045226, 46.162289], [6.045553, 46.162075], [6.044004, 46.161517], [6.043995, 46.161462], [6.044081, 46.161405], [6.045188, 46.160493], [6.046248, 46.159713], [6.046296, 46.159658], [6.046362, 46.159629], [6.048255, 46.158245], [6.048306, 46.158173], [6.048367, 46.158171], [6.049521, 46.157433], [6.049624, 46.157343]]]}, "properties": {"npa": 1287, "nom": "Laconnex", "lat": 46.158877, "lon": 6.034099}}, {"type": "Feature", "geometry": {"type": "Polygon", "coordinates": [[[6.110233, 46.205624], [6.110236, 46.205506], [6.110328, 46.204971], [6.110415, 46.204589], [6.110531, 46.203928], [6.110659, 46.203761], [6.110823, 46.20283], [6.110115, 46.202764], [6.109791, 46.202714], [6.109315, 46.202579], [6.109115, 46.202496], [6.108549, 46.202183], [6.108069, 46.201881], [6.107128, 46.201151], [6.106899, 46.200953], [6.10674, 46.200778], [6.106321, 46.200183], [6.10601, 46.199805], [6.103835, 46.197829], [6.103143, 46.197176], [6.102357, 46.196364], [6.10106, 46.194906], [6.100525, 46.194345], [6.09946, 46.193383], [6.099227, 46.193215], [6.098977, 46.193059], [6.09843, 46.192787], [6.098083, 46.192658], [6.097722, 46.192549], [6.097348, 46.192463], [6.09593, 46.192259], [6.095293, 46.192195], [6.094652, 46.192165], [6.09401, 46.19217], [6.093327, 46.192212], [6.092651, 46.192292], [6.091988, 46.192411], [6.09134, 46.192566], [6.090712, 46.192758], [6.09011, 46.192985], [6.088838, 46.193509], [6.088431, 46.193709], [6.088072, 46.19395], [6.08777, 46.194226], [6.087533, 46.19453], [6.087132, 46.195178], [6.08706, 46.195347], [6.08701, 46.19552], [6.086981, 46.195695], [6.086975, 46.195871], [6.086991, 46.196047], [6.087028, 46.196222], [6.087088, 46.196393], [6.087169, 46.196561], [6.08727, 46.196722], [6.087392, 46.196877], [6.08769, 46.197163], [6.088055, 46.197407], [6.089788, 46.198228], [6.090003, 46.198348], [6.090188, 46.19849], [6.090336, 46.198652], [6.090444, 46.198828], [6.090482, 46.19892], [6.090526, 46.199109], [6.09053, 46.199205], [6.090385, 46.200386], [6.09036, 46.20077], [6.090382, 46.201155], [6.090452, 46.201537], [6.090594, 46.202118], [6.090689, 46.202461], [6.090805, 46.202801], [6.09233, 46.206274], [6.092426, 46.206464], [6.092675, 46.206828], [6.093597, 46.207961], [6.093696, 46.208129], [6.093772, 46.208302], [6.093823, 46.208469], [6.093852, 46.208639], [6.09386, 46.20881], [6.093847, 46.208981], [6.093812, 46.20915], [6.093757, 46.209317], [6.093681, 46.209479], [6.093585, 46.209637], [6.093103, 46.210222], [6.094047, 46.210711], [6.094571, 46.21077], [6.095265, 46.210874], [6.095839, 46.211067], [6.096348, 46.211319], [6.096802, 46.211629], [6.09703, 46.211945], [6.097131, 46.212184], [6.097126, 46.212378], [6.097187, 46.21252], [6.097335, 46.212596], [6.098352, 46.212867], [6.09899, 46.213206], [6.099565, 46.213379], [6.100067, 46.213751], [6.100583, 46.21423], [6.100931, 46.214625], [6.101351, 46.214854], [6.101455, 46.214773], [6.101763, 46.214991], [6.102099, 46.215301], [6.102352, 46.215638], [6.102482, 46.215955], [6.102483, 46.215926], [6.102544, 46.216242], [6.102537, 46.216529], [6.102203, 46.217232], [6.10199, 46.217506], [6.101527, 46.217854], [6.101011, 46.218135], [6.100522, 46.218444], [6.099992, 46.218696], [6.100174, 46.219206], [6.100532, 46.219972], [6.100902, 46.220921], [6.10121, 46.220837], [6.102038, 46.220556], [6.102873, 46.220388], [6.103551, 46.220201], [6.105313, 46.219791], [6.109782, 46.218572], [6.11063, 46.2184], [6.112348, 46.217907], [6.115813, 46.216966], [6.117295, 46.216533], [6.118651, 46.216403], [6.119254, 46.216208], [6.118786, 46.215974], [6.118432, 46.216027], [6.117892, 46.215168], [6.116275, 46.212945], [6.116313, 46.21287], [6.116086, 46.212562], [6.115859, 46.212284], [6.115512, 46.211918], [6.114866, 46.211293], [6.114809, 46.211304], [6.114714, 46.211102], [6.11467, 46.211077], [6.114627, 46.211078], [6.114913, 46.210952], [6.114731, 46.2107], [6.114616, 46.210709], [6.114523, 46.210663], [6.114145, 46.210257], [6.113638, 46.209757], [6.113541, 46.209612], [6.113495, 46.209626], [6.112876, 46.209033], [6.11247, 46.208621], [6.112286, 46.208375], [6.112041, 46.207959], [6.111162, 46.206702], [6.110987, 46.206497], [6.110619, 46.206006], [6.110439, 46.205951], [6.110316, 46.205848], [6.110266, 46.205766], [6.110233, 46.205624]]]}, "properties": {"npa": 1219, "nom": "Le Lignon", "lat": 46.206242, "lon": 6.101952}}, {"type": "Feature", "geometry": {"type": "Polygon", "coordinates": [[[6.139568, 46.167583], [6.139663, 46.167652], [6.140107, 46.167384], [6.14018, 46.167356], [6.140237, 46.167351], [6.14029, 46.167367], [6.139984, 46.167838], [6.139991, 46.167955], [6.140035, 46.16804], [6.14009, 46.1681], [6.140368, 46.168258], [6.140739, 46.168256], [6.140784, 46.168268], [6.140733, 46.167971], [6.140645, 46.167796], [6.14037, 46.167037], [6.139707, 46.164976], [6.139648, 46.164706], [6.139562, 46.16443], [6.139465, 46.164201], [6.139295, 46.163697], [6.139135, 46.16331], [6.139095, 46.163158], [6.138891, 46.161618], [6.138805, 46.161149], [6.138796, 46.16075], [6.138746, 46.160733], [6.138691, 46.160349], [6.138553, 46.159653], [6.138539, 46.159471], [6.138291, 46.15939], [6.137805, 46.158741], [6.137351, 46.158201], [6.135776, 46.156501], [6.134763, 46.156556], [6.134954, 46.156888], [6.134359, 46.157188], [6.133975, 46.157339], [6.134499, 46.15818], [6.133706, 46.158448], [6.133297, 46.157866], [6.131015, 46.158561], [6.131113, 46.158826], [6.130444, 46.158974], [6.129907, 46.158271], [6.130333, 46.158119], [6.131329, 46.157711], [6.132389, 46.157205], [6.132798, 46.156944], [6.133269, 46.156613], [6.134888, 46.155745], [6.134853, 46.155716], [6.134851, 46.155689], [6.133772, 46.154748], [6.133358, 46.154352], [6.132084, 46.154087], [6.130971, 46.153792], [6.130427, 46.153721], [6.130006, 46.153636], [6.129126, 46.153393], [6.129056, 46.153394], [6.128957, 46.153435], [6.128835, 46.153342], [6.127537, 46.153615], [6.127333, 46.153641], [6.126913, 46.153732], [6.126871, 46.153725], [6.12676, 46.153635], [6.126306, 46.153041], [6.126235, 46.152997], [6.125706, 46.152812], [6.125066, 46.152399], [6.124764, 46.152294], [6.124638, 46.152402], [6.124098, 46.15257], [6.123011, 46.152839], [6.122873, 46.152982], [6.119646, 46.153994], [6.117678, 46.154631], [6.117653, 46.154546], [6.11765, 46.154459], [6.117665, 46.154383], [6.117701, 46.15431], [6.116718, 46.154699], [6.115936, 46.155073], [6.115253, 46.155266], [6.114775, 46.155452], [6.114635, 46.155539], [6.114518, 46.155641], [6.114159, 46.156046], [6.113994, 46.15615], [6.113173, 46.156438], [6.113057, 46.156504], [6.112964, 46.156583], [6.112904, 46.156668], [6.112871, 46.156749], [6.112389, 46.156279], [6.109823, 46.157491], [6.109415, 46.157653], [6.108585, 46.158074], [6.108231, 46.158165], [6.107076, 46.158551], [6.10616, 46.158807], [6.106096, 46.158861], [6.106015, 46.158893], [6.105364, 46.158047], [6.10302, 46.154889], [6.102662, 46.155498], [6.10124, 46.156323], [6.101192, 46.156421], [6.101197, 46.156571], [6.101176, 46.156602], [6.100694, 46.156911], [6.100525, 46.156989], [6.100254, 46.157149], [6.099858, 46.157286], [6.099322, 46.157386], [6.098951, 46.157601], [6.098776, 46.15765], [6.098738, 46.157707], [6.098794, 46.157882], [6.098799, 46.157968], [6.098942, 46.158229], [6.099003, 46.158427], [6.099014, 46.158516], [6.099128, 46.158672], [6.099155, 46.158769], [6.099195, 46.15884], [6.099197, 46.158911], [6.099156, 46.159022], [6.099129, 46.159166], [6.099317, 46.15932], [6.0995, 46.159507], [6.100282, 46.160143], [6.100705, 46.160578], [6.101797, 46.161809], [6.102105, 46.162101], [6.102105, 46.162159], [6.101859, 46.162392], [6.100982, 46.162853], [6.099005, 46.164477], [6.097443, 46.165803], [6.097397, 46.165871], [6.102056, 46.16853], [6.102265, 46.168625], [6.101977, 46.168685], [6.100471, 46.170036], [6.102083, 46.170759], [6.101385, 46.171415], [6.099964, 46.172307], [6.099935, 46.172477], [6.100008, 46.17282], [6.100117, 46.173038], [6.100111, 46.173075], [6.100044, 46.173165], [6.099729, 46.173422], [6.099879, 46.173499], [6.09975, 46.173626], [6.099877, 46.173689], [6.100002, 46.173566], [6.101345, 46.174219], [6.103163, 46.175025], [6.102863, 46.175329], [6.105659, 46.175336], [6.106218, 46.175298], [6.107138, 46.175298], [6.107419, 46.175373], [6.107818, 46.175543], [6.108171, 46.175671], [6.109101, 46.175974], [6.109331, 46.176], [6.109935, 46.176013], [6.110449, 46.176072], [6.111197, 46.175322], [6.11284, 46.174192], [6.113051, 46.174379], [6.115063, 46.173023], [6.116542, 46.173851], [6.116701, 46.173924], [6.116866, 46.173967], [6.117158, 46.17401], [6.117384, 46.174018], [6.118396, 46.173976], [6.119177, 46.173979], [6.119419, 46.173997], [6.119849, 46.174062], [6.119946, 46.173967], [6.12008, 46.173891], [6.120231, 46.173841], [6.120302, 46.17374], [6.120317, 46.173652], [6.120286, 46.17352], [6.120248, 46.173475], [6.120257, 46.173399], [6.120237, 46.173344], [6.120415, 46.173283], [6.120573, 46.173149], [6.120568, 46.173039], [6.120668, 46.172881], [6.120655, 46.172833], [6.120605, 46.172804], [6.120602, 46.172786], [6.120672, 46.172745], [6.120663, 46.172718], [6.120729, 46.172597], [6.120759, 46.172596], [6.120804, 46.172554], [6.120841, 46.172542], [6.12094, 46.172564], [6.121111, 46.172546], [6.121265, 46.172483], [6.121348, 46.172434], [6.122767, 46.171841], [6.12346, 46.171508], [6.123866, 46.171286], [6.124107, 46.171442], [6.125872, 46.17231], [6.127576, 46.171195], [6.127735, 46.171231], [6.129899, 46.170262], [6.129881, 46.170245], [6.131276, 46.169816], [6.133577, 46.168951], [6.133707, 46.169463], [6.133995, 46.169935], [6.134202, 46.17016], [6.134581, 46.170505], [6.13507, 46.170907], [6.13555, 46.170565], [6.135712, 46.170766], [6.135762, 46.170738], [6.136248, 46.170297], [6.135921, 46.170117], [6.135843, 46.169998], [6.136057, 46.169815], [6.135768, 46.169606], [6.135668, 46.169577], [6.135344, 46.169277], [6.13525, 46.169155], [6.135203, 46.16904], [6.135118, 46.168909], [6.134483, 46.168023], [6.134714, 46.167944], [6.134801, 46.167931], [6.135021, 46.167951], [6.135616, 46.168042], [6.136268, 46.168093], [6.136637, 46.168098], [6.13682, 46.168132], [6.136937, 46.168174], [6.136873, 46.168178], [6.136678, 46.168287], [6.137018, 46.16858], [6.136909, 46.168735], [6.137566, 46.169303], [6.138704, 46.16832], [6.138666, 46.168247], [6.13838, 46.168], [6.138977, 46.167667], [6.138831, 46.167486], [6.139293, 46.167227], [6.139411, 46.167397], [6.139532, 46.167479], [6.139568, 46.167583]]]}, "properties": {"npa": 1228, "nom": "Plan-les-Ouates", "lat": 46.164147, "lon": 6.11853}}, {"type": "Feature", "geometry": {"type": "Polygon", "coordinates": [[[6.139663, 46.167652], [6.139568, 46.167583], [6.139532, 46.167479], [6.139411, 46.167397], [6.139293, 46.167227], [6.138831, 46.167486], [6.138977, 46.167667], [6.13838, 46.168], [6.138666, 46.168247], [6.138704, 46.16832], [6.137566, 46.169303], [6.136909, 46.168735], [6.13702, 46.168581], [6.136678, 46.168287], [6.136873, 46.168178], [6.136937, 46.168174], [6.13682, 46.168132], [6.136637, 46.168098], [6.136268, 46.168093], [6.135616, 46.168042], [6.135021, 46.167951], [6.134801, 46.167931], [6.134714, 46.167944], [6.134483, 46.168023], [6.135118, 46.168909], [6.135203, 46.16904], [6.13525, 46.169155], [6.135344, 46.169277], [6.135668, 46.169577], [6.135768, 46.169606], [6.136057, 46.169815], [6.135843, 46.169998], [6.135921, 46.170117], [6.136248, 46.170297], [6.135762, 46.170738], [6.135712, 46.170766], [6.13555, 46.170565], [6.13507, 46.170907], [6.134581, 46.170505], [6.134202, 46.17016], [6.133995, 46.169935], [6.133707, 46.169463], [6.133577, 46.168951], [6.131276, 46.169816], [6.129881, 46.170245], [6.129899, 46.170262], [6.127735, 46.171231], [6.127576, 46.171195], [6.125872, 46.17231], [6.124107, 46.171442], [6.123866, 46.171286], [6.12346, 46.171508], [6.122767, 46.171841], [6.121348, 46.172434], [6.121265, 46.172483], [6.121111, 46.172546], [6.12094, 46.172564], [6.120841, 46.172542], [6.120804, 46.172554], [6.120759, 46.172596], [6.120729, 46.172597], [6.120663, 46.172718], [6.120672, 46.172745], [6.120602, 46.172786], [6.120605, 46.172804], [6.120655, 46.172833], [6.120668, 46.172881], [6.120568, 46.173039], [6.120573, 46.173149], [6.120415, 46.173283], [6.120237, 46.173344], [6.120257, 46.173399], [6.120248, 46.173475], [6.120286, 46.17352], [6.120317, 46.173652], [6.120302, 46.17374], [6.120231, 46.173841], [6.12008, 46.173891], [6.119946, 46.173967], [6.119849, 46.174062], [6.119419, 46.173997], [6.119177, 46.173979], [6.118396, 46.173976], [6.117384, 46.174018], [6.117158, 46.17401], [6.116866, 46.173967], [6.116701, 46.173924], [6.116542, 46.173851], [6.115063, 46.173023], [6.113051, 46.174379], [6.11284, 46.174192], [6.111197, 46.175322], [6.110449, 46.176072], [6.109935, 46.176013], [6.109331, 46.176], [6.109101, 46.175974], [6.108171, 46.175671], [6.107818, 46.175543], [6.107419, 46.175373], [6.107138, 46.175298], [6.106218, 46.175298], [6.105659, 46.175336], [6.102863, 46.175329], [6.103163, 46.175025], [6.101345, 46.174219], [6.100002, 46.173566], [6.099877, 46.173689], [6.09975, 46.173626], [6.099879, 46.173499], [6.099729, 46.173422], [6.09954, 46.173551], [6.099388, 46.173629], [6.099408, 46.173701], [6.099475, 46.173801], [6.099547, 46.17424], [6.098912, 46.173986], [6.098845, 46.17405], [6.098749, 46.174101], [6.098898, 46.17424], [6.099012, 46.174395], [6.09909, 46.174566], [6.099114, 46.174656], [6.099128, 46.174841], [6.099117, 46.174933], [6.099027, 46.175204], [6.098988, 46.175389], [6.098989, 46.175575], [6.099005, 46.175668], [6.099067, 46.175849], [6.099089, 46.175978], [6.099282, 46.176193], [6.099485, 46.176351], [6.099747, 46.176474], [6.100149, 46.1766], [6.100462, 46.176672], [6.100734, 46.176704], [6.101454, 46.176702], [6.101718, 46.176734], [6.101957, 46.176788], [6.102155, 46.176802], [6.102165, 46.176733], [6.1024, 46.176609], [6.102424, 46.176294], [6.102477, 46.176145], [6.102473, 46.175996], [6.102517, 46.175893], [6.102628, 46.175756], [6.102754, 46.175671], [6.102953, 46.175651], [6.10344, 46.175674], [6.103747, 46.175654], [6.104012, 46.175657], [6.104201, 46.175705], [6.104454, 46.175817], [6.104626, 46.175923], [6.104725, 46.176251], [6.104953, 46.176421], [6.105032, 46.176571], [6.105078, 46.176727], [6.105157, 46.176889], [6.105554, 46.177227], [6.105707, 46.177419], [6.105778, 46.177563], [6.10569, 46.177797], [6.105738, 46.177867], [6.105869, 46.177903], [6.106043, 46.177894], [6.106234, 46.177844], [6.106343, 46.177782], [6.106421, 46.177662], [6.106757, 46.177459], [6.107318, 46.177173], [6.10751, 46.177101], [6.107841, 46.177076], [6.107973, 46.177124], [6.108086, 46.177205], [6.108297, 46.177403], [6.108437, 46.177422], [6.108594, 46.177413], [6.108794, 46.177352], [6.109538, 46.177073], [6.109927, 46.177032], [6.110094, 46.176982], [6.110336, 46.176899], [6.110449, 46.176818], [6.110479, 46.176835], [6.110609, 46.176749], [6.110766, 46.176703], [6.110828, 46.176741], [6.110954, 46.176917], [6.110914, 46.176998], [6.110882, 46.177338], [6.110977, 46.177429], [6.111148, 46.17741], [6.111287, 46.177342], [6.111481, 46.177321], [6.111617, 46.177377], [6.111749, 46.177487], [6.11178, 46.177706], [6.111878, 46.177789], [6.11199, 46.177826], [6.112197, 46.177806], [6.112316, 46.177814], [6.112305, 46.177846], [6.111803, 46.178376], [6.111537, 46.17825], [6.111184, 46.178597], [6.110884, 46.178921], [6.110805, 46.178888], [6.110415, 46.179317], [6.110166, 46.179224], [6.110009, 46.179418], [6.109734, 46.179817], [6.109831, 46.17991], [6.110396, 46.179987], [6.110201, 46.180344], [6.109893, 46.181002], [6.109835, 46.181256], [6.109724, 46.181913], [6.109787, 46.182002], [6.109815, 46.182348], [6.109907, 46.182566], [6.110215, 46.183097], [6.110732, 46.183387], [6.110469, 46.183583], [6.110842, 46.183839], [6.111138, 46.184008], [6.111532, 46.183934], [6.111828, 46.183793], [6.112304, 46.183692], [6.113127, 46.183836], [6.11344, 46.18395], [6.113541, 46.184024], [6.114061, 46.184124], [6.114598, 46.184047], [6.115242, 46.1845], [6.115752, 46.184491], [6.11627, 46.184374], [6.116622, 46.184197], [6.116779, 46.18408], [6.117639, 46.184209], [6.119344, 46.184878], [6.119722, 46.184992], [6.120767, 46.185234], [6.120987, 46.185352], [6.121166, 46.185498], [6.121212, 46.185625], [6.121192, 46.185768], [6.120902, 46.186127], [6.120699, 46.186308], [6.120563, 46.186473], [6.120467, 46.186668], [6.12043, 46.186834], [6.120476, 46.186978], [6.120572, 46.18714], [6.120913, 46.187437], [6.121108, 46.187578], [6.121378, 46.187678], [6.121617, 46.187733], [6.121923, 46.187719], [6.122198, 46.187665], [6.122706, 46.187533], [6.122947, 46.18749], [6.1236, 46.187532], [6.124969, 46.187428], [6.124968, 46.187489], [6.126325, 46.187503], [6.127642, 46.1876], [6.127635, 46.187381], [6.127678, 46.187151], [6.127692, 46.187152], [6.127845, 46.186327], [6.128016, 46.186347], [6.128162, 46.185523], [6.128257, 46.184461], [6.12844, 46.181043], [6.129035, 46.181057], [6.129052, 46.180999], [6.129101, 46.180958], [6.129151, 46.180952], [6.129223, 46.18097], [6.130795, 46.181983], [6.130855, 46.182008], [6.131131, 46.182023], [6.131118, 46.181776], [6.131189, 46.181776], [6.131255, 46.180465], [6.1312, 46.180016], [6.131222, 46.178918], [6.13118, 46.178661], [6.131124, 46.178508], [6.131228, 46.178489], [6.131249, 46.177817], [6.131223, 46.177631], [6.131182, 46.177487], [6.131273, 46.17749], [6.131278, 46.177351], [6.131249, 46.177145], [6.131351, 46.17721], [6.131361, 46.1769], [6.131323, 46.176631], [6.131226, 46.176369], [6.131129, 46.176201], [6.13094, 46.175967], [6.130702, 46.175756], [6.130416, 46.175571], [6.130003, 46.175384], [6.129994, 46.175393], [6.129626, 46.175307], [6.129465, 46.175289], [6.129632, 46.174825], [6.129889, 46.174675], [6.130113, 46.174505], [6.130874, 46.174988], [6.132434, 46.176015], [6.132899, 46.176288], [6.133093, 46.176423], [6.133285, 46.176272], [6.133551, 46.176003], [6.133695, 46.175826], [6.134502, 46.175067], [6.134677, 46.174833], [6.134716, 46.174728], [6.134722, 46.174591], [6.13475, 46.174509], [6.134747, 46.174468], [6.134861, 46.174305], [6.134875, 46.174174], [6.13493, 46.17409], [6.135018, 46.17401], [6.135052, 46.173956], [6.135067, 46.173904], [6.135031, 46.173795], [6.135074, 46.173759], [6.135362, 46.17377], [6.13578, 46.173729], [6.135853, 46.17371], [6.136205, 46.173549], [6.13661, 46.173338], [6.136764, 46.173306], [6.137027, 46.173183], [6.137065, 46.173129], [6.137064, 46.17307], [6.136971, 46.17288], [6.13698, 46.172689], [6.136944, 46.172632], [6.136827, 46.172554], [6.136796, 46.17251], [6.136812, 46.172464], [6.136914, 46.172342], [6.136926, 46.17229], [6.137022, 46.172258], [6.137096, 46.172253], [6.137179, 46.172219], [6.137303, 46.172142], [6.137414, 46.172028], [6.137603, 46.171784], [6.137734, 46.171552], [6.13783, 46.171457], [6.137948, 46.171291], [6.137992, 46.171185], [6.137988, 46.171023], [6.138037, 46.170808], [6.138045, 46.17068], [6.138099, 46.170548], [6.13803, 46.170325], [6.138039, 46.170293], [6.138118, 46.17022], [6.138396, 46.17008], [6.138647, 46.16989], [6.13885, 46.169808], [6.138862, 46.169744], [6.138725, 46.169697], [6.138606, 46.1697], [6.138433, 46.169606], [6.138327, 46.169484], [6.138212, 46.16942], [6.138146, 46.169313], [6.138158, 46.169243], [6.13833, 46.169166], [6.138434, 46.16909], [6.138533, 46.169067], [6.138718, 46.169069], [6.138906, 46.169025], [6.138946, 46.168971], [6.138944, 46.168883], [6.138913, 46.168786], [6.138915, 46.168683], [6.138934, 46.168652], [6.139005, 46.168601], [6.139263, 46.168595], [6.139355, 46.168574], [6.139419, 46.168526], [6.139445, 46.168439], [6.13961, 46.168352], [6.139667, 46.168302], [6.139703, 46.16822], [6.139686, 46.168131], [6.139785, 46.16813], [6.139839, 46.168158], [6.139935, 46.168248], [6.139974, 46.168317], [6.140033, 46.168334], [6.140174, 46.168314], [6.140368, 46.168258], [6.14009, 46.1681], [6.140035, 46.16804], [6.139991, 46.167955], [6.139984, 46.167838], [6.14029, 46.167367], [6.140237, 46.167351], [6.14018, 46.167356], [6.140107, 46.167384], [6.139663, 46.167652]]]}, "properties": {"npa": 1212, "nom": "Grand-Lancy", "lat": 46.177935, "lon": 6.12205}}, {"type": "Feature", "geometry": {"type": "Polygon", "coordinates": [[[6.145955, 46.274799], [6.141161, 46.272237], [6.141176, 46.272314], [6.137387, 46.270278], [6.140382, 46.274829], [6.140344, 46.27498], [6.138463, 46.275229], [6.138725, 46.275715], [6.136375, 46.27651], [6.133839, 46.277993], [6.13437, 46.278573], [6.134732, 46.279136], [6.13548, 46.28007], [6.136267, 46.280423], [6.137173, 46.279621], [6.137252, 46.279457], [6.137537, 46.279582], [6.137604, 46.279753], [6.137949, 46.280165], [6.138125, 46.280164], [6.138374, 46.280387], [6.13792, 46.280535], [6.137693, 46.280796], [6.137521, 46.280797], [6.137141, 46.281162], [6.136838, 46.28133], [6.136457, 46.280878], [6.136248, 46.280763], [6.136189, 46.280751], [6.136014, 46.280647], [6.135825, 46.280633], [6.135713, 46.280721], [6.135671, 46.280866], [6.135583, 46.280952], [6.135488, 46.280989], [6.135394, 46.281001], [6.135097, 46.280906], [6.134942, 46.280939], [6.134797, 46.281069], [6.134758, 46.281144], [6.134717, 46.281324], [6.13468, 46.281379], [6.134605, 46.281446], [6.134523, 46.28149], [6.134385, 46.281533], [6.133797, 46.281563], [6.133673, 46.281585], [6.133539, 46.281632], [6.133277, 46.281842], [6.133165, 46.281863], [6.133086, 46.281833], [6.132984, 46.281767], [6.132896, 46.281671], [6.13274, 46.281369], [6.132757, 46.281301], [6.132568, 46.281123], [6.132478, 46.281111], [6.132294, 46.281141], [6.132207, 46.281173], [6.132059, 46.281272], [6.131927, 46.28132], [6.131774, 46.281532], [6.131724, 46.281699], [6.131731, 46.281905], [6.131703, 46.282133], [6.131655, 46.282301], [6.131628, 46.282483], [6.131564, 46.282641], [6.131463, 46.282824], [6.131278, 46.28304], [6.130568, 46.282891], [6.130115, 46.282973], [6.129709, 46.282924], [6.129352, 46.283038], [6.127744, 46.283974], [6.127852, 46.284602], [6.128315, 46.284855], [6.128816, 46.284931], [6.12931, 46.284844], [6.129461, 46.285039], [6.130112, 46.284931], [6.130399, 46.284609], [6.13062, 46.284696], [6.130075, 46.285093], [6.129582, 46.285149], [6.128724, 46.285503], [6.128797, 46.285713], [6.129656, 46.286699], [6.129056, 46.287498], [6.129545, 46.287604], [6.129516, 46.287875], [6.129455, 46.288068], [6.129328, 46.288252], [6.130067, 46.28864], [6.131736, 46.287095], [6.132098, 46.287074], [6.132202, 46.287205], [6.132259, 46.287362], [6.132144, 46.287404], [6.132169, 46.2875], [6.132237, 46.287558], [6.132459, 46.287609], [6.132494, 46.287691], [6.132457, 46.287802], [6.132527, 46.28786], [6.132665, 46.287872], [6.132713, 46.287799], [6.1328, 46.287796], [6.132954, 46.287841], [6.133, 46.287908], [6.132996, 46.287968], [6.133078, 46.288076], [6.133153, 46.288122], [6.133328, 46.288175], [6.133449, 46.288154], [6.133764, 46.288151], [6.133796, 46.288186], [6.133815, 46.288306], [6.133805, 46.288405], [6.13372, 46.288505], [6.133737, 46.288562], [6.133796, 46.288601], [6.133833, 46.288588], [6.133886, 46.288619], [6.133894, 46.288674], [6.133874, 46.288694], [6.133782, 46.288688], [6.133745, 46.288729], [6.133729, 46.288856], [6.133777, 46.288892], [6.133759, 46.288924], [6.133684, 46.288972], [6.133723, 46.289017], [6.133802, 46.289023], [6.133866, 46.289124], [6.133849, 46.289177], [6.133775, 46.28918], [6.133745, 46.289146], [6.133723, 46.289145], [6.13367, 46.289202], [6.133697, 46.289235], [6.133675, 46.289279], [6.133535, 46.289393], [6.133407, 46.289459], [6.133543, 46.28952], [6.133516, 46.289542], [6.133446, 46.289556], [6.133381, 46.28962], [6.133383, 46.289674], [6.133471, 46.289727], [6.133564, 46.289745], [6.133596, 46.289817], [6.133488, 46.289927], [6.133399, 46.289936], [6.133399, 46.290068], [6.133353, 46.290084], [6.133244, 46.29005], [6.133212, 46.290112], [6.133255, 46.290233], [6.133305, 46.290291], [6.133324, 46.290386], [6.133232, 46.290481], [6.133151, 46.290609], [6.133058, 46.290611], [6.133096, 46.290716], [6.133248, 46.290801], [6.133264, 46.290853], [6.133219, 46.290875], [6.133043, 46.290899], [6.132947, 46.290857], [6.132875, 46.29089], [6.132865, 46.291028], [6.132916, 46.291036], [6.132999, 46.291118], [6.133018, 46.291176], [6.132978, 46.291251], [6.133024, 46.291327], [6.13317, 46.29134], [6.133196, 46.291415], [6.126056, 46.294632], [6.121701, 46.297083], [6.120477, 46.297443], [6.120324, 46.297589], [6.120148, 46.297664], [6.119928, 46.29788], [6.120007, 46.298133], [6.120166, 46.298206], [6.120399, 46.298353], [6.120929, 46.298585], [6.121065, 46.298611], [6.121349, 46.298775], [6.121547, 46.298923], [6.121704, 46.298991], [6.121751, 46.299037], [6.121792, 46.299113], [6.121784, 46.299469], [6.121769, 46.299564], [6.12179, 46.299664], [6.121731, 46.299901], [6.121541, 46.300286], [6.121461, 46.300412], [6.121399, 46.300571], [6.121351, 46.300759], [6.121295, 46.300833], [6.121256, 46.300854], [6.121106, 46.300867], [6.120868, 46.300826], [6.120236, 46.300813], [6.119972, 46.300979], [6.119841, 46.301166], [6.119655, 46.301335], [6.119525, 46.301407], [6.119115, 46.301853], [6.119059, 46.302012], [6.119018, 46.302261], [6.118977, 46.302402], [6.11877, 46.302804], [6.118794, 46.302953], [6.11887, 46.303124], [6.118971, 46.303228], [6.119181, 46.303376], [6.119297, 46.303433], [6.119709, 46.30357], [6.119951, 46.303628], [6.12002, 46.303686], [6.120037, 46.303733], [6.120008, 46.303842], [6.119957, 46.303887], [6.119803, 46.303911], [6.119696, 46.303894], [6.119615, 46.303946], [6.119544, 46.304031], [6.11956, 46.304189], [6.119837, 46.304494], [6.11995, 46.304573], [6.120109, 46.304636], [6.120249, 46.304772], [6.120277, 46.304836], [6.120292, 46.304954], [6.120258, 46.305155], [6.12019, 46.305198], [6.119974, 46.305286], [6.119867, 46.305296], [6.119642, 46.305269], [6.119524, 46.30535], [6.11947, 46.305468], [6.119444, 46.305584], [6.119513, 46.305734], [6.119688, 46.30588], [6.119921, 46.306037], [6.120107, 46.306044], [6.120404, 46.305977], [6.120576, 46.30606], [6.120628, 46.306149], [6.120614, 46.306183], [6.120662, 46.306273], [6.12067, 46.306405], [6.120649, 46.306467], [6.120651, 46.306647], [6.120761, 46.30677], [6.120766, 46.306814], [6.120547, 46.3071], [6.120594, 46.307273], [6.120589, 46.307375], [6.120506, 46.307462], [6.120444, 46.307489], [6.120167, 46.307555], [6.11972, 46.307635], [6.119433, 46.307668], [6.11921, 46.307764], [6.119191, 46.307846], [6.119259, 46.307966], [6.119532, 46.308265], [6.119737, 46.308306], [6.11984, 46.308378], [6.119872, 46.308421], [6.119916, 46.308633], [6.119884, 46.308851], [6.119907, 46.309072], [6.119837, 46.309281], [6.119773, 46.309325], [6.119727, 46.309428], [6.119723, 46.309537], [6.119874, 46.309603], [6.120059, 46.309595], [6.12019, 46.309628], [6.120222, 46.30966], [6.1202, 46.309725], [6.120095, 46.309821], [6.119876, 46.309886], [6.119901, 46.309975], [6.119908, 46.310115], [6.119879, 46.310213], [6.119781, 46.310313], [6.119577, 46.310378], [6.119546, 46.31042], [6.119544, 46.31049], [6.119824, 46.310583], [6.119884, 46.31063], [6.120041, 46.310819], [6.120083, 46.311073], [6.120054, 46.31132], [6.12001, 46.311417], [6.119996, 46.311558], [6.120057, 46.311646], [6.120114, 46.311823], [6.12033, 46.312044], [6.120343, 46.312153], [6.120287, 46.31221], [6.120084, 46.312265], [6.119891, 46.31234], [6.11982, 46.312405], [6.119793, 46.312487], [6.119825, 46.312564], [6.119999, 46.312765], [6.120135, 46.312882], [6.120436, 46.313009], [6.120476, 46.313069], [6.12047, 46.313123], [6.120389, 46.313187], [6.120357, 46.313296], [6.120483, 46.313327], [6.120754, 46.313326], [6.121038, 46.313144], [6.121172, 46.313167], [6.121436, 46.313292], [6.121706, 46.313503], [6.121713, 46.313541], [6.122009, 46.313754], [6.122008, 46.313821], [6.122117, 46.313978], [6.12243, 46.314118], [6.122738, 46.31421], [6.122865, 46.314274], [6.122902, 46.314311], [6.122759, 46.314582], [6.122731, 46.314663], [6.122774, 46.314753], [6.123705, 46.315208], [6.12398, 46.315393], [6.124111, 46.315526], [6.124257, 46.315728], [6.124289, 46.315796], [6.124315, 46.31592], [6.124281, 46.315988], [6.124188, 46.316078], [6.124232, 46.316224], [6.12423, 46.316309], [6.124144, 46.316355], [6.12411, 46.316508], [6.12429, 46.316823], [6.124334, 46.316983], [6.124239, 46.317158], [6.124229, 46.31723], [6.124339, 46.317278], [6.125046, 46.317389], [6.125241, 46.317391], [6.125356, 46.317342], [6.125457, 46.317319], [6.125603, 46.317321], [6.125743, 46.317358], [6.125789, 46.317467], [6.126656, 46.316976], [6.126449, 46.316814], [6.125937, 46.316208], [6.125939, 46.316179], [6.12598, 46.316152], [6.126377, 46.31601], [6.128516, 46.315395], [6.12879, 46.315294], [6.128139, 46.314536], [6.128108, 46.31447], [6.128125, 46.3144], [6.12818, 46.314342], [6.128926, 46.313848], [6.129168, 46.313669], [6.129746, 46.313154], [6.129863, 46.313157], [6.129961, 46.313116], [6.129757, 46.312867], [6.129901, 46.312817], [6.133695, 46.310512], [6.133717, 46.310405], [6.133804, 46.310365], [6.133581, 46.310127], [6.134685, 46.308889], [6.136067, 46.308027], [6.140777, 46.305409], [6.140605, 46.304872], [6.140737, 46.304736], [6.142035, 46.304276], [6.144445, 46.303374], [6.149563, 46.301423], [6.150629, 46.300985], [6.153381, 46.299159], [6.153915, 46.299712], [6.154747, 46.29964], [6.155608, 46.299596], [6.15626, 46.299712], [6.156728, 46.299771], [6.156973, 46.299747], [6.157582, 46.299598], [6.157998, 46.299386], [6.158246, 46.299219], [6.158839, 46.298948], [6.159203, 46.298817], [6.158833, 46.298154], [6.159608, 46.297723], [6.165304, 46.295765], [6.166925, 46.295234], [6.167191, 46.295173], [6.170296, 46.29478], [6.198743, 46.284429], [6.184009, 46.264971], [6.169343, 46.270309], [6.169019, 46.270363], [6.162264, 46.272549], [6.157532, 46.273841], [6.153693, 46.272594], [6.151253, 46.272897], [6.147569, 46.275457], [6.147239, 46.275369], [6.146908, 46.275245], [6.146526, 46.275078], [6.145955, 46.274799]]]}, "properties": {"npa": 1290, "nom": "Versoix", "lat": 46.287722, "lon": 6.155892}}, {"type": "Feature", "geometry": {"type": "Polygon", "coordinates": [[[6.212828, 46.254741], [6.21307, 46.255184], [6.21295, 46.256236], [6.21296, 46.256287], [6.213107, 46.256626], [6.21358, 46.257297], [6.213764, 46.257606], [6.212909, 46.257891], [6.212803, 46.257956], [6.211879, 46.258823], [6.211847, 46.258894], [6.211868, 46.259044], [6.212183, 46.259306], [6.212381, 46.259528], [6.212509, 46.259593], [6.212679, 46.25961], [6.214207, 46.259284], [6.214287, 46.259284], [6.214302, 46.259244], [6.215387, 46.258856], [6.215766, 46.258771], [6.216092, 46.259124], [6.216121, 46.259112], [6.217151, 46.260211], [6.219591, 46.259464], [6.219601, 46.259443], [6.219666, 46.259457], [6.219795, 46.259533], [6.219997, 46.259835], [6.220081, 46.26], [6.220192, 46.260315], [6.22113, 46.258268], [6.220999, 46.25808], [6.222133, 46.257268], [6.221793, 46.257054], [6.222828, 46.256583], [6.222626, 46.256294], [6.223574, 46.255833], [6.22355, 46.255816], [6.225763, 46.254998], [6.225078, 46.254036], [6.225436, 46.25396], [6.225905, 46.253919], [6.226475, 46.253943], [6.227163, 46.254024], [6.227504, 46.254021], [6.227756, 46.253993], [6.227922, 46.253935], [6.228057, 46.253868], [6.228139, 46.253803], [6.228106, 46.253786], [6.228195, 46.25364], [6.228018, 46.253398], [6.227452, 46.252902], [6.226946, 46.252549], [6.22663, 46.2521], [6.226414, 46.251845], [6.226339, 46.251662], [6.226244, 46.251534], [6.226114, 46.251279], [6.226011, 46.25103], [6.225998, 46.250943], [6.226007, 46.250815], [6.226049, 46.250684], [6.225974, 46.250559], [6.225882, 46.250458], [6.225624, 46.250301], [6.225444, 46.250143], [6.225259, 46.249904], [6.225248, 46.249826], [6.225262, 46.249659], [6.225226, 46.249625], [6.223874, 46.250157], [6.223754, 46.25022], [6.223433, 46.250548], [6.222661, 46.250891], [6.22204, 46.251065], [6.221993, 46.251029], [6.221987, 46.250992], [6.221791, 46.250651], [6.221597, 46.250363], [6.221413, 46.250168], [6.221385, 46.250178], [6.219026, 46.248189], [6.218889, 46.24827], [6.218665, 46.248069], [6.218283, 46.247678], [6.218156, 46.247332], [6.217999, 46.24713], [6.218019, 46.24708], [6.213494, 46.241647], [6.21353, 46.241536], [6.214925, 46.241011], [6.214946, 46.240964], [6.214259, 46.240135], [6.214689, 46.238271], [6.214505, 46.237467], [6.214195, 46.237219], [6.213577, 46.236778], [6.2131, 46.23719], [6.212191, 46.237127], [6.211689, 46.237066], [6.211297, 46.236987], [6.210103, 46.2366], [6.209747, 46.236441], [6.209799, 46.23638], [6.209076, 46.236078], [6.207979, 46.235662], [6.20785, 46.235589], [6.207671, 46.235598], [6.205396, 46.23548], [6.20511, 46.235403], [6.204848, 46.235286], [6.204557, 46.235193], [6.204194, 46.235103], [6.203102, 46.234077], [6.201701, 46.232881], [6.201363, 46.233125], [6.200169, 46.233844], [6.200053, 46.233929], [6.199033, 46.234503], [6.198399, 46.234827], [6.198249, 46.234938], [6.198029, 46.235135], [6.197335, 46.23579], [6.197166, 46.235904], [6.196696, 46.23617], [6.196057, 46.236474], [6.195833, 46.236503], [6.195665, 46.236467], [6.195442, 46.236486], [6.195276, 46.236454], [6.195171, 46.236463], [6.195067, 46.236499], [6.195073, 46.236514], [6.194958, 46.236537], [6.194834, 46.236589], [6.194673, 46.236609], [6.194655, 46.236593], [6.194513, 46.236654], [6.194437, 46.236663], [6.194374, 46.236694], [6.194298, 46.236775], [6.194138, 46.236827], [6.194075, 46.236874], [6.193778, 46.236932], [6.193389, 46.237185], [6.193346, 46.23723], [6.193255, 46.237276], [6.193162, 46.237363], [6.193115, 46.237448], [6.192784, 46.237622], [6.192637, 46.237755], [6.173165, 46.241237], [6.177193, 46.251682], [6.192597, 46.248432], [6.194162, 46.248207], [6.194429, 46.248268], [6.194582, 46.248128], [6.194657, 46.247666], [6.195817, 46.247745], [6.195856, 46.247341], [6.196528, 46.247383], [6.19657, 46.247245], [6.197249, 46.247194], [6.197282, 46.247498], [6.197038, 46.247506], [6.197094, 46.247907], [6.196964, 46.247909], [6.196902, 46.248241], [6.19708, 46.24827], [6.197149, 46.248312], [6.197517, 46.248361], [6.197497, 46.248126], [6.199095, 46.24752], [6.199757, 46.248285], [6.198022, 46.248987], [6.199653, 46.25059], [6.200628, 46.249851], [6.19954, 46.248775], [6.200769, 46.248182], [6.200661, 46.247841], [6.203401, 46.246587], [6.204123, 46.247202], [6.204263, 46.247381], [6.204332, 46.24764], [6.204358, 46.248118], [6.205564, 46.248746], [6.206814, 46.248111], [6.20726, 46.248548], [6.207868, 46.249212], [6.208689, 46.248988], [6.212828, 46.254741]]]}, "properties": {"npa": 1222, "nom": "Vésenaz", "lat": 46.2454, "lon": 6.200776}}, {"type": "Feature", "geometry": {"type": "Polygon", "coordinates": [[[6.142404, 46.149904], [6.142463, 46.149874], [6.142863, 46.149558], [6.144031, 46.148997], [6.144638, 46.148457], [6.144761, 46.148383], [6.145092, 46.1484], [6.145124, 46.148387], [6.145328, 46.148154], [6.145355, 46.148101], [6.145306, 46.147858], [6.145323, 46.147787], [6.145391, 46.147661], [6.145504, 46.147551], [6.145938, 46.147317], [6.145929, 46.147303], [6.146289, 46.14715], [6.146303, 46.147167], [6.147258, 46.146676], [6.144882, 46.14495], [6.143886, 46.145489], [6.143806, 46.145377], [6.142689, 46.145859], [6.142641, 46.145962], [6.142607, 46.146143], [6.142539, 46.14632], [6.14253, 46.146419], [6.142473, 46.146617], [6.142394, 46.146763], [6.142432, 46.146787], [6.142135, 46.146976], [6.142054, 46.147044], [6.141894, 46.147226], [6.141823, 46.147178], [6.141777, 46.147117], [6.141693, 46.146791], [6.141696, 46.146722], [6.141784, 46.146587], [6.141775, 46.146524], [6.141706, 46.146428], [6.141501, 46.146272], [6.141402, 46.146121], [6.14141, 46.145983], [6.141524, 46.145765], [6.141552, 46.145578], [6.141497, 46.145492], [6.141399, 46.145415], [6.141228, 46.145331], [6.14113, 46.145309], [6.140952, 46.145234], [6.140804, 46.145107], [6.140672, 46.144874], [6.140628, 46.144838], [6.140419, 46.144773], [6.140338, 46.144726], [6.140159, 46.144683], [6.139872, 46.14458], [6.139781, 46.144524], [6.139322, 46.144425], [6.138597, 46.143998], [6.138398, 46.143862], [6.138122, 46.143719], [6.137955, 46.143599], [6.137749, 46.143522], [6.137666, 46.14344], [6.137453, 46.143335], [6.137098, 46.143084], [6.136877, 46.142969], [6.136801, 46.142893], [6.136751, 46.142771], [6.136701, 46.142731], [6.136602, 46.142562], [6.136566, 46.14244], [6.136433, 46.14236], [6.136388, 46.142305], [6.136379, 46.14227], [6.136411, 46.141968], [6.136453, 46.141761], [6.13644, 46.141589], [6.132863, 46.14085], [6.13209, 46.141496], [6.131193, 46.140645], [6.130542, 46.140406], [6.129792, 46.14033], [6.128148, 46.140318], [6.126595, 46.140533], [6.126558, 46.140523], [6.12654, 46.140557], [6.126457, 46.140616], [6.126023, 46.140858], [6.125581, 46.141062], [6.125131, 46.141359], [6.124923, 46.141417], [6.124145, 46.141733], [6.123957, 46.141836], [6.123598, 46.141911], [6.123307, 46.142058], [6.123099, 46.14211], [6.122929, 46.142127], [6.121456, 46.142512], [6.121115, 46.142561], [6.12016, 46.142757], [6.119994, 46.142758], [6.119811, 46.142684], [6.119621, 46.142637], [6.11932, 46.142624], [6.1186, 46.14268], [6.118263, 46.142735], [6.116841, 46.142805], [6.116376, 46.142879], [6.116009, 46.142914], [6.115682, 46.142914], [6.115363, 46.142975], [6.114793, 46.143003], [6.114264, 46.143082], [6.11398, 46.142973], [6.113556, 46.142934], [6.113184, 46.142924], [6.112498, 46.142845], [6.111896, 46.14284], [6.111407, 46.142807], [6.111217, 46.142828], [6.110786, 46.142816], [6.110452, 46.142784], [6.110325, 46.142787], [6.110263, 46.142809], [6.11017, 46.142877], [6.109858, 46.14321], [6.10977, 46.143275], [6.109661, 46.143316], [6.109424, 46.143509], [6.108762, 46.143225], [6.108607, 46.143186], [6.108453, 46.143092], [6.108372, 46.143062], [6.107732, 46.142914], [6.107416, 46.143121], [6.106412, 46.143654], [6.106392, 46.143681], [6.106361, 46.14401], [6.106331, 46.144039], [6.10607, 46.144058], [6.105574, 46.144064], [6.105229, 46.144103], [6.104978, 46.144158], [6.104805, 46.144166], [6.104625, 46.14422], [6.104506, 46.144233], [6.104419, 46.144214], [6.104297, 46.144159], [6.103895, 46.144263], [6.103737, 46.144257], [6.10333, 46.14428], [6.103047, 46.144318], [6.102907, 46.144299], [6.102654, 46.144205], [6.102336, 46.1442], [6.101987, 46.144166], [6.101735, 46.14418], [6.101533, 46.144233], [6.101422, 46.144231], [6.101301, 46.144219], [6.101158, 46.144178], [6.100628, 46.14419], [6.100288, 46.144118], [6.099271, 46.144084], [6.099095, 46.144039], [6.098944, 46.143942], [6.098699, 46.143881], [6.09862, 46.143838], [6.098494, 46.14382], [6.095791, 46.148269], [6.094949, 46.149116], [6.094533, 46.149356], [6.094728, 46.149724], [6.094932, 46.150402], [6.095257, 46.15066], [6.095608, 46.150772], [6.09635, 46.150757], [6.096963, 46.150565], [6.098045, 46.149906], [6.098552, 46.150424], [6.099009, 46.151088], [6.099403, 46.151599], [6.099917, 46.152017], [6.101099, 46.152831], [6.102176, 46.153785], [6.101593, 46.154095], [6.100087, 46.15393], [6.099016, 46.153833], [6.099632, 46.154439], [6.101192, 46.156421], [6.10124, 46.156323], [6.102662, 46.155498], [6.10302, 46.154889], [6.105364, 46.158047], [6.106015, 46.158893], [6.106096, 46.158861], [6.10616, 46.158807], [6.107076, 46.158551], [6.108231, 46.158165], [6.108585, 46.158074], [6.109415, 46.157653], [6.109823, 46.157491], [6.112389, 46.156279], [6.112871, 46.156749], [6.112904, 46.156668], [6.112964, 46.156583], [6.113057, 46.156504], [6.113173, 46.156438], [6.113994, 46.15615], [6.114159, 46.156046], [6.114518, 46.155641], [6.114635, 46.155539], [6.114775, 46.155452], [6.115253, 46.155266], [6.115936, 46.155073], [6.116718, 46.154699], [6.117701, 46.15431], [6.117665, 46.154383], [6.11765, 46.154459], [6.117653, 46.154546], [6.117678, 46.154631], [6.119646, 46.153994], [6.122873, 46.152982], [6.123011, 46.152839], [6.124098, 46.15257], [6.124638, 46.152402], [6.124764, 46.152294], [6.125066, 46.152399], [6.125706, 46.152812], [6.126235, 46.152997], [6.126306, 46.153041], [6.12676, 46.153635], [6.126871, 46.153725], [6.126913, 46.153732], [6.127333, 46.153641], [6.127537, 46.153615], [6.128835, 46.153342], [6.128957, 46.153435], [6.129056, 46.153394], [6.129126, 46.153393], [6.130006, 46.153636], [6.130427, 46.153721], [6.130971, 46.153792], [6.132084, 46.154087], [6.133358, 46.154352], [6.133772, 46.154748], [6.134851, 46.155689], [6.134853, 46.155716], [6.134888, 46.155745], [6.133269, 46.156613], [6.132798, 46.156944], [6.132389, 46.157205], [6.131329, 46.157711], [6.130333, 46.158119], [6.129907, 46.158271], [6.130444, 46.158974], [6.131113, 46.158826], [6.131015, 46.158561], [6.133297, 46.157866], [6.133706, 46.158448], [6.134499, 46.15818], [6.133975, 46.157339], [6.134359, 46.157188], [6.134954, 46.156888], [6.134763, 46.156556], [6.135776, 46.156501], [6.137351, 46.158201], [6.137805, 46.158741], [6.138291, 46.15939], [6.138539, 46.159471], [6.138556, 46.159207], [6.13861, 46.158915], [6.138646, 46.158836], [6.138725, 46.158668], [6.139311, 46.157784], [6.139614, 46.157243], [6.139692, 46.156919], [6.139698, 46.156825], [6.139804, 46.156731], [6.139819, 46.156596], [6.139678, 46.156484], [6.139613, 46.156393], [6.139262, 46.15492], [6.139195, 46.154973], [6.139136, 46.154479], [6.139145, 46.154065], [6.139202, 46.153467], [6.13919, 46.153274], [6.139039, 46.152599], [6.138955, 46.152049], [6.138628, 46.15126], [6.138425, 46.150831], [6.139592, 46.150639], [6.140223, 46.150502], [6.140323, 46.15047], [6.140755, 46.150263], [6.141432, 46.149978], [6.141808, 46.149855], [6.142036, 46.149862], [6.142404, 46.149904]]]}, "properties": {"npa": 1257, "nom": "La Croix-de-Rozon", "lat": 46.148984, "lon": 6.120214}}, {"type": "Feature", "geometry": {"type": "Polygon", "coordinates": [[[6.148795, 46.168857], [6.149084, 46.168805], [6.149181, 46.168775], [6.149435, 46.168656], [6.14954, 46.168633], [6.149646, 46.168553], [6.149875, 46.168432], [6.150251, 46.16827], [6.150406, 46.168171], [6.150576, 46.168101], [6.150658, 46.168088], [6.150808, 46.167994], [6.151124, 46.167858], [6.151262, 46.167766], [6.151378, 46.167721], [6.15147, 46.167707], [6.151552, 46.167644], [6.151645, 46.167608], [6.151899, 46.167468], [6.151916, 46.167442], [6.1522, 46.16732], [6.152434, 46.167196], [6.152734, 46.167076], [6.152947, 46.166942], [6.153547, 46.166649], [6.153637, 46.166618], [6.153961, 46.166432], [6.15418, 46.166332], [6.154717, 46.167088], [6.154807, 46.167098], [6.156194, 46.166122], [6.156438, 46.165983], [6.157417, 46.16578], [6.158356, 46.165417], [6.156818, 46.164011], [6.159639, 46.162136], [6.160066, 46.161893], [6.160192, 46.161889], [6.160201, 46.161806], [6.163519, 46.159597], [6.163604, 46.159553], [6.16371, 46.159548], [6.164534, 46.159695], [6.165136, 46.159778], [6.168257, 46.160142], [6.168271, 46.160089], [6.172884, 46.160625], [6.172941, 46.160607], [6.173665, 46.159745], [6.174473, 46.159013], [6.174461, 46.158982], [6.174521, 46.15896], [6.174705, 46.159021], [6.174777, 46.15901], [6.175393, 46.158384], [6.174222, 46.157806], [6.172305, 46.15737], [6.170726, 46.157191], [6.168566, 46.157163], [6.167127, 46.156626], [6.16384, 46.155357], [6.161356, 46.154487], [6.159666, 46.153867], [6.158062, 46.153366], [6.157647, 46.152778], [6.157346, 46.152659], [6.156687, 46.152566], [6.156419, 46.152555], [6.153888, 46.152214], [6.151306, 46.151158], [6.150844, 46.150923], [6.14972, 46.150461], [6.149412, 46.150267], [6.148642, 46.150089], [6.146289, 46.14715], [6.145929, 46.147303], [6.145938, 46.147317], [6.145504, 46.147551], [6.145424, 46.147622], [6.145341, 46.147744], [6.145306, 46.147858], [6.145355, 46.148101], [6.145328, 46.148154], [6.145124, 46.148387], [6.145092, 46.1484], [6.144761, 46.148383], [6.144638, 46.148457], [6.144031, 46.148997], [6.142863, 46.149558], [6.142463, 46.149874], [6.142404, 46.149904], [6.142036, 46.149862], [6.141808, 46.149855], [6.141432, 46.149978], [6.140755, 46.150263], [6.140323, 46.15047], [6.140223, 46.150502], [6.139592, 46.150639], [6.138425, 46.150831], [6.138628, 46.15126], [6.138955, 46.152049], [6.139039, 46.152599], [6.13919, 46.153274], [6.139202, 46.153467], [6.139145, 46.154065], [6.139136, 46.154479], [6.139195, 46.154973], [6.139262, 46.15492], [6.139613, 46.156393], [6.139678, 46.156484], [6.139819, 46.156596], [6.139804, 46.156731], [6.139698, 46.156825], [6.139692, 46.156919], [6.139614, 46.157243], [6.139311, 46.157784], [6.138725, 46.158668], [6.13861, 46.158915], [6.138543, 46.159295], [6.138553, 46.159653], [6.138691, 46.160349], [6.138746, 46.160733], [6.138796, 46.16075], [6.138805, 46.161149], [6.138891, 46.161618], [6.139095, 46.163158], [6.139135, 46.16331], [6.139295, 46.163697], [6.139465, 46.164201], [6.139562, 46.16443], [6.139648, 46.164706], [6.139707, 46.164976], [6.14037, 46.167037], [6.140645, 46.167796], [6.140733, 46.167971], [6.140784, 46.168268], [6.141114, 46.168304], [6.141252, 46.168335], [6.141341, 46.168494], [6.141353, 46.168608], [6.141372, 46.16865], [6.141458, 46.168674], [6.141542, 46.168641], [6.141592, 46.168546], [6.141624, 46.168386], [6.141741, 46.168296], [6.141803, 46.168281], [6.141944, 46.168297], [6.142043, 46.16833], [6.142109, 46.168395], [6.142336, 46.168417], [6.142569, 46.168503], [6.142802, 46.168542], [6.14288, 46.168591], [6.143115, 46.16858], [6.143325, 46.16853], [6.143428, 46.168571], [6.143578, 46.168568], [6.143735, 46.168597], [6.143984, 46.168551], [6.144143, 46.168582], [6.144273, 46.168676], [6.144551, 46.168766], [6.144752, 46.168768], [6.144848, 46.168727], [6.144916, 46.168734], [6.14505, 46.168698], [6.145429, 46.168735], [6.14561, 46.168738], [6.145692, 46.168708], [6.145775, 46.168705], [6.145901, 46.168747], [6.14619, 46.168717], [6.146369, 46.168722], [6.146422, 46.168699], [6.146453, 46.168635], [6.14649, 46.168618], [6.146522, 46.168626], [6.14656, 46.168672], [6.146551, 46.168686], [6.146648, 46.168673], [6.146794, 46.168622], [6.14694, 46.16863], [6.146984, 46.168607], [6.147012, 46.168542], [6.147069, 46.168526], [6.14721, 46.168536], [6.147368, 46.168572], [6.147432, 46.1686], [6.147476, 46.168666], [6.147529, 46.168698], [6.147721, 46.168746], [6.14782, 46.168804], [6.147869, 46.168814], [6.148064, 46.168787], [6.148182, 46.168792], [6.148413, 46.168834], [6.148795, 46.168857]]]}, "properties": {"npa": 1256, "nom": "Troinex", "lat": 46.158824, "lon": 6.151081}}, {"type": "Feature", "geometry": {"type": "Polygon", "coordinates": [[[6.187988, 46.169968], [6.188776, 46.166388], [6.188454, 46.166199], [6.187795, 46.16576], [6.185614, 46.164146], [6.185336, 46.163969], [6.183464, 46.162922], [6.179723, 46.161075], [6.178476, 46.160414], [6.177648, 46.159497], [6.175393, 46.158384], [6.174777, 46.15901], [6.174705, 46.159021], [6.174521, 46.15896], [6.174461, 46.158982], [6.174473, 46.159013], [6.173665, 46.159745], [6.172941, 46.160607], [6.172884, 46.160625], [6.168271, 46.160089], [6.168257, 46.160142], [6.165136, 46.159778], [6.164534, 46.159695], [6.16371, 46.159548], [6.163604, 46.159553], [6.163519, 46.159597], [6.160201, 46.161806], [6.160192, 46.161889], [6.160137, 46.161899], [6.162444, 46.164009], [6.164247, 46.165037], [6.165835, 46.165978], [6.169498, 46.168222], [6.170419, 46.169], [6.171675, 46.16873], [6.171939, 46.16973], [6.170711, 46.170392], [6.171219, 46.171706], [6.170728, 46.17192], [6.171668, 46.174642], [6.171759, 46.175715], [6.17239, 46.17585], [6.173257, 46.176092], [6.174271, 46.176455], [6.176032, 46.177158], [6.176708, 46.177458], [6.177244, 46.177772], [6.177967, 46.178676], [6.17838, 46.179037], [6.178816, 46.179293], [6.179448, 46.179537], [6.180227, 46.179634], [6.181583, 46.179429], [6.183544, 46.179321], [6.184882, 46.179127], [6.186181, 46.178319], [6.186702, 46.177671], [6.186072, 46.177386], [6.1863, 46.177141], [6.186451, 46.176607], [6.186419, 46.176202], [6.186239, 46.17539], [6.186354, 46.174833], [6.186443, 46.174671], [6.187027, 46.174011], [6.187988, 46.169968]]]}, "properties": {"npa": 1255, "nom": "Veyrier", "lat": 46.168378, "lon": 6.176894}}]}